ranking,university,country,total,SI,EC,WS,WR,TR,ED,year
1,Wageningen University & Research,Netherlands (),9150,1200,1800,1800,1000,1550,1800,2020
2,University of Oxford,United Kingdom (),8875,1200,1600,1800,1000,1550,1725,2020
3,University of Nottingham,United Kingdom (),8775,1300,1525,1800,1000,1425,1725,2020
4,Nottingham Trent University,United Kingdom (),8725,1200,1775,1800,700,1450,1800,2020
5,"University of California, Davis",USA (),8725,1250,1575,1725,1000,1525,1650,2020
6,Umwelt-Campus Birkenfeld (Trier University of Applied Sciences),Germany (),8650,975,1875,1500,1000,1650,1650,2020
7,University of Groningen,Netherlands (),8550,1075,1600,1800,1000,1425,1650,2020
8,Leiden University,Netherlands (),8525,600,1950,1800,1000,1750,1425,2020
9,University College Cork,Ireland (),8525,950,1750,1725,1000,1600,1500,2020
10,Universita di Bologna,Italy (),8500,1100,1525,1725,700,1800,1650,2020
11,University of Connecticut,USA (),8400,1025,1500,1800,1000,1425,1650,2020
12,University of Southern Denmark,Denmark (),8375,1000,1675,1725,1000,1550,1425,2020
13,Universidade de Sao Paulo USP,Brazil (),8375,1300,1475,1650,925,1525,1500,2020
14,Université de Sherbrooke,Canada (),8350,1025,1725,1575,925,1475,1625,2020
15,Dublin City University,Ireland (),8300,850,1675,1800,950,1300,1725,2020
16,Universitat Autònoma de Barcelona,Spain (),8275,875,1900,1725,775,1425,1575,2020
17,University of Limerick,Ireland (),8275,1100,1750,1575,775,1425,1650,2020
18,Universidad Autónoma De Nuevo León,Mexico (),8275,1175,1475,1650,900,1425,1650,2020
19,Weifang Institute of Technology,China (),8250,1125,1950,1500,875,1500,1300,2020
20,Universitat Bremen,Germany (),8225,1075,1725,1500,925,1550,1450,2020
21,Leuphana Universitat Luneburg,Germany (),8200,650,2025,1725,675,1350,1775,2020
22,Universita degli Studi di Torino,Italy (),8200,775,1875,1575,700,1550,1725,2020
23,University of North Carolina Chapel Hill,USA (),8200,1325,1350,1800,1000,1200,1525,2020
24,Universidad De Alcala,Spain (),8175,1125,1800,1425,800,1375,1650,2020
25,Politecnico di Torino,Italy (),8175,275,1775,1800,1000,1600,1725,2020
26,Freie Universitat Berlin,Germany (),8150,950,1675,1725,700,1400,1700,2020
27,Universitas Indonesia,Indonesia (),8150,1050,1625,1500,825,1425,1725,2020
28,Universiti Putra Malaysia,Malaysia (),8125,1325,1550,1425,950,1525,1350,2020
29,University of Warwick,United Kingdom (),8100,1050,1575,1650,575,1575,1675,2020
30,Universidade Federal de Lavras - UFLA,Brazil (),8100,1275,1475,1425,875,1425,1625,2020
31,National Pingtung University of Science & Technology,Chinese Taipei (),8100,1250,1400,1500,900,1475,1575,2020
32,Universiti Malaya,Malaysia (),8100,1100,1225,1575,1000,1475,1725,2020
33,University of Eastern Finland,Finland (),8075,400,1950,1800,1000,1350,1575,2020
34,Universidad del Rosario,Colombia (),8075,925,1675,1725,825,1500,1425,2020
35,Hame University of Applied Sciences,Finland (),8075,1150,1575,1650,1000,1425,1275,2020
36,King Abdulaziz University,Saudi Arabia (),8075,1050,1525,1575,950,1325,1650,2020
37,Keele University,United Kingdom (),8050,1200,1750,1725,650,1250,1475,2020
38,Shinshu University,Japan (),8050,1100,1500,1725,550,1450,1725,2020
39,Diponegoro University,Indonesia (),8025,800,1650,1425,950,1400,1800,2020
40,Universita degli Studi dell'Aquila,Italy (),8025,1050,1650,1425,875,1450,1575,2020
41,National Chi Nan University,Chinese Taipei (),8025,1325,1500,1500,850,1425,1425,2020
42,RUDN University,Russia (),8025,1150,1375,1650,775,1650,1425,2020
43,Luiss University,Italy (),8000,750,1975,1500,775,1550,1450,2020
44,Universitas Gadjah Mada,Indonesia (),8000,1025,1400,1500,875,1475,1725,2020
45,Universidad Autónoma De Occidente,Colombia (),7975,925,1475,1725,950,1250,1650,2020
46,Delft University of Technology Tu Delft,Netherlands (),7975,1150,1425,1650,725,1375,1650,2020
47,Da-Yeh University,Chinese Taipei (),7975,900,1425,1500,1000,1425,1725,2020
48,National Cheng Kung University,Chinese Taipei (),7975,975,1375,1725,750,1500,1650,2020
49,IPB University,Indonesia (),7975,1350,1200,1500,650,1475,1800,2020
50,Fundación Universidad del Norte Barranquilla,Colombia (),7950,925,1525,1725,1000,1200,1575,2020
51,Lincoln University,New Zealand (),7950,1050,1375,1500,850,1450,1725,2020
52,Universidad Nacional de Colombia,Colombia (),7950,1050,1375,1425,875,1650,1575,2020
53,Czech University of Life Sciences Prague,Czech Republic (),7925,825,1450,1725,1000,1125,1800,2020
54,University of Zanjan,Iran (),7925,1350,1125,1575,1000,1150,1725,2020
55,Università degli Studi di Genova,Italy (),7900,1200,1625,1725,625,1600,1125,2020
56,Riga Technical University,Latvia (),7900,850,1575,1500,775,1700,1500,2020
57,Carleton University,Canada (),7900,1025,1300,1800,850,1500,1425,2020
58,Universidad Complutense De Madrid,Spain (),7875,700,1575,1800,1000,1300,1500,2020
59,University of Pécs,Hungary (),7875,1075,1500,1500,725,1575,1500,2020
60,Universidad Rey Juan Carlos,Spain (),7875,800,1475,1800,650,1350,1800,2020
61,Institut Teknologi Sepuluh Nopember,Indonesia (),7875,950,1425,1425,925,1350,1800,2020
62,Mahidol University,Thailand (),7875,1100,1175,1425,1000,1525,1650,2020
63,Aalborg University,Denmark (),7825,675,1875,1800,775,1125,1575,2020
64,Universidad De Santander,Colombia (),7825,1150,1650,1275,725,1550,1475,2020
65,University of A Coruña,Spain (),7825,800,1625,1650,775,1250,1725,2020
66,Universitas Negeri Semarang,Indonesia (),7825,975,1600,1350,800,1450,1650,2020
67,Universiti Malaysia Sabah (UMS),Malaysia (),7825,1150,1475,1275,1000,1275,1650,2020
68,University Of Leicester,United Kingdom (),7825,850,1450,1575,1000,1300,1650,2020
69,Chaoyang University of Technology,Chinese Taipei (),7825,1125,1450,1575,825,1425,1425,2020
70,University Of California San Diego,USA (),7800,950,1450,1500,775,1550,1575,2020
71,Istanbul Technical University,Turkey (),7800,1050,1225,1575,850,1475,1625,2020
72,Al-Balqa Applied University,Jordan (),7775,1075,1575,1350,675,1500,1600,2020
73,Kasetsart University,Thailand (),7775,1050,1475,1425,900,1350,1575,2020
74,National Yunlin University of Science & Technology,Chinese Taipei (),7775,1225,1300,1500,875,1525,1350,2020
75,Western Michigan University,USA (),7725,1375,1475,1275,850,1375,1375,2020
76,Universitat Bayreuth,Germany (),7725,1025,1200,1800,700,1450,1550,2020
77,Universiti Utara Malaysia,Malaysia (),7725,1225,1200,1275,800,1625,1600,2020
78,Universidad Tecnologica de Pereira,Colombia (),7700,900,1575,1575,875,1350,1425,2020
79,Princess Nourah Bint Abdulrahman University,Saudi Arabia (),7700,1025,1425,1350,1000,1400,1500,2020
80,Trent University,Canada (),7700,1125,1225,1800,700,1225,1625,2020
81,King Mongkut 's University of Technology Thonburi,Thailand (),7675,900,1575,1425,650,1475,1650,2020
82,Dhurakij Pundit University,Thailand (),7675,850,1525,1800,575,1350,1575,2020
83,Ton Duc Thang University,Vietnam (),7675,1000,1500,1575,850,1250,1500,2020
84,Universidad Nacional Autónoma de México,Mexico (),7675,900,1475,1500,850,1350,1600,2020
85,Washington University Saint Louis,USA (),7675,1025,1325,1575,925,1375,1450,2020
86,University of Szeged,Hungary (),7675,1200,1225,1650,800,1500,1300,2020
87,Universidad Autonoma de Puebla,Mexico (),7650,875,1400,1650,950,1350,1425,2020
88,"ITESO, Universidad Jesuita de Guadalajara",Mexico (),7625,775,1700,1650,900,1050,1550,2020
89,Universidade do Minho,Portugal (),7625,975,1375,1725,700,1250,1600,2020
90,Universiti Malaysia Pahang,Malaysia (),7600,1200,900,1425,850,1425,1800,2020
91,Universitat De Girona,Spain (),7575,700,1875,1575,675,1175,1575,2020
92,York University,Canada (),7575,1200,1450,1575,750,1225,1375,2020
93,Siam University,Thailand (),7575,700,1300,1500,800,1550,1725,2020
94,Universiti Teknologi Malaysia,Malaysia (),7575,1250,1250,1350,550,1450,1725,2020
95,National Chin-Yi University of Technology,Chinese Taipei (),7575,950,1150,1800,750,1200,1725,2020
96,Nanhua University Taiwan,Chinese Taipei (),7575,1125,1150,1800,900,1475,1125,2020
97,University of Kashan,Iran (),7550,875,1975,1350,700,1425,1225,2020
98,Universidad EAFIT,Colombia (),7550,675,1750,1575,725,1250,1575,2020
99,Universitas Sebelas Maret,Indonesia (),7550,850,1600,1350,900,1325,1525,2020
100,University of Campinas,Brazil (),7550,900,1100,1575,925,1550,1500,2020
101,"Instituto Federal de Educação, Ciência e Tecnologia do Sul de Minas Gerais",Brazil (),7525,1125,1575,1350,750,1300,1425,2020
102,National Chung Hsing University,Chinese Taipei (),7525,1200,1150,1725,850,1025,1575,2020
103,Middle East Technical University,Turkey (),7500,1125,1150,1200,825,1525,1675,2020
104,Politecnico Di Milano,Italy (),7475,625,1300,1800,425,1700,1625,2020
105,National Taitung University,Chinese Taipei (),7475,1100,1300,1425,800,1500,1350,2020
106,Universiti Tunku Abdul Rahman,Malaysia (),7475,1025,1100,1425,950,1300,1675,2020
107,Universidad de Bogota Jorge Tadeo Lozano,Colombia (),7425,875,1875,1200,725,1250,1500,2020
108,Universidad De Antioquia,Colombia (),7425,850,1550,1275,850,1275,1625,2020
109,Universiti Teknikal Malaysia Melaka,Malaysia (),7400,1300,1375,1050,650,1375,1650,2020
110,Maejo University,Thailand (),7400,1350,1375,1125,725,1325,1500,2020
111,Chulalongkorn University,Thailand (),7400,525,1325,1650,625,1550,1725,2020
112,Universitas Islam Indonesia,Indonesia (),7375,700,1550,1200,800,1325,1800,2020
113,Universidad Autónoma de Madrid,Spain (),7375,975,1525,1650,625,875,1725,2020
114,University of Lincoln,United Kingdom (),7375,825,1450,1425,850,1550,1275,2020
115,Suranaree University of Technology,Thailand (),7375,1250,1350,1125,800,1425,1425,2020
116,Modul University,Austria (),7350,450,1750,1725,650,1650,1125,2020
117,Holy Spirit University of Kaslik (USEK),Lebanon (),7350,850,1550,1500,550,1400,1500,2020
118,National Taipei University of Technology,Chinese Taipei (),7350,875,1475,1050,850,1550,1550,2020
119,Universita degli Studi di Bari Aldo Moro,Italy (),7350,900,1175,1575,950,1400,1350,2020
120,Università degli Studi di Salerno,Italy (),7325,800,1600,1725,550,1175,1475,2020
121,Inseec U,France (),7325,275,1500,1800,1000,1100,1650,2020
122,Siberian Federal University,Russia (),7325,1250,1400,1050,550,1575,1500,2020
123,Telkom University,Indonesia (),7300,775,1400,1425,700,1450,1550,2020
124,Tzu Chi University,Chinese Taipei (),7300,1100,1175,1575,850,1375,1225,2020
125,Universidad El Bosque,Colombia (),7275,725,1675,1125,800,1450,1500,2020
126,Universitas Islam Negeri Raden Intan Lampung,Indonesia (),7275,950,1600,1350,775,1425,1175,2020
127,De La Salle University - Dasmarinas,Philippines (),7275,625,1475,1650,775,1225,1525,2020
128,University of Babylon,Iraq (),7275,1300,1450,1050,700,1275,1500,2020
129,Tra Vinh University,Vietnam (),7275,950,1425,1275,800,1650,1175,2020
130,Ontario Tech University,Canada (),7250,900,1650,1425,800,1000,1475,2020
131,Universidad Iberoamericana Puebla,Mexico (),7250,1050,1575,1350,925,1125,1225,2020
132,University of Milano-Bicocca,Italy (),7250,450,1325,1800,800,1525,1350,2020
133,Chang Jung Christian University,Chinese Taipei (),7250,725,1300,1575,625,1450,1575,2020
134,Universidad de Sonora,Mexico (),7250,1200,1300,1350,825,1225,1350,2020
135,Universidad de los Andes Colombia,Colombia (),7250,900,1150,1425,700,1575,1500,2020
136,Universitas Sumatera Utara,Indonesia (),7225,800,1300,1425,825,1375,1500,2020
137,Universitas Muhammadiyah Yogyakarta,Indonesia (),7200,800,1550,1275,775,1375,1425,2020
138,Costa Rica Institute of Technology,Costa Rica (),7200,875,1425,1575,625,1350,1350,2020
139,Mangalore University,India (),7200,1250,1400,1050,725,1275,1500,2020
140,San Jose State University,USA (),7175,550,1400,1575,1000,1375,1275,2020
141,Srinakharinwirot University,Thailand (),7175,1100,1300,1200,750,1550,1275,2020
142,Erciyes University,Turkey (),7175,1100,1250,1200,750,1375,1500,2020
143,Ozyegin University,Turkey (),7175,825,1175,1350,650,1450,1725,2020
144,Ukrainian National Forestry University,Ukraine (),7175,1075,1050,1275,650,1325,1800,2020
145,Universidad de Oviedo,Spain (),7150,1025,1575,1275,700,1275,1300,2020
146,University of Navarra,Spain (),7150,1000,1450,1725,550,1350,1075,2020
147,Brawijaya University,Indonesia (),7150,900,1425,1200,725,1325,1575,2020
148,Cyprus International University,Turkey (),7150,975,1400,1125,825,1475,1350,2020
149,Swedish University of Agricultural Sciences,Sweden (),7150,975,1275,1275,850,1050,1725,2020
150,University of Ottawa,Canada (),7150,900,1250,1275,800,1550,1375,2020
151,Universitas Padjadjaran,Indonesia (),7150,850,1225,1350,725,1575,1425,2020
152,D. Serikbayev East Kazakhstan technical university,Kazakhstan (),7100,1200,1600,1125,550,1350,1275,2020
153,Perm National Research Polytechnic University,Russia (),7100,1125,1475,1200,500,1375,1425,2020
154,Maynooth University,Ireland (),7100,875,1400,1650,875,1050,1250,2020
155,McMaster University,Canada (),7100,875,1375,1425,800,1275,1350,2020
156,Universidad de Caldas,Colombia (),7100,900,1125,1650,850,1125,1450,2020
157,Universita degli Studi di Padova,Italy (),7075,900,1400,1425,650,1175,1525,2020
158,Universidad CES,Colombia (),7075,925,1375,1350,750,1250,1425,2020
159,Rajamangala University of Technology Thanyaburi (RMUTT),Thailand (),7075,1100,1325,1125,750,1500,1275,2020
160,Mahasarakham University,Thailand (),7075,1200,1325,900,750,1475,1425,2020
161,King Mongkuts University of Technology North Bangkok,Thailand (),7075,1025,1225,1200,900,1525,1200,2020
162,Eötvös Loránd University Budapest,Hungary (),7075,925,950,1650,675,1400,1475,2020
163,Glasgow Caledonian University,United Kingdom (),7050,75,1575,1800,700,1700,1200,2020
164,Jordan University of Science and Technology,Jordan (),7050,1275,1275,1125,900,1475,1000,2020
165,Ege University,Turkey (),7050,1075,1175,1200,700,1425,1475,2020
166,Centro Universitario do Rio Grande do Norte UNI-RN,Brazil (),7025,900,1625,1425,950,1000,1125,2020
167,Universidad Pontificia Bolivariana,Colombia (),7025,1025,1525,1125,700,1150,1500,2020
168,Kalasalingam Academy of Research and Education,India (),7025,1225,1225,1125,625,1250,1575,2020
169,Manipal Academy of Higher Education,India (),7025,1100,1200,1125,825,1500,1275,2020
170,Tampere University of Technology,Finland (),7025,900,1025,1725,850,1400,1125,2020
171,Mae Fah Luang University,Thailand (),7000,1100,1100,1050,750,1450,1550,2020
172,Instituto Politecnico De Viana Do Castelo,Portugal (),6975,1150,1700,975,650,1200,1300,2020
173,Universidad Miguel Hernandez,Spain (),6975,850,1525,1575,400,1350,1275,2020
174,"Royal Holloway, University of London",United Kingdom (),6975,750,1475,1425,650,1475,1200,2020
175,Universidad Icesi,Colombia (),6975,950,1275,1275,625,1350,1500,2020
176,Universidad de Murcia,Spain (),6975,725,1200,1650,900,1000,1500,2020
177,Asia University Taiwan,Chinese Taipei (),6950,975,1375,1650,1000,1075,875,2020
178,Northeastern University,Thailand (),6950,1025,1325,1050,700,1475,1375,2020
179,Universidad Autonoma Metropolitana,Mexico (),6950,875,1250,1500,800,925,1600,2020
180,National Pingtung University,Chinese Taipei (),6950,1075,1200,1275,575,1475,1350,2020
181,Daffodil International University,Bangladesh (),6925,700,1500,1275,800,1375,1275,2020
182,Universita degli Studi della Tuscia,Italy (),6925,1225,1350,1575,250,1175,1350,2020
183,Airlangga University,Indonesia (),6925,950,1150,1050,700,1425,1650,2020
184,UiTM SHAH ALAM,Malaysia (),6925,750,875,1500,1000,1075,1725,2020
185,American University of Beirut,Lebanon (),6900,775,1300,1275,750,1375,1425,2020
186,Aksaray University,Turkey (),6900,1025,1150,1575,475,1275,1400,2020
187,National Taiwan University of Science and Technology,Chinese Taipei (),6900,1100,1150,1275,550,1325,1500,2020
188,Tunghai University,Chinese Taipei (),6900,1125,1125,1125,700,1475,1350,2020
189,Fo Guang University,Chinese Taipei (),6900,1075,1050,1425,750,1400,1200,2020
190,Universidade de Aveiro,Portugal (),6875,725,1550,1575,600,925,1500,2020
191,De La Salle University Manila,Philippines (),6875,725,1375,1575,550,1300,1350,2020
192,S R M University (Institute of Science and Technology),India (),6875,550,1125,1725,900,1300,1275,2020
193,Universidad Autonoma De Yucatan,Mexico (),6850,1100,1400,1125,775,875,1575,2020
194,University of Sharjah,United Arab Emirates (),6850,1050,900,1275,925,1125,1575,2020
195,Phetchaburi Rajabhat University,Thailand (),6825,1075,800,1275,850,1325,1500,2020
196,Kansai University,Japan (),6800,900,1075,1425,700,1475,1225,2020
197,Universidade Positivo,Brazil (),6775,975,1875,1425,950,550,1000,2020
198,Alexandria University,Egypt (),6775,775,1500,1125,625,1200,1550,2020
199,Universitas Multimedia Nusantara,Indonesia (),6775,625,1500,1350,900,1125,1275,2020
200,Pontificia Universidad Javeriana-Bogota,Colombia (),6775,875,1400,1125,550,1425,1400,2020
201,Pir Mehr Ali Shah Arid Agriculture University Rawalpindi,Pakistan (),6775,925,1150,975,800,1275,1650,2020
202,Birzeit University,Palestine (),6750,950,1725,1200,700,925,1250,2020
203,Universiti Pendidikan Sultan Idris,Malaysia (),6750,1200,1300,900,625,1425,1300,2020
204,Minin University,Russia (),6750,750,1225,1575,575,1725,900,2020
205,Università degli Studi di Udine,Italy (),6750,950,1025,1650,600,1175,1350,2020
206,Universidade Federal de Vicosa - UFV,Brazil (),6725,800,1525,1050,725,1200,1425,2020
207,University of Mohaghegh Ardabili,Iran (),6725,1350,950,1200,800,1250,1175,2020
208,Hitit University,Turkey (),6700,900,1400,1800,400,1425,775,2020
209,University of Petra,Jordan (),6700,725,1350,1275,1000,1025,1325,2020
210,Gordon College,USA (),6700,1100,975,1500,850,1175,1100,2020
211,Escuela Superior Politecnica del Litoral,Ecuador (),6700,1050,900,1500,650,1375,1225,2020
212,Universidad Santo Tomas,Colombia (),6675,525,1625,1200,500,1175,1650,2020
213,Al-Zaytoonah University of Jordan (zuj),Jordan (),6675,1000,1550,1050,725,1225,1125,2020
214,Notre Dame University - Louaize,Lebanon (),6675,775,1400,1425,675,1025,1375,2020
215,Universita degli Studi di Milano La Statale,Italy (),6675,425,1350,1725,400,1600,1175,2020
216,Università di Trieste,Italy (),6675,525,1275,1800,725,1000,1350,2020
217,Izmir Institute of Technology,Turkey (),6675,1175,1175,1350,575,1475,925,2020
218,Al-Farabi Kazakh National University,Kazakhstan (),6675,1175,900,825,575,1550,1650,2020
219,Walailak University,Thailand (),6650,1125,1200,1050,550,1375,1350,2020
220,"Mehran University of Engineering & Technology, Jamshoro",Pakistan (),6625,1025,1250,1050,575,1225,1500,2020
221,Tilburg University,Netherlands (),6625,825,1075,1275,900,1500,1050,2020
222,"Adam Mickiewicz University, Poznan",Poland (),6625,1100,950,1650,625,975,1325,2020
223,An-Najah National University,Palestine (),6600,850,1425,1050,825,1100,1350,2020
224,Universidade Federal do Rio Grande do Sul - UFRGS,Brazil (),6600,800,1350,1275,525,1325,1325,2020
225,I-Shou University,Chinese Taipei (),6600,750,1250,1650,950,1025,975,2020
226,Pontificia Universidade Catolica Do Rio De Janeiro Puc-rio,Brazil (),6600,900,925,1275,625,1525,1350,2020
227,Teesside University,United Kingdom (),6575,275,1775,1425,700,1125,1275,2020
228,Jadara University,Jordan (),6575,900,1425,1050,750,1450,1000,2020
229,Masaryk University,Czech Republic (),6550,650,1400,1125,600,1350,1425,2020
230,Universitas Medan Area,Indonesia (),6550,850,1325,1050,650,1275,1400,2020
231,Gdansk University of Technology,Poland (),6550,925,1250,1650,150,1450,1125,2020
232,Voronezh State University,Russia (),6550,800,1200,1350,575,1225,1400,2020
233,University Of Anbar,Iraq (),6525,1275,1475,675,700,1350,1050,2020
234,Kafrelsheikh University,Egypt (),6525,475,1275,1125,800,1050,1800,2020
235,Universitas Sam Ratulangi,Indonesia (),6500,800,1100,1125,575,1275,1625,2020
236,University of Debrecen,Hungary (),6500,675,800,1575,600,1400,1450,2020
237,Universitat Politècnica de València,Spain (),6475,500,1250,1650,575,925,1575,2020
238,Universiti Tun Hussein Onn Malaysia,Malaysia (),6475,1100,1250,900,650,1275,1300,2020
239,Kashan University of Medical Sciences and Health Services,Iran (),6450,725,1425,1275,500,1375,1150,2020
240,Institut Teknologi Sumatera,Indonesia (),6450,1075,1150,1050,625,1200,1350,2020
241,Universitas Halu Oleo,Indonesia (),6450,975,1100,1125,700,900,1650,2020
242,Universidade Federal De Mato Grosso Do Sul,Brazil (),6450,675,1075,1350,725,1275,1350,2020
243,"Muahmmad Nawaz Shareef University of Agriculture, Multan",Pakistan (),6425,1075,1225,975,650,1275,1225,2020
244,Yildiz Technical University,Turkey (),6425,800,975,1050,800,1525,1275,2020
245,HungKuang University,Chinese Taipei (),6400,650,1325,1200,700,1375,1150,2020
246,Universita Politecnica delle Marche,Italy (),6400,675,1225,1200,850,1150,1300,2020
247,Providence University,Chinese Taipei (),6400,1025,1150,975,750,1375,1125,2020
248,National University of Sciences and Technology,Pakistan (),6400,1150,1050,900,750,1425,1125,2020
249,Slippery Rock University,USA (),6375,1075,1350,1125,850,925,1050,2020
250,Al Ain University,United Arab Emirates (),6375,950,975,1500,700,1050,1200,2020
252,Institución Universitaria Politecnico Grancolombiano,Colombia (),6350,775,1325,1275,725,1200,1050,2020
253,Alzahra University,Iran (),6350,700,1075,1275,450,1300,1550,2020
254,Politeknik Merlimau Melaka,Malaysia (),6350,975,900,1500,525,1250,1200,2020
255,Universitat de Vic - Universitat Central de Catalunya,Spain (),6325,700,1450,1500,700,850,1125,2020
256,Centro Universitário Facens,Brazil (),6325,725,1425,975,675,1250,1275,2020
257,International University of Business Agriculture and Technology,Bangladesh (),6325,775,1400,975,650,1250,1275,2020
258,Universitas Lampung,Indonesia (),6325,775,1325,975,650,1025,1575,2020
259,Universidad de Jaén,Spain (),6325,625,1300,1125,700,1150,1425,2020
260,University of Phayao,Thailand (),6325,775,1150,975,700,1225,1500,2020
261,Yuan Ze University,Chinese Taipei (),6300,775,1125,1275,650,975,1500,2020
262,Universitat Rovira i Virgili,Spain (),6300,725,1100,1650,350,1050,1425,2020
263,Razi University Kermanshah,Iran (),6300,1025,1075,1200,750,1025,1225,2020
264,Universidad del Valle,Colombia (),6300,1100,875,1500,500,1150,1175,2020
265,Russian State Agrarian University - Moscow Timiryazev Agricultural Academy,Russia (),6300,1300,525,1050,700,1350,1375,2020
266,Universidade De Santiago De Compostela,Spain (),6275,675,1425,1500,375,850,1450,2020
267,Universidad De Castilla La Mancha,Spain (),6275,775,1425,1200,450,1000,1425,2020
268,The University of Lahore,Pakistan (),6275,725,1425,900,750,1275,1200,2020
269,Bartin University,Turkey (),6275,950,1150,1050,575,1350,1200,2020
270,Universitat De Barcelona,Spain (),6275,625,1000,1575,625,1100,1350,2020
271,King Mongkuts Institute of Technology Ladkrabang,Thailand (),6275,875,1000,1050,550,1375,1425,2020
272,Al-Mustaqbal University College,Iraq (),6250,775,1425,975,850,1300,925,2020
273,Yeditepe University,Turkey (),6250,725,1325,1125,675,1325,1075,2020
274,Chettinad Academy of Research and Education,India (),6250,875,1225,975,425,1525,1225,2020
275,National Institute of Technology Silchar,India (),6250,950,1075,1050,700,1300,1175,2020
276,Miami University,USA (),6250,1225,1000,1200,375,1100,1350,2020
277,Naresuan University,Thailand (),6250,925,1000,1275,825,875,1350,2020
278,Hochschule Anhalt,Germany (),6225,775,1450,1275,600,1300,825,2020
279,University of Chester,United Kingdom (),6225,500,1325,1575,450,1075,1300,2020
280,Università degli Studi di Perugia,Italy (),6225,825,925,1275,700,1225,1275,2020
281,Universidad de Ciencias Aplicadas y Ambientales UDCA,Colombia (),6225,600,900,1500,1000,900,1325,2020
282,Mutah University,Jordan (),6200,1275,1300,1125,550,1100,850,2020
283,Universidad Del Cauca,Colombia (),6200,1000,1275,1050,600,950,1325,2020
284,Hatyai University,Thailand (),6200,1100,1250,975,675,925,1275,2020
285,"George Emil Palade University of Medicine, Pharmacy, Science, and Technology of Targu Mures",Romania (),6200,725,1175,1800,100,1175,1225,2020
286,Universidade Federal de Itajuba,Brazil (),6200,1000,1150,1050,650,1300,1050,2020
287,Pontificia Universidad Javeriana Cali,Colombia (),6200,575,1125,1200,625,1350,1325,2020
288,Università Degli Studi Gabriele D'Annunzio Chieti e Pescara,Italy (),6200,975,1000,1050,450,1250,1475,2020
289,Universitas Pancasila,Indonesia (),6175,650,1425,750,450,1300,1600,2020
290,Universidad Panamericana,Mexico (),6175,775,1425,1425,350,900,1300,2020
291,Immanuel Kant Baltic Federal University,Russia (),6175,1025,1325,1050,475,1125,1175,2020
292,Ben-Gurion University of the Negev,Israel (),6175,625,1150,1275,825,800,1500,2020
293,Qassim University,Saudi Arabia (),6175,1025,725,1125,950,1175,1175,2020
294,British Columbia Institute of Technology,Canada (),6150,300,1375,1500,775,850,1350,2020
295,Afyon Kocatepe University,Turkey (),6150,775,1350,1350,250,1450,975,2020
296,Universita IUAV di Venezia,Italy (),6150,550,1350,1275,550,1000,1425,2020
297,Uman National University of Horticulture,Ukraine (),6150,1150,1325,1050,550,1075,1000,2020
298,Universidad De Guadalajara,Mexico (),6150,700,1275,900,500,1350,1425,2020
299,National Institute of Development Administration,Thailand (),6150,850,925,1125,700,1075,1475,2020
300,Universita Degli Studi Di Cagliari,Italy (),6150,800,875,1500,600,950,1425,2020
301,Escuela Superior Politécnica De Chimborazo,Ecuador (),6150,925,875,1425,575,1075,1275,2020
302,American University of the Middle East (AUM),Kuwait (),6150,900,825,1125,725,1350,1225,2020
303,Zonguldak Bulent Ecevit University,Turkey (),6125,975,1200,1050,525,1400,975,2020
304,Sri Sri University,India (),6125,1200,1125,975,600,1225,1000,2020
305,Altai State University,Russia (),6125,950,1000,975,550,1300,1350,2020
306,University of Cyprus,Republic of Cyprus (),6125,875,975,1425,800,1150,900,2020
307,Ming Chi University of Technology,Chinese Taipei (),6125,1125,900,1425,500,1150,1025,2020
308,Chiba University,Japan (),6125,975,800,1275,450,1125,1500,2020
309,Sukkur IBA University,Pakistan (),6100,725,1400,825,600,1575,975,2020
310,Sakarya University,Turkey (),6100,1150,1225,900,425,1325,1075,2020
311,University of Guilan,Iran (),6100,1125,1100,750,500,1125,1500,2020
312,Universita della Calabria,Italy (),6100,975,1025,1425,400,1150,1125,2020
313,University of Agriculture Faisalabad,Pakistan (),6100,900,875,600,675,1275,1775,2020
314,Chiba University of Commerce,Japan (),6075,325,1425,1425,425,1125,1350,2020
315,Universidad Militar Nueva Granada,Colombia (),6075,525,1375,1200,600,975,1400,2020
316,Volgograd State University,Russia (),6075,675,1350,1125,350,1250,1325,2020
317,Universidade Federal Fluminense,Brazil (),6075,925,1225,900,350,1325,1350,2020
318,University of Isfahan,Iran (),6075,1225,825,975,700,1300,1050,2020
319,Indian Institute of Technology Roorkee,India (),6050,950,1175,825,500,1175,1425,2020
320,Petrozavodsk State University,Russia (),6050,1000,1150,975,300,1375,1250,2020
321,Cappadocia University,Turkey (),6050,775,950,1350,350,1425,1200,2020
322,Universidade do Vale do Taquari - UNIVATES,Brazil (),6025,875,1325,1050,600,1100,1075,2020
323,American University in Cairo,Egypt (),6025,950,850,1050,750,1075,1350,2020
324,Katholische Universitat Eichstatt-ingolstadt,Germany (),6000,850,1575,1050,100,1250,1175,2020
325,Stavropol State Agrarian University,Russia (),6000,300,1450,1200,650,1200,1200,2020
326,Capital University Of Science And Technology,Pakistan (),6000,775,1350,900,500,1200,1275,2020
327,Tel Aviv University,Israel (),6000,425,1250,1125,550,1325,1325,2020
328,Khwaja Fareed University of Engineering and Information Technology,Pakistan (),6000,1250,1225,600,600,1300,1025,2020
329,Universidad EIA,Colombia (),6000,675,1200,1275,850,1100,900,2020
330,Universidad de Salamanca,Spain (),5975,650,1175,975,475,1300,1400,2020
331,South Eastern University of Sri Lanka,Sri Lanka (),5975,1150,1050,975,775,1125,900,2020
332,SSM Institute of Engineering and Technology,India (),5975,950,825,675,700,1275,1550,2020
333,Universitas Teuku Umar,Indonesia (),5950,925,1150,975,450,1275,1175,2020
334,Universitat de Valencia,Spain (),5950,425,1075,1425,550,900,1575,2020
335,Cukurova University,Turkey (),5950,1325,975,525,350,1475,1300,2020
336,Institut Teknologi Bandung,Indonesia (),5950,850,950,1350,450,1075,1275,2020
337,Ferdowsi University of Mashhad,Iran (),5950,1075,950,750,500,1325,1350,2020
338,Universiti Malaysia Terengganu,Malaysia (),5950,1200,950,825,800,950,1225,2020
339,Al-Ahliyya Amman University,Jordan (),5925,625,1350,1050,800,1175,925,2020
340,Inonu University Malatya,Turkey (),5925,825,1250,900,450,1425,1075,2020
341,Arab American University,Palestine (),5925,700,1250,900,675,1250,1150,2020
342,Universidade de Vigo,Spain (),5925,850,1175,1275,550,1100,975,2020
343,Universitat Jaume I,Spain (),5925,850,1100,1125,725,1125,1000,2020
344,Universitas Terbuka,Indonesia (),5925,1025,500,1125,525,1350,1400,2020
345,Universitas Negeri Malang,Indonesia (),5900,500,1600,825,450,1250,1275,2020
346,University at Albany,USA (),5900,650,1075,1275,800,925,1175,2020
347,Silpakorn University,Thailand (),5900,775,950,975,550,1375,1275,2020
348,Universidad Santiago de Cali,Colombia (),5875,650,1325,1425,925,650,900,2020
349,Babes Bolyai University,Romania (),5875,750,1225,1050,250,1475,1125,2020
350,"California State University, Sacramento",USA (),5875,600,1175,1275,425,1075,1325,2020
351,Pontificia Universidad Catolica De Chile,Chile (),5875,450,1050,1050,600,1150,1575,2020
352,Slovak University of Agriculture in Nitra,Slovakia (),5875,800,925,1275,550,975,1350,2020
353,National University of Uzbekistan named after Mirzo Ulugbek,Uzbekistan (),5875,700,850,1200,500,1500,1125,2020
354,Benha University,Egypt (),5850,700,1275,825,575,675,1800,2020
355,Universitas Budi Luhur,Indonesia (),5850,750,1150,1275,700,1050,925,2020
356,Yogyakarta State University,Indonesia (),5825,625,1275,900,450,1375,1200,2020
357,Universidade Federal De Sao Carlos,Brazil (),5800,1175,900,825,550,1025,1325,2020
358,Iqra University,Pakistan (),5775,550,1350,825,700,1175,1175,2020
359,Hasanuddin University,Indonesia (),5775,775,1300,750,550,1025,1375,2020
360,Universita degli Studi di Ferrara,Italy (),5775,425,1075,1575,400,925,1375,2020
361,Indian Institute of Information Technology and Management Gwalior,India (),5775,850,1025,1200,475,1125,1100,2020
362,Federal University of Triângulo Mineiro,Brazil (),5775,1025,875,1425,425,900,1125,2020
363,Universiti Malaysia Perlis,Malaysia (),5750,1075,1300,1050,325,1075,925,2020
364,Yasouj University,Iran (),5750,800,1025,900,425,1325,1275,2020
365,Irkutsk State Agrarian University named after A.A. Ezhevsky,Russia (),5750,950,1000,675,525,1200,1400,2020
366,The University of Texas Rio Grande Valley,USA (),5750,700,875,1275,750,875,1275,2020
367,Phranakhon Si Ayutthaya Rajabhat University,Thailand (),5750,675,800,1200,450,1200,1425,2020
368,Universidad de Manizales,Colombia (),5725,925,1550,1425,400,800,625,2020
369,King Faisal University,Saudi Arabia (),5725,700,1075,1050,675,1175,1050,2020
370,Universidad de Valladolid,Spain (),5700,625,1600,975,500,1225,775,2020
371,Shahrood University of Technology,Iran (),5700,875,1300,975,700,950,900,2020
372,Universitas Sultan Ageng Tirtayasa,Indonesia (),5700,325,1275,825,450,1325,1500,2020
373,University College Of Technology Sarawak,Malaysia (),5700,675,1225,900,800,1025,1075,2020
374,Hakim Sabzevari University,Iran (),5700,875,950,900,575,1400,1000,2020
375,Universidad Autonoma de Chiapas,Mexico (),5700,1375,800,1050,450,975,1050,2020
376,Wilfrid Laurier University,Canada (),5675,375,850,1350,500,950,1650,2020
377,Metropolia University of Applied Sciences,Finland (),5650,375,1225,1425,650,925,1050,2020
378,Universidade do Vale do Itajai UNIVALI,Brazil (),5650,925,1075,1125,375,975,1175,2020
379,Hashemite University,Jordan (),5650,575,1025,1050,750,1100,1150,2020
380,Dokuz Eylul University,Turkey (),5650,1000,925,975,500,1200,1050,2020
381,Universidad de Ibagué,Colombia (),5650,900,825,1350,550,1000,1025,2020
382,Universidad Internacional del Ecuador,Ecuador (),5650,1275,800,1500,725,825,525,2020
383,Universitas Syiah Kuala,Indonesia (),5625,900,1375,825,325,750,1450,2020
384,Universitas Islam Negeri Walisongo Semarang,Indonesia (),5625,725,1350,675,450,1150,1275,2020
385,Western Kentucky University,USA (),5625,425,1300,1350,700,975,875,2020
386,ISCTE Instituto Universitario de Lisboa,Portugal (),5625,350,1275,1350,350,1100,1200,2020
387,Azerbaijan University of Architecture and Construction,Azerbaijan (),5625,825,1275,825,550,1000,1150,2020
388,University of Ioannina,Greece (),5625,1275,1250,1200,300,750,850,2020
389,Irkutsk National Research Technical University,Russia (),5625,1075,1100,750,550,925,1225,2020
390,University of Kelaniya,Sri Lanka (),5625,675,1000,1350,700,875,1025,2020
391,University of Peradeniya,Sri Lanka (),5625,1025,975,675,650,1175,1125,2020
392,Hebrew University Of Jerusalem,Israel (),5625,925,850,975,550,1200,1125,2020
393,Technische Universität Kaiserslautern (TUK),Germany (),5625,775,775,1650,350,1175,900,2020
394,Universitas Muhammadiyah Malang,Indonesia (),5600,700,1425,975,400,1075,1025,2020
395,Saveetha Institute of Medical and Technical Sciences,India (),5600,450,1275,675,625,1150,1425,2020
396,University of Jordan,Jordan (),5600,925,1250,750,450,1050,1175,2020
397,Arak University,Iran (),5600,450,1225,900,675,1325,1025,2020
398,University of Maribor,Slovenia (),5600,525,1125,1125,450,1050,1325,2020
399,Orel State University named after I.S.Turgenev,Russia (),5600,600,1100,825,725,1025,1325,2020
400,Universiy of Kufa,Iraq (),5600,850,1100,1050,675,1025,900,2020
401,East Stroudsburg University,USA (),5600,1275,825,1200,700,850,750,2020
402,S. Toraighyrov Pavlodar State University,Kazakhstan (),5575,1100,1250,375,300,1325,1225,2020
403,Universidad de Zaragoza,Spain (),5575,475,1225,975,400,1150,1350,2020
404,Rostov State Trasport University,Russia (),5575,875,1200,750,475,1150,1125,2020
405,Baskent University,Turkey (),5575,975,1075,1050,400,1250,825,2020
406,Mersin University,Turkey (),5575,1175,750,1125,300,1075,1150,2020
407,Universiti Kebangsaan Malaysia,Malaysia (),5575,850,400,1275,525,1175,1350,2020
408,Muğla Sıtkı Koçman University,Turkey (),5550,700,1400,825,250,1125,1250,2020
409,Sumy State University,Ukraine (),5550,900,1325,675,525,1000,1125,2020
410,NED University of Engineering & Technology,Pakistan (),5550,950,1175,450,750,1325,900,2020
411,Thaksin University,Thailand (),5550,700,1000,1050,850,825,1125,2020
412,Tokat Gaziosmanpasa University,Turkey (),5550,1200,775,975,475,1175,950,2020
413,Universidad Autonoma Del Estado De Mexico,Mexico (),5550,850,575,1500,625,800,1200,2020
414,Valaya Alongkorn Rajabhat University Under the Royal Patronage,Thailand (),5525,800,1200,975,700,775,1075,2020
415,Azerbaijan State University of Economics (UNEC),Azerbaijan (),5525,750,1150,825,625,1200,975,2020
416,University of Baghdad,Iraq (),5525,1050,1000,675,450,1325,1025,2020
417,Università Degli Studi di Modena e Reggio Emilia,Italy (),5525,675,700,1500,100,1200,1350,2020
418,Istanbul Sabahattin Zaim University,Turkey (),5500,525,1375,1575,300,1000,725,2020
419,University Politechnica of Bucharest,Romania (),5500,925,1375,675,250,950,1325,2020
420,Instituto Tecnologico Metropolitano,Colombia (),5500,750,1275,900,575,1200,800,2020
421,University of Lucerne,Switzerland (),5500,300,1200,1350,700,1300,650,2020
422,Universidad Nacional Abierta y a Distancia Colombia,Colombia (),5500,275,1050,1575,650,725,1225,2020
423,Universita degli Studi di Roma La Sapienza,Italy (),5475,725,1375,900,475,1100,900,2020
424,University of Malta,Malta (),5475,475,1325,1200,375,750,1350,2020
425,KaragandaTechnical University,Kazakhstan (),5475,925,1150,525,500,1000,1375,2020
426,Nakhon Si Thammarat Rajabhat University,Thailand (),5475,900,1100,975,600,975,925,2020
427,Universidad Politécnica Estatal del Carchi,Ecuador (),5450,950,1300,825,150,1225,1000,2020
428,Universidad de Las Palmas de Gran Canaria,Spain (),5450,375,1125,1200,775,775,1200,2020
429,Imam Abdulrahman Bin Faisal University,Saudi Arabia (),5450,725,650,1275,900,750,1150,2020
430,University of Bahrain,Bahrain (),5450,925,525,825,550,975,1650,2020
431,Pontificia Universidad Católica Del Perú,Peru (),5425,800,950,1275,175,975,1250,2020
432,Università degli Studi di Firenze,Italy (),5425,625,525,1425,325,1100,1425,2020
433,Universidad Metropolitana Caracas,Venezuela (),5400,850,1200,1200,550,750,850,2020
434,Universidad Autónoma Del Estado De Hidalgo,Mexico (),5400,750,1150,1050,575,675,1200,2020
435,Universidad De Medellin,Colombia (),5400,825,1050,825,500,1225,975,2020
436,Senac Serviço Nacional De Aprendizagem Comercial Departamento Nacional,Brazil (),5400,375,925,1125,800,1150,1025,2020
437,Ubon Ratchathani University,Thailand (),5400,950,725,900,700,1050,1075,2020
438,University of Hradec Kralove,Czech Republic (),5375,700,1350,1275,350,950,750,2020
439,Centro Universitário da Fundação Hermínio Ometto - FHO,Brazil (),5375,800,1325,900,550,750,1050,2020
440,Universitas Katolik Indonesia Atma Jaya,Indonesia (),5375,650,1250,900,800,900,875,2020
441,Northwest Missouri State University / Missouri Arboretum,USA (),5375,975,1200,1200,725,625,650,2020
442,Sabanci University,Turkey (),5375,1100,1050,1125,700,725,675,2020
443,University of Colombo,Sri Lanka (),5350,525,1375,975,450,800,1225,2020
444,Al-Muthanna University,Iraq (),5350,750,1025,600,525,1100,1350,2020
445,"Guru Jambheshwar University of Science and Technology,Hisar, Haryana",India (),5350,1000,925,825,650,1100,850,2020
446,Perm State University,Russia (),5350,675,900,1125,500,1175,975,2020
447,Universidad del Magdalena,Colombia (),5350,1000,850,525,650,1050,1275,2020
448,Universitas Riau,Indonesia (),5350,625,725,825,550,1075,1550,2020
449,Universidad de Cordoba Colombia,Colombia (),5350,850,650,1425,375,1050,1000,2020
450,Süleyman Demirel Üniversitesi,Turkey (),5325,750,925,1575,250,1050,775,2020
451,Niğde Ömer Halisdemir University,Turkey (),5325,825,875,1275,350,1100,900,2020
452,Tecnologico de Monterrey,Mexico (),5325,500,800,1125,400,1175,1325,2020
453,Rajamangala University of Technology Isan,Thailand (),5325,925,800,750,575,1000,1275,2020
454,Kazakh National Agrarian Research University,Kazakhstan (),5300,725,1225,900,250,1175,1025,2020
455,Aix Marseille University,France (),5300,500,1150,1050,350,850,1400,2020
456,Universidade De Passo Fundo,Brazil (),5300,875,1000,975,625,825,1000,2020
457,Valahia University of Targoviste,Romania (),5275,850,1325,750,325,950,1075,2020
458,M. Auezov South Kazakhstan State University,Kazakhstan (),5275,775,1050,1050,450,825,1125,2020
459,National University of Science and Technology Misis (Moscow Institute of Steel and Alloys),Russia (),5275,275,1025,750,475,1325,1425,2020
460,Soochow University Taiwan,Chinese Taipei (),5275,825,775,1350,350,1050,925,2020
461,Almaty University of Power Engineering and Telecommunications,Kazakhstan (),5250,300,1300,825,500,1125,1200,2020
462,Tomsk Polytechnic University,Russia (),5250,925,1250,750,250,950,1125,2020
463,Universitas Bengkulu,Indonesia (),5250,650,1225,750,550,750,1325,2020
464,Universidad Tecnica Federico Santa Maria,Chile (),5250,500,1225,750,700,850,1225,2020
465,Pascual Bravo University,Colombia (),5250,550,1100,1350,425,1000,825,2020
466,Thammasat University,Thailand (),5250,875,1075,975,475,1050,800,2020
467,Shinawatra University,Thailand (),5250,1075,875,1050,500,1075,675,2020
468,Maykop State Technological University,Russia (),5225,950,1450,900,650,825,450,2020
469,The University of Faisalabad,Pakistan (),5225,875,1300,1050,250,625,1125,2020
470,State University of Land Use Planning,Russia (),5225,550,1250,825,150,1150,1300,2020
471,Institute of Business Management,Pakistan (),5225,475,1250,600,550,950,1400,2020
472,University of Al-Qadisiyah,Iraq (),5225,850,1175,750,625,1000,825,2020
473,Sunway University,Malaysia (),5225,300,1150,600,450,1450,1275,2020
474,Al Aqsa University,Palestine (),5225,725,1125,900,550,975,950,2020
475,Universidad Autonoma De San Luis Potosi,Mexico (),5225,425,625,1200,450,1075,1450,2020
476,Kohat University of Science & Technology,Pakistan (),5200,1050,1575,525,350,875,825,2020
477,Yazd University,Iran (),5200,700,950,900,450,1075,1125,2020
478,Universitas Pendidikan Indonesia,Indonesia (),5200,425,925,900,550,975,1425,2020
479,University College of Agroscience Malaysia,Malaysia (),5200,1175,425,675,650,1175,1100,2020
480,Universita degli Studi di Brescia,Italy (),5175,525,950,1350,250,1100,1000,2020
481,University of 17 Agustus 1945 Surabaya,Indonesia (),5150,400,1625,900,500,850,875,2020
482,Universitas Pattimura,Indonesia (),5150,900,1400,750,525,750,825,2020
483,University of Malakand,Pakistan (),5150,875,1125,825,675,825,825,2020
484,Applied Science University,Bahrain (),5150,725,950,975,550,1150,800,2020
485,Universitas Islam Negeri Sultan Thaha Saifuddin Jambi,Indonesia (),5150,550,900,750,450,1175,1325,2020
486,Universiti Selangor (Unisel),Malaysia (),5150,1125,200,600,725,1250,1250,2020
487,University of West Attica,Greece (),5125,250,1225,1050,250,1200,1150,2020
488,Universidad Centroamericana Jose Simeon Canas,El Salvador (),5125,750,1100,975,625,600,1075,2020
489,University of Tehran,Iran (),5125,625,850,825,450,1250,1125,2020
490,Universidade Federal de Santa Catarina (UFSC),Brazil (),5125,700,650,1350,300,1075,1050,2020
491,West Ukrainian National University,Ukraine (),5100,500,1000,675,525,1175,1225,2020
492,Sohag University,Egypt (),5100,1075,1000,525,375,925,1200,2020
493,Derzhavin Tambov State University,Russia (),5100,525,925,750,250,1350,1300,2020
494,Juraj Dobrila University of Pula,Croatia (),5075,700,1275,1500,250,550,800,2020
495,University of Arkansas at Little Rock,USA (),5075,725,850,1200,850,950,500,2020
496,Universitas Katolik Parahyangan,Indonesia (),5050,675,1025,900,625,1050,775,2020
497,Almaty University of Power Engineering and Telecommunications named after Gumarbek Daukeyev,Kazakhstan (),5050,525,975,525,575,1200,1250,2020
498,Universitas Negeri Padang,Indonesia (),5025,300,1500,1050,475,525,1175,2020
499,Universitas Esa Unggul,Indonesia (),5025,625,1100,750,425,925,1200,2020
500,Oranim College of Education,Israel (),5025,975,850,1200,550,650,800,2020
501,Ondokuz Mayis University,Turkey (),5025,750,800,900,575,1075,925,2020
502,TOBB University of Economy and Technology,Turkey (),5025,925,575,900,800,1125,700,2020
503,Universite De Rennes 1,France (),5025,675,525,1200,100,900,1625,2020
504,Akdeniz University,Turkey (),5025,1050,525,1125,250,1025,1050,2020
505,Budapest Business School,Hungary (),5000,450,1250,900,600,1050,750,2020
506,Pontificia Universidade Catolica Do Rio Grande Do Sul Pucrs,Brazil (),5000,700,875,1350,525,800,750,2020
507,Voronezh State University of Forestry and Technologies named after G.F. Morozov,Russia (),5000,1100,875,675,300,800,1250,2020
508,Khon Kaen University,Thailand (),5000,1200,775,600,525,1050,850,2020
509,Universita Degli Studi Roma Tre,Italy (),4975,450,1650,750,200,875,1050,2020
510,Don State Technical University,Russia (),4975,575,1325,450,150,1425,1050,2020
511,Universidad Catolica Andres Bello,Venezuela (),4975,875,1250,1050,325,850,625,2020
512,Universidad Tecnologica de Bolivar,Colombia (),4975,900,1075,600,450,975,975,2020
513,NFC Institute of Engineering and Technology,Pakistan (),4975,725,1000,825,500,1175,750,2020
514,Pontifícia Universidade Católica De Campinas,Brazil (),4975,700,1000,525,575,1125,1050,2020
515,Federal University of Alfenas,Brazil (),4975,850,925,1125,575,600,900,2020
516,Rubtsovsk Institute (branch) of Altai State University,Russia (),4950,825,1000,750,350,1150,875,2020
517,National Institute of Technology Rourkela,India (),4950,825,925,975,700,600,925,2020
518,National University,Ukraine (),4950,775,875,675,625,975,1025,2020
519,October 6 University,Egypt (),4950,475,775,975,375,1075,1275,2020
520,Indian Institute of Management Ahmedabad,India (),4950,925,675,825,625,1300,600,2020
521,Shahid Rajaee Teacher Training University,Iran (),4925,625,1150,600,500,1075,975,2020
522,Osmaniye Korkut Ata University,Turkey (),4925,750,1150,600,500,1175,750,2020
523,Universidad Pontificia Comillas,Spain (),4925,275,1050,1125,500,850,1125,2020
524,Universidade Federal de Santa Maria,Brazil (),4925,650,950,900,300,1275,850,2020
525,Eskisehir Technical University,Turkey (),4925,850,725,1350,475,825,700,2020
526,"University of Sargodha, Sargodha",Pakistan (),4925,1175,625,300,100,1200,1525,2020
527,University of Ruhuna,Sri Lanka (),4925,925,625,900,375,975,1125,2020
528,Al-Furat Al-Awsat Technical University,Iraq (),4900,350,1100,750,375,1425,900,2020
529,Aligarh Muslim University,India (),4900,950,900,675,400,1000,975,2020
530,Universidade Estadual De Londrina,Brazil (),4900,1075,900,1050,425,775,675,2020
531,University of Veterinary and Pharmaceutical Sciences Brno,Czech Republic (),4900,575,700,1500,550,1100,475,2020
532,Universidade Federal Do Ceara,Brazil (),4900,825,550,750,325,1025,1425,2020
533,Gandhi Institute of Technology and Management,India (),4875,750,800,675,575,850,1225,2020
534,Marmara University,Turkey (),4875,650,750,1050,350,1100,975,2020
535,Universidad Autonoma De Tamaulipas,Mexico (),4875,325,725,900,350,925,1650,2020
536,Saratov State University,Russia (),4875,675,725,825,175,1125,1350,2020
537,Universidade Estadual de Maringá,Brazil (),4875,1175,375,675,500,975,1175,2020
538,Arak University of Technology,Iran (),4850,500,1150,375,300,1375,1150,2020
539,University of Mauritius,Mauritius (),4850,700,1000,675,450,1100,925,2020
540,Sergo Ordzhonikidze Russian State University For Geological Prospecting (MGRI),Russia (),4850,950,875,675,350,1300,700,2020
541,Pontifícia Universidade Católica Do Paraná,Brazil (),4850,1250,850,975,425,750,600,2020
542,Al-Kitab University,Iraq (),4850,775,825,375,725,900,1250,2020
543,Kastamonu University,Turkey (),4850,800,725,675,500,1025,1125,2020
544,Shanghai Jian Qiao University,China (),4825,625,975,1050,475,1075,625,2020
545,Karamanoglu Mehmetbey Universitesi,Turkey (),4825,975,775,825,325,950,975,2020
546,Gaziantep University,Turkey (),4825,725,675,1050,425,900,1050,2020
547,Universidad De Vina Del Mar,Chile (),4800,500,1075,1050,650,925,600,2020
548,Mindanao State University Iligan Institute of Technology,Philippines (),4800,500,925,675,275,1075,1350,2020
549,Universidad del Quindío,Colombia (),4800,675,900,750,475,1250,750,2020
550,Gorgan University Of Agricultural Sciences And Natural Resources,Iran (),4800,575,825,525,525,1150,1200,2020
551,Advanced Studies In Basic Sciences,Iran (),4800,1125,750,600,450,1300,575,2020
552,National Institute of Technology Hamirpur,India (),4800,875,725,825,800,825,750,2020
553,Olds College,Canada (),4800,775,650,1200,650,700,825,2020
554,Amirkabir University of Technology,Iran (),4775,350,1075,675,650,975,1050,2020
555,Universidad De Alicante,Spain (),4775,725,900,975,625,750,800,2020
556,Universitas Bangka Belitung,Indonesia (),4750,575,1025,675,450,850,1175,2020
557,The Catholic University of America,USA (),4750,750,975,825,375,1075,750,2020
558,Ahvaz Jundishapur University of Medical Sciences,Iran (),4750,650,800,1125,250,1325,600,2020
559,Bolu Abant Izzet Baysal University (BAIBU),Turkey (),4750,800,800,975,425,825,925,2020
560,Estonian University of Life Sciences,Estonia (),4750,600,450,975,400,700,1625,2020
561,Universidad de Pamplona,Colombia (),4725,575,1225,825,500,825,775,2020
562,Igdir Universitesi,Turkey (),4725,1050,1075,1050,250,725,575,2020
563,Universitas Islam Negeri Raden Fatah,Indonesia (),4725,575,1050,750,625,675,1050,2020
564,"Islamic Azad University, Science and Research Branch (srbiau)",Iran (),4725,1200,900,900,200,725,800,2020
565,The National University of Ostroh Academy,Ukraine (),4725,800,750,825,500,1075,775,2020
566,Atyrau State University,Kazakhstan (),4700,750,1075,375,575,1175,750,2020
567,"Hazara University Mansehra, Khyber Pakhtunkhwa (KP) Pakistan",Pakistan (),4700,850,1050,300,400,1225,875,2020
568,Universidad Católica De Oriente,Colombia (),4700,800,425,1125,725,750,875,2020
569,Universite De Sousse,Tunisia (),4675,775,1050,375,700,925,850,2020
570,Instituto Tecnológico de Toluca,Mexico (),4675,475,950,1050,500,650,1050,2020
571,Russian State University of Tourism and Service,Russia (),4675,950,700,750,350,1025,900,2020
572,Universitas Negeri Surabaya,Indonesia (),4650,825,1175,750,525,775,600,2020
573,Polytechnic of Mersing,Malaysia (),4650,800,1025,600,325,1025,875,2020
574,Ziauddin University,Pakistan (),4650,750,950,375,775,1050,750,2020
575,Liepaja University,Latvia (),4650,500,925,1425,0,1050,750,2020
576,Universidade Federal Do Rio De Janeiro,Brazil (),4650,1000,750,525,550,975,850,2020
577,"Universidad de Puerto Rico, Mayagüez Campus",USA (),4650,475,650,1050,450,1175,850,2020
578,American University of Sharjah,United Arab Emirates (),4650,375,600,900,350,1250,1175,2020
579,"University of Central Punjab, Lahore",Pakistan (),4650,625,600,900,450,725,1350,2020
580,Tarbiat Modares University,Iran (),4650,775,475,1125,600,975,700,2020
581,Canadian Memorial Chiropractic College,Canada (),4625,650,900,1425,550,700,400,2020
582,Lahore Garrison Univeristy,Pakistan (),4625,425,775,1200,375,725,1125,2020
583,European University Cyprus,Republic of Cyprus (),4600,475,1300,1125,350,850,500,2020
584,Madonna University,USA (),4600,1075,1250,900,150,700,525,2020
585,New Jersey City University,USA (),4600,425,925,825,350,1325,750,2020
586,Andalas University,Indonesia (),4600,1000,925,750,250,475,1200,2020
587,Ankara University,Turkey (),4600,1025,700,600,450,875,950,2020
588,Universidad Tecnologica ECOTEC,Ecuador (),4575,475,950,975,150,1025,1000,2020
589,Universitat Internacional de Catalunya,Spain (),4575,575,925,1575,250,550,700,2020
590,University of Sopron,Hungary (),4575,750,725,825,350,800,1125,2020
591,Kadir Has University,Turkey (),4575,775,625,675,175,1375,950,2020
592,Georgia College & State University,USA (),4575,700,575,1050,600,825,825,2020
593,Narxoz University,Kazakhstan (),4575,1025,450,525,250,1025,1300,2020
594,Southern Utah University,USA (),4550,375,1250,975,500,1075,375,2020
595,Cankaya University,Turkey (),4550,900,825,750,300,800,975,2020
596,Azarbaijan Shahid Madani University,Iran (),4550,725,750,525,575,1100,875,2020
597,Rajamangala University of Technology Rattanakosin,Thailand (),4550,675,700,825,350,1125,875,2020
598,Sivas Cumhuriyet University,Turkey (),4550,950,550,825,550,1050,625,2020
599,University of Sri Jayewardenepura,Sri Lanka (),4525,225,1425,600,325,750,1200,2020
600,Polytechnical University of Bari,Italy (),4525,300,1375,750,350,1100,650,2020
601,Universidad La Gran Colombia,Colombia (),4525,1075,825,825,450,275,1075,2020
602,National Chiao Tung University,Chinese Taipei (),4525,525,300,1200,600,775,1125,2020
603,Universidad Nacional de San Martin Argentina,Argentina (),4500,800,1075,450,200,1150,825,2020
604,Bashkir State Agrarian University,Russia (),4500,925,725,375,300,1100,1075,2020
605,Seinäjoki University of Applied Sciences,Finland (),4500,725,625,1275,400,675,800,2020
606,Islamic university of Lebanon,Lebanon (),4475,1050,1200,375,375,925,550,2020
607,Benazir Bhutto Shaheed University of Technology & Skill Development,Pakistan (),4475,925,1050,600,400,750,750,2020
608,University of Miskolc,Hungary (),4475,725,975,675,50,800,1250,2020
609,Winthrop University,USA (),4475,825,925,750,550,650,775,2020
610,Universitas Maritim Raja Ali Haji,Indonesia (),4475,775,800,675,325,1000,900,2020
611,University of Warith Alanbiyaa,Iraq (),4475,750,750,750,675,850,700,2020
612,Bashkir State University,Russia (),4475,575,700,750,400,1150,900,2020
613,National Taipei University of Education,Chinese Taipei (),4475,475,700,1275,500,850,675,2020
614,Kansas State University,USA (),4475,675,650,825,500,1125,700,2020
615,"Universidad Iberoamericana, A.C.",Mexico (),4475,425,650,1350,850,575,625,2020
616,Universiti Sains Islam Malaysia,Malaysia (),4475,800,450,825,375,925,1100,2020
617,Al-zahrawi University College,Iraq (),4450,1050,1200,525,350,725,600,2020
618,Bu Ali Sina University Hamedan,Iran (),4450,900,725,675,350,1000,800,2020
619,Universitaria Agustiniana,Colombia (),4425,400,1175,1350,675,0,825,2020
620,University of Management and Technology,Pakistan (),4425,525,875,750,400,875,1000,2020
621,Tashkent Institute of Irrigation and Agricultural Mechanization Engineers,Uzbekistan (),4425,475,775,450,500,1125,1100,2020
622,Russian State Pedagogical University AI Herzen,Russia (),4425,650,750,1200,250,850,725,2020
623,Universidad Externado De Colombia,Colombia (),4425,700,750,900,400,825,850,2020
624,University of Oradea,Romania (),4400,600,1050,1050,400,925,375,2020
625,Hasselt University,Belgium (),4400,475,800,975,425,800,925,2020
626,Kto Karatay University,Turkey (),4400,325,775,600,425,1425,850,2020
627,Anadolu University,Turkey (),4400,850,525,1500,350,800,375,2020
628,University of Wisconsin Parkside,USA (),4400,950,375,900,525,975,675,2020
629,Lviv Polytechnic National University,Ukraine (),4375,525,950,675,250,950,1025,2020
630,University of Sindh Jamshoro,Pakistan (),4375,900,925,525,450,975,600,2020
631,Universidad Catolica Del Norte,Chile (),4375,350,725,825,200,1250,1025,2020
632,Universidad de Los Hemisferios,Ecuador (),4375,1200,725,750,200,775,725,2020
633,University of Diyala,Iraq (),4350,300,1375,675,500,900,600,2020
634,Prince Sattam bin Abdulaziz University,Saudi Arabia (),4350,425,1225,300,400,1175,825,2020
635,University of Birjand,Iran (),4350,525,800,525,500,1050,950,2020
636,Kakatiya University,India (),4350,625,750,600,525,950,900,2020
637,Islamia University of Bahawalpur,Pakistan (),4350,900,675,525,450,1050,750,2020
638,University of Agricultural Sciences and Veterinary Medicine of Cluj-Napoca,Romania (),4350,875,400,1050,250,1175,600,2020
639,Shiraz University,Iran (),4325,850,775,600,450,750,900,2020
640,Sumy National Agrarian University,Ukraine (),4325,1025,700,375,250,800,1175,2020
641,Omsk State Agrarian University,Russia (),4325,750,425,975,200,825,1150,2020
642,Bharathiar University,India (),4300,600,1200,450,325,1025,700,2020
643,Universitas Negeri Medan,Indonesia (),4300,750,925,750,400,775,700,2020
644,Wasit University,Iraq (),4300,1175,900,225,750,875,375,2020
645,Düzce University,Turkey (),4300,850,875,450,150,1125,850,2020
646,Skyline College,USA (),4300,700,750,975,525,725,625,2020
647,Rambhai Barni Rajabhat University,Thailand (),4300,1025,750,450,325,600,1150,2020
648,Politeknik Sultan Idris Shah,Malaysia (),4300,650,475,750,325,950,1150,2020
649,University of Tennessee Martin,USA (),4300,1000,425,975,350,600,950,2020
650,Prince of Songkla University Phuket Campus,Thailand (),4300,975,325,900,600,775,725,2020
651,Universita Degli Studi Di Bergamo,Italy (),4275,300,1250,1350,175,750,450,2020
652,West University of Timisoara,Romania (),4275,575,975,600,250,1050,825,2020
653,Kyrgyz Turkish Manas University,Kyrgyzstan (),4275,800,775,375,200,975,1150,2020
654,Al-Farahidi University,Iraq (),4275,800,650,525,475,825,1000,2020
655,Damietta University,Egypt (),4275,850,450,750,550,525,1150,2020
656,Islamic Azad University Khorasgan Isfahan,Iran (),4250,625,1050,450,450,925,750,2020
657,Universidade de Sorocaba,Brazil (),4250,1075,950,600,400,850,375,2020
658,National University of Life and Environmental Sciences of Ukraine,Ukraine (),4250,775,700,450,250,775,1300,2020
659,Persian Gulf University,Iran (),4250,800,675,600,475,775,925,2020
660,Mykolayiv National Agrarian University,Ukraine (),4225,1000,625,300,550,775,975,2020
661,University of Macedonia,Greece (),4200,300,1125,1200,200,700,675,2020
662,Universitas Pembangunan Nasional Veteran Yogyakarta,Indonesia (),4200,825,775,675,200,700,1025,2020
663,Universitas Dinamika,Indonesia (),4175,425,925,825,550,625,825,2020
664,Al-Maarif University College,Iraq (),4150,575,1150,975,125,625,700,2020
665,The University of The West Indies,Trinidad and Tobago (),4150,625,950,525,400,675,975,2020
666,Ateneo de Davao University,Philippines (),4150,350,875,825,625,775,700,2020
667,State Islamic University Syarif Hidayatullah Jakarta,Indonesia (),4150,700,650,675,300,925,900,2020
668,Jacksonville University,USA (),4150,1225,650,675,250,700,650,2020
669,Sari Agricultural Sciences And Natural Resources University,Iran (),4150,775,475,525,575,900,900,2020
670,Babol Noshirvani University of Technology,Iran (),4125,700,1000,675,375,600,775,2020
671,Middle Technical University (MTU),Iraq (),4125,700,925,525,425,1050,500,2020
672,CCS Haryana Agricultural University,India (),4125,725,700,675,500,525,1000,2020
673,Universidad Industrial de Santander,Colombia (),4125,525,625,825,350,1025,775,2020
674,Universidad Catolica de Pereira,Colombia (),4125,900,625,1050,325,675,550,2020
675,North-eastern Federal University,Russia (),4125,700,500,1050,0,300,1575,2020
676,Universidad Autónoma De Coahuila,Mexico (),4100,375,775,450,250,975,1275,2020
677,Politeknik Sultan Haji Ahmad Shah,Malaysia (),4100,750,625,600,600,525,1000,2020
678,Universitas Kristen Indonesia,Indonesia (),4075,625,925,375,250,775,1125,2020
679,Universitas Muhammadiyah Prof Dr Hamka,Indonesia (),4075,650,900,750,325,575,875,2020
680,Sharif University of Technology,Iran (),4075,325,625,600,250,1000,1275,2020
681,Xavier University Ateneo De Cagayan,Philippines (),4050,375,950,1050,500,600,575,2020
682,"El Colegio De México, A.C.",Mexico (),4050,600,925,450,625,750,700,2020
683,University of Kerbala,Iraq (),4050,750,700,525,0,1175,900,2020
684,Moscow State University of Civil Engineering,Russia (),4050,1075,650,0,100,725,1500,2020
685,Ataturk University,Turkey (),4025,950,900,975,0,900,300,2020
686,Voronezh State Technical University,Russia (),4025,450,875,825,250,725,900,2020
687,Universidade Federal de Sao Paulo,Brazil (),4025,175,825,825,450,625,1125,2020
688,Kazan State Medical University,Russia (),4025,900,650,825,0,550,1100,2020
689,Namal Institute,Pakistan (),4000,850,1175,75,125,1100,675,2020
690,University of Balochistan,Pakistan (),4000,600,975,525,300,975,625,2020
691,Dijlah University College,Iraq (),4000,550,900,675,200,825,850,2020
692,Dibrugarh University,India (),4000,1125,800,675,100,550,750,2020
693,Kherson State Maritime Academy,Ukraine (),4000,850,500,1275,0,775,600,2020
694,IAIN Samarinda,Indonesia (),3975,500,950,375,600,875,675,2020
695,University of Kirkuk,Iraq (),3975,375,850,450,650,950,700,2020
696,Akhmet Yassawi University,Kazakhstan (),3950,600,1150,450,250,750,750,2020
697,Nakhon Ratchasima Rajabhat University,Thailand (),3950,375,975,600,175,550,1275,2020
698,Universitas PGRI Ronggolawe,Indonesia (),3950,175,900,450,450,1075,900,2020
699,Al-Karkh University of Science,Iraq (),3950,675,825,450,250,900,850,2020
700,V. N. Karazin Kharkiv National University,Ukraine (),3950,750,700,1125,100,650,625,2020
701,Kharazmi University,Iran (),3950,625,700,825,450,975,375,2020
702,University of Alkafeel,Iraq (),3925,400,1125,675,300,825,600,2020
703,Universidad Tecnica del Norte,Ecuador (),3925,475,975,450,350,825,850,2020
704,Punyashlok Ahilyadevi Holkar Solapur University Solapur,India (),3925,700,975,675,275,250,1050,2020
705,Zhubanov University,Kazakhstan (),3925,550,700,1125,300,450,800,2020
706,Universidad Central de Venezuela,Venezuela (),3925,725,625,375,350,750,1100,2020
707,Universidad de La Laguna,Spain (),3900,200,1000,600,350,700,1050,2020
708,South Valley University,Egypt (),3900,900,825,525,150,550,950,2020
709,Universitas Kuningan,Indonesia (),3900,1275,650,525,200,425,825,2020
710,Universitas Surabaya,Indonesia (),3900,450,625,975,450,800,600,2020
711,Gebze Techinal University,Turkey (),3900,1050,350,0,0,1400,1100,2020
712,University of Engineering & Technology Lahore,Pakistan (),3850,425,900,525,450,900,650,2020
713,Islamic University of Gaza,Palestine (),3825,650,1325,300,125,850,575,2020
714,Adiyaman University,Turkey (),3825,600,875,750,250,750,600,2020
715,"National Institute of Technology Karnataka, Surathkal",India (),3825,725,850,750,350,700,450,2020
716,Kharkiv National University of Radio Electronics,Ukraine (),3800,275,925,600,150,725,1125,2020
717,Universidad Popular De La Chontalpa,Mexico (),3800,675,925,825,75,775,525,2020
718,Cyprus University of Technology,Republic of Cyprus (),3800,300,900,600,300,700,1000,2020
719,Zanjan University of Medical Sciences and Health Services,Iran (),3800,625,875,600,250,850,600,2020
720,Colegio de Estudios Superiores de Administracion CESA,Colombia (),3800,275,800,525,425,1000,775,2020
721,University of Mosul,Iraq (),3800,975,600,375,50,1025,775,2020
722,Maranhao State University,Brazil (),3800,700,425,600,250,575,1250,2020
723,Bilkent University,Turkey (),3800,975,350,750,325,1175,225,2020
724,Tadeusz Kosciuszko Cracow University of Technology,Poland (),3775,525,975,675,250,525,825,2020
725,Mustansiriyah University,Iraq (),3775,850,875,375,325,625,725,2020
726,Tomsk State University of Architecture and Building,Russia (),3775,575,800,825,375,525,675,2020
727,Imam Al-Kadhum College,Iraq (),3750,400,925,1125,50,925,325,2020
728,Universitas Islam Negeri Maulana Malik Ibrahim Malang,Indonesia (),3750,800,925,0,200,600,1225,2020
729,Rubtsov industrial Institute (branch) of the Federal state budgetary educational institution of higher professional education,Russia (),3750,375,875,825,275,600,800,2020
730,Manisa Celal Bayar University,Turkey (),3750,900,875,1125,100,750,0,2020
731,Islamic University,Iraq (),3750,275,850,975,350,600,700,2020
732,Southern Technical University,Iraq (),3750,850,850,225,500,650,675,2020
733,Galatasaray University,Turkey (),3750,250,650,1275,200,1075,300,2020
734,Universidad de la Costa,Colombia (),3750,125,650,450,450,700,1375,2020
735,Telafer University,Iraq (),3750,900,600,150,375,800,925,2020
736,Integral University,India (),3725,550,900,675,250,725,625,2020
737,Yala Rajabhat University,Thailand (),3725,600,575,750,525,825,450,2020
738,Pacific Union College,USA (),3725,700,300,1125,675,150,775,2020
739,University of Wah,Pakistan (),3700,425,1275,375,150,800,675,2020
740,Universitas Bosowa,Indonesia (),3700,525,850,750,200,625,750,2020
741,Universitas Nasional,Indonesia (),3700,725,825,600,50,300,1200,2020
742,University of Tabriz,Iran (),3700,1125,800,375,375,525,500,2020
743,Tambov State Technical University,Russia (),3675,950,500,375,0,575,1275,2020
744,Lobachevsky State University of Nizhny Novgorod,Russia (),3675,300,350,450,450,700,1425,2020
745,Indus University,Pakistan (),3650,725,1125,450,425,100,825,2020
746,Università di Foggia,Italy (),3650,250,1000,1350,200,125,725,2020
747,Shaheed Benazir Bhutto Women University Peshawar Pakistan,Pakistan (),3650,750,975,375,150,1000,400,2020
748,Università degli Studi del Piemonte Orientale,Italy (),3650,75,825,825,250,750,925,2020
749,Universidad De San Carlos De Guatemala,Guatemala (),3650,675,700,675,125,925,550,2020
750,Kostanay State Pedagogical University,Kazakhstan (),3625,225,625,450,525,675,1125,2020
751,Astrakhan State Technical University,Russia (),3625,825,500,525,375,500,900,2020
752,Technical University Of Košice,Slovakia (),3600,575,825,375,375,525,925,2020
753,Daugavpils University,Latvia (),3600,375,750,450,200,700,1125,2020
754,Middle East University (MEU),Jordan (),3600,500,650,600,400,750,700,2020
755,Penza State University,Russia (),3575,625,825,600,150,500,875,2020
756,University of Crete,Greece (),3575,725,800,675,0,675,700,2020
757,Universitas Trisakti,Indonesia (),3550,400,700,600,275,450,1125,2020
758,Usak University,Turkey (),3550,675,700,300,275,850,750,2020
759,Universidad Tecnologica de Panama,Panama (),3550,525,500,900,250,400,975,2020
760,Uzhhorod National University,Ukraine (),3550,900,425,525,50,825,825,2020
761,Universidade Federal do Oeste do Pará - Ufopa,Brazil (),3525,625,800,300,250,500,1050,2020
762,Tanta University,Egypt (),3525,275,700,375,150,750,1275,2020
763,Moscow State University of Food Production,Russia (),3525,500,625,375,150,825,1050,2020
764,Universita di Macerata (Universita degli Studi di Macerata),Italy (),3500,200,875,750,75,550,1050,2020
765,Guru Nanak Dev Engineering College,India (),3500,550,850,525,450,450,675,2020
766,University of Basrah,Iraq (),3500,375,700,675,200,825,725,2020
767,Universidad Biblica De Las Americas,Venezuela (),3500,850,675,375,300,550,750,2020
768,Shaheed Benazir Bhutto University Shaheed Benazirabad Sindh,Pakistan (),3500,750,650,225,250,1175,450,2020
769,Universidad Autónoma De Querétaro,Mexico (),3500,500,525,450,400,525,1100,2020
770,University of Al-Ameed,Iraq (),3500,625,200,525,425,975,750,2020
771,Universidad Nacional Del Litoral,Argentina (),3450,175,800,750,300,600,825,2020
772,IAIN Salatiga,Indonesia (),3425,75,1200,600,350,825,375,2020
773,"Instituto Federal de Educação, Ciência e Tecnologia do Rio Grande do Norte (IFRN)",Brazil (),3425,800,825,450,450,225,675,2020
774,Ivan Franko National University of Lviv,Ukraine (),3400,1200,575,150,175,700,600,2020
775,Azerbaijan State Agricultural University,Azerbaijan (),3375,800,625,150,350,1150,300,2020
776,Al Akhawayn University in Ifrane,Morocco (),3375,625,525,375,375,750,725,2020
777,Al-Kunooze University College,Iraq (),3350,425,700,450,250,700,825,2020
778,University of Peshawar,Pakistan (),3350,650,575,450,200,800,675,2020
779,Al-Kut University College,Iraq (),3350,550,550,525,300,800,625,2020
780,Kazakhstan Engineering and Technological University,Kazakhstan (),3325,175,1025,450,250,600,825,2020
781,Saint-Peterburg State Forest Technical University,Russia (),3325,425,975,525,250,375,775,2020
782,University of Galati,Romania (),3325,275,675,675,100,800,800,2020
783,Kyiv National University Of Technologies And Design,Ukraine (),3325,700,625,150,325,750,775,2020
784,Dow University of Health Sciences Karachi,Pakistan (),3325,350,575,825,450,825,300,2020
785,Universitas Internasional Semen Indonesia,Indonesia (),3325,800,525,450,250,550,750,2020
786,Kutahya Dumlupinar University,Turkey (),3325,750,200,225,400,1225,525,2020
787,Université de Monastir,Tunisia (),3250,375,725,450,325,625,750,2020
788,Allama Iqbal Open University,Pakistan (),3250,1175,575,675,0,450,375,2020
789,Al-Nahrain University,Iraq (),3225,550,700,450,250,700,575,2020
790,Politeknik Negeri Jakarta,Indonesia (),3200,650,950,75,675,525,325,2020
791,University of Kragujevac,Serbia (),3200,300,775,525,375,425,800,2020
792,"Balochistan University of Information Technology, Engineering & Management Sciences",Pakistan (),3200,750,775,75,150,925,525,2020
793,Chuvash State Pedagogical University,Russia (),3200,1175,550,450,250,350,425,2020
794,Lahore University of Management Sciences,Pakistan (),3175,425,900,450,325,750,325,2020
795,University of Fallujah,Iraq (),3150,475,800,300,325,650,600,2020
796,International Sakharov Environmental Institute of Belarusian State University,Belarus (),3150,450,725,375,0,450,1150,2020
797,Karakoram International University,Pakistan (),3125,400,750,450,350,625,550,2020
798,Gazi University,Turkey (),3125,850,475,525,150,825,300,2020
799,Al-iraqia University,Iraq (),3100,350,925,0,250,875,700,2020
800,National University of Water And Environmental Engineering,Ukraine (),3100,700,775,225,0,525,875,2020
801,Ardakan University,Iran (),3075,275,825,225,325,600,825,2020
802,University of Manouba,Tunisia (),3075,550,525,375,150,425,1050,2020
803,Rider University,USA (),3050,225,650,600,50,925,600,2020
804,Budapest Metropolitan University,Hungary (),3050,575,650,750,325,425,325,2020
805,Bingol University,Turkey (),3025,725,575,375,50,850,450,2020
806,Shahid Beheshti Univresity,Iran (),3025,600,375,375,625,600,450,2020
807,University of Karachi,Pakistan (),3000,525,525,600,325,475,550,2020
808,Samara State Technical University,Russia (),3000,550,425,375,100,425,1125,2020
809,Bacha Khan University Charsadda,Pakistan (),2950,575,950,150,75,600,600,2020
810,University of Thi-qar,Iraq (),2950,475,650,450,200,700,475,2020
811,Saurashtra University,India (),2950,1050,400,150,0,575,775,2020
812,Alanya Alaaddin Keykubat University,Turkey (),2925,425,975,675,200,350,300,2020
813,Instituição Toledo De Ensino,Brazil (),2925,250,850,600,325,50,850,2020
814,Universidad Libre,Colombia (),2925,375,775,900,0,325,550,2020
815,Udmurt State University,Russia (),2925,175,675,525,0,950,600,2020
816,Akademi Teknik Telekomunikasi Sandhy Putra Jakarta,Indonesia (),2900,500,825,975,50,225,325,2020
817,Universitas Muhammadiyah Parepare,Indonesia (),2900,375,350,675,75,450,975,2020
818,Jawaharlal Institute of Postgraduate Medical Education & Research,India (),2875,475,1075,300,125,750,150,2020
819,Foundation University,Philippines (),2875,150,1000,450,250,625,400,2020
820,Daneshpajoohan Pishro Higher Education Institute (dhei),Iran (),2850,275,600,150,0,775,1050,2020
821,Tomas Bata University,Czech Republic (),2850,425,550,825,200,325,525,2020
822,University of Samarra,Iraq (),2850,350,500,375,250,625,750,2020
823,University of Tourism and Management in Skopje,Republic of Macedonia (),2800,500,650,450,250,475,475,2020
824,Al-Ayen University,Iraq (),2800,925,400,225,0,725,525,2020
825,Swedish Defence University,Sweden (),2775,75,675,600,300,750,375,2020
826,Universidad Autonoma De La Ciudad De Mexico,Mexico (),2775,450,650,300,200,950,225,2020
827,"Laucala Campus, University of the South Pacific",Fiji (),2775,700,625,525,125,500,300,2020
828,"Bahauddin Zakariya University, Multan Pakistan",Pakistan (),2775,350,575,450,425,600,375,2020
829,Universitas Kristen Krida Wacana,Indonesia (),2725,50,725,525,200,550,675,2020
830,Universitas Muria Kudus,Indonesia (),2725,675,550,450,50,300,700,2020
831,Amman Arab University,Jordan (),2700,625,925,525,0,400,225,2020
832,President University,Indonesia (),2700,175,600,375,0,725,825,2020
833,Aga Khan University,Pakistan (),2675,450,625,450,325,575,250,2020
834,"Instituto Federal de Educação, Ciência e Tecnologia do Sudeste de Minas Gerais",Brazil (),2675,975,525,0,0,500,675,2020
835,STIE Muhammadiyah Jakarta,Indonesia (),2650,175,900,450,250,250,625,2020
836,Air University,Pakistan (),2650,475,525,375,0,525,750,2020
837,North Ossetian State University,Russia (),2650,675,500,225,150,425,675,2020
838,Yugra State University,Russia (),2650,550,425,300,0,700,675,2020
839,Sekolah Tinggi Manajemen Ipmi,Indonesia (),2625,425,675,450,200,225,650,2020
840,The Maria Grzegorzewska University,Poland (),2625,475,650,600,100,425,375,2020
841,Al-Turath University College,Iraq (),2600,325,850,300,300,375,450,2020
842,Al-Bayan University,Iraq (),2600,250,575,300,200,825,450,2020
843,Imam Ja'afar Al-Sadiq University,Iraq (),2600,525,325,150,450,550,600,2020
844,Al-Mustafa University College,Iraq (),2575,325,875,300,250,600,225,2020
845,Al Amara University College,Iraq (),2525,250,350,525,375,575,450,2020
846,BINUS University,Indonesia (),2500,425,500,375,225,550,425,2020
847,Universitas Muhammadiyah Surakarta,Indonesia (),2475,75,1175,0,100,850,275,2020
848,University of Kwazulu Natal,South Africa (),2475,450,550,525,125,325,500,2020
849,Universitas Samudra,Indonesia (),2475,650,375,150,200,425,675,2020
850,Cardinal Stefan Wyszynski University in Warsaw,Poland (),2450,325,600,375,75,450,625,2020
851,Al-Farabi University College,Iraq (),2450,725,550,300,0,375,500,2020
852,University Of Applied Social Sciences,Lithuania (),2425,75,600,300,200,850,400,2020
853,Madenat Al-Elem University College ( MAUC ),Iraq (),2400,525,700,375,0,425,375,2020
854,Medical University - Sofia,Bulgaria (),2400,450,375,600,200,475,300,2020
855,Universidade do Estado do Amazonas,Brazil (),2375,275,875,300,0,475,450,2020
856,Al-qalam University College,Iraq (),2350,475,725,300,50,350,450,2020
857,Institut Teknologi Kalimantan,Indonesia (),2350,825,600,225,0,325,375,2020
858,Universidad de Cartagena,Colombia (),2325,75,325,225,125,975,600,2020
859,Technical And Vocational University,Iran (),2300,50,1000,375,250,475,150,2020
860,Universitas Ma Chung,Indonesia (),2300,725,300,375,50,575,275,2020
861,"University of Baltistan, Skardu",Pakistan (),2300,700,300,375,275,350,300,2020
862,Rajamangala University of Technology Krungthep,Thailand (),2275,150,725,300,0,525,575,2020
863,L.N. Gumilyov Eurasian National University,Kazakhstan (),2275,375,675,75,0,550,600,2020
864,Al-nisour University College,Iraq (),2250,250,550,525,0,325,600,2020
865,Universidad Central De Nicaragua,Nicaragua (),2225,475,875,75,50,450,300,2020
866,Ural State Forest Engineering University,Russia (),2225,0,475,450,250,600,450,2020
867,University of Dhaka,Bangladesh (),2225,875,375,150,50,400,375,2020
868,Universitas Al Azhar Indonesia,Indonesia (),2200,125,600,75,0,125,1275,2020
869,Vologda State University,Russia (),2200,225,600,525,50,275,525,2020
870,Pakistan Institute of Fashion and Design,Pakistan (),2175,425,425,450,250,325,300,2020
871,American University In Bulgaria,Bulgaria (),2150,200,350,450,100,750,300,2020
872,Alsafwa University College,Iraq (),2150,525,200,450,250,175,550,2020
873,Universitas Wiraraja,Indonesia (),2125,125,650,375,125,150,700,2020
874,Universidad Autonoma Del Caribe,Colombia (),2125,525,225,525,325,0,525,2020
875,Institut Teknologi Telkom Purwokerto,Indonesia (),2075,300,825,375,225,350,0,2020
876,Universitas Pendidikan Ganesha,Indonesia (),2075,275,675,75,100,175,775,2020
877,Zhetysu State University Named After I. Zhansugurov,Kazakhstan (),2050,950,200,75,0,125,700,2020
878,Sekolah Tinggi Teknik Malang,Indonesia (),2025,150,1175,75,150,300,175,2020
879,University of South Africa,South Africa (),2025,350,75,150,0,925,525,2020
880,"Tecnológico Nacional de México, Campus Hermosillo",Mexico (),2025,550,50,300,75,500,550,2020
881,Politeknik Negeri Malang,Indonesia (),2000,400,950,0,50,275,325,2020
882,Institut Agama Islam Negeri Ponorogo,Indonesia (),2000,525,675,75,0,725,0,2020
883,Northern Technical University,Iraq (),2000,275,525,0,150,825,225,2020
884,University of Mostar,Bosnia and Herzegovina (),2000,300,225,450,0,675,350,2020
885,King Khalid University,Saudi Arabia (),1925,675,75,0,0,575,600,2020
886,Ahl Al Bayt University,Iraq (),1900,575,575,150,100,375,125,2020
887,Tikrit University,Iraq (),1800,375,425,75,150,700,75,2020
888,Jabir ibn Hayyan Medical University,Iraq (),1775,575,500,225,0,475,0,2020
889,K. N. Toosi University of Technology,Iran (),1775,550,425,75,0,525,200,2020
890,Universitas Mataram,Indonesia (),1750,350,300,75,0,425,600,2020
891,"International Islamic University, Islamabad",Pakistan (),1725,475,275,225,200,400,150,2020
892,"Central University Of Technology, Free State",South Africa (),1700,75,525,225,150,375,350,2020
893,University of Education,Pakistan (),1700,475,200,375,200,375,75,2020
894,Russian State Social University,Russia (),1700,425,150,225,200,75,625,2020
895,Tamil Nadu Dr M G R Medical University,India (),1650,75,600,375,350,250,0,2020
896,Institut Kesenian Jakarta - LPKJ,Indonesia (),1625,725,275,375,0,175,75,2020
897,Green International University,Pakistan (),1575,475,475,0,50,275,300,2020
898,Shah Abdul Latif University,Pakistan (),1550,625,50,150,50,150,525,2020
899,Al-Qasim Green University,Iraq (),1500,250,225,0,50,225,750,2020
900,Alnoor University College,Iraq (),1400,400,500,300,0,125,75,2020
901,Ibn Sina University of Medical and Pharmaceutical Sciences,Iraq (),1400,325,375,75,75,400,150,2020
902,"University of Technology, Baghdad",Iraq (),1375,75,375,0,0,500,425,2020
903,Virtual University of Pakistan,Pakistan (),1375,75,150,150,200,625,175,2020
904,University of Al-hamdaniya,Iraq (),1200,200,350,75,100,250,225,2020
905,Ninevah University,Iraq (),1150,250,200,0,200,425,75,2020
906,Al-Manara College of Medical Sciences,Iraq (),1150,200,100,0,0,400,450,2020
907,Universidad Peruana Cayetano Heredia,Peru (),1075,75,175,300,200,175,150,2020
908,Universitas Cokroaminoto Palopo,Indonesia (),1025,125,425,0,0,325,150,2020
909,University of Applied Science and Technology,Iran (),1025,75,150,450,50,300,0,2020
910,University of Information Technology and Communications,Iraq (),750,150,225,75,0,300,0,2020
911,Universitas Harapan Medan,Indonesia (),250,250,0,0,0,0,0,2020
912,Basrah University College,Iraq (),175,125,0,0,0,50,0,2020
1,Wageningen University & ResearchNetherlands,,9300.00,1325.00,1825.00,1800.00,1000.00,1550.00,1800.00,2021
2,University of NottinghamUnited Kingdom,,8850.00,1375.00,1525.00,1800.00,1000.00,1500.00,1650.00,2021
3,University of GroningenNetherlands,,8800.00,1275.00,1550.00,1800.00,1000.00,1650.00,1525.00,2021
4,Nottingham Trent UniversityUnited Kingdom,,8750.00,1200.00,1750.00,1800.00,800.00,1450.00,1750.00,2021
5,"University of California, DavisUSA",,8750.00,1300.00,1650.00,1725.00,950.00,1450.00,1675.00,2021
6,Umwelt-Campus Birkenfeld (Trier University of Applied Sciences)Germany,,8725.00,1025.00,1950.00,1500.00,1000.00,1650.00,1600.00,2021
7,Leiden UniversityNetherlands,,8700.00,900.00,1825.00,1800.00,1000.00,1650.00,1525.00,2021
8,University College CorkIreland,,8700.00,1300.00,1650.00,1650.00,850.00,1550.00,1700.00,2021
9,University of ConnecticutUSA,,8700.00,1250.00,1500.00,1725.00,1000.00,1475.00,1750.00,2021
10,Universidade de Sao Paulo USPBrazil,,8700.00,1350.00,1475.00,1650.00,950.00,1675.00,1600.00,2021
11,University of Southern DenmarkDenmark,,8675.00,975.00,1825.00,1725.00,1000.00,1550.00,1600.00,2021
12,Universita di BolognaItaly,,8675.00,1200.00,1400.00,1725.00,800.00,1800.00,1750.00,2021
13,Dublin City UniversityIreland,,8650.00,1250.00,1550.00,1800.00,950.00,1450.00,1650.00,2021
14,Hame University of Applied SciencesFinland,,8625.00,1275.00,1700.00,1725.00,1000.00,1425.00,1500.00,2021
15,Bangor UniversityUnited Kingdom,,8600.00,1275.00,1525.00,1725.00,750.00,1600.00,1725.00,2021
16,Universitat BremenGermany,,8575.00,1150.00,1675.00,1650.00,950.00,1475.00,1675.00,2021
17,Université de SherbrookeCanada,,8550.00,1125.00,1700.00,1650.00,950.00,1475.00,1650.00,2021
18,Universidad Autónoma De Nuevo LeónMexico,,8550.00,1275.00,1475.00,1650.00,900.00,1600.00,1650.00,2021
19,Leuphana Universitat LuneburgGermany,,8525.00,1000.00,1850.00,1575.00,850.00,1600.00,1650.00,2021
20,Politecnico di TorinoItaly,,8500.00,600.00,1775.00,1800.00,1000.00,1600.00,1725.00,2021
21,University of LimerickIreland,,8500.00,1250.00,1575.00,1575.00,850.00,1550.00,1700.00,2021
22,Luiss UniversityItaly,,8475.00,950.00,1925.00,1500.00,900.00,1650.00,1550.00,2021
23,Universita degli Studi di TorinoItaly,,8475.00,1150.00,1675.00,1575.00,800.00,1550.00,1725.00,2021
24,Universitas IndonesiaIndonesia,,8450.00,1175.00,1700.00,1575.00,950.00,1425.00,1625.00,2021
25,Freie Universitat BerlinGermany,,8450.00,1300.00,1650.00,1725.00,750.00,1275.00,1750.00,2021
26,King Abdulaziz UniversitySaudi Arabia,,8450.00,1375.00,1400.00,1650.00,950.00,1475.00,1600.00,2021
27,Universiti Putra MalaysiaMalaysia,,8425.00,1300.00,1600.00,1425.00,900.00,1625.00,1575.00,2021
28,RUDN UniversityRussia,,8425.00,1175.00,1525.00,1650.00,850.00,1650.00,1575.00,2021
29,National Pingtung University of Science & TechnologyChinese Taipei,,8425.00,1275.00,1475.00,1500.00,950.00,1600.00,1625.00,2021
30,Universitas DiponegoroIndonesia,,8400.00,1025.00,1650.00,1425.00,950.00,1550.00,1800.00,2021
31,National Chi Nan UniversityChinese Taipei,,8375.00,1375.00,1600.00,1500.00,900.00,1475.00,1525.00,2021
32,Universiti MalayaMalaysia,,8375.00,1350.00,1175.00,1575.00,1000.00,1525.00,1750.00,2021
33,Universitas Gadjah MadaIndonesia,,8350.00,1175.00,1600.00,1350.00,900.00,1525.00,1800.00,2021
34,University of Eastern FinlandFinland,,8325.00,775.00,1875.00,1800.00,1000.00,1300.00,1575.00,2021
35,Universidad Autónoma de OccidenteColombia,,8325.00,1175.00,1600.00,1800.00,1000.00,1150.00,1600.00,2021
36,University of WarwickUnited Kingdom,,8325.00,1125.00,1500.00,1650.00,700.00,1625.00,1725.00,2021
37,Universita degli Studi dell'AquilaItaly,,8300.00,1200.00,1550.00,1425.00,850.00,1500.00,1775.00,2021
38,Universidad Complutense De MadridSpain,,8275.00,900.00,1600.00,1800.00,1000.00,1500.00,1475.00,2021
39,Carleton UniversityCanada,,8275.00,1075.00,1575.00,1800.00,950.00,1350.00,1525.00,2021
40,Institut Teknologi Sepuluh NopemberIndonesia,,8275.00,1225.00,1500.00,1425.00,950.00,1375.00,1800.00,2021
41,Universidad del RosarioColombia,,8275.00,1250.00,1450.00,1650.00,850.00,1500.00,1575.00,2021
42,University of PécsHungary,,8275.00,1225.00,1350.00,1575.00,850.00,1650.00,1625.00,2021
43,Universitas Negeri SemarangIndonesia,,8250.00,1250.00,1525.00,1275.00,900.00,1600.00,1700.00,2021
44,Universitat Autónoma de BarcelonaSpain,,8225.00,1025.00,1700.00,1725.00,850.00,1375.00,1550.00,2021
45,Kasetsart UniversityThailand,,8225.00,1175.00,1625.00,1425.00,850.00,1525.00,1625.00,2021
46,IPB UniversityIndonesia,,8225.00,1350.00,975.00,1575.00,900.00,1625.00,1800.00,2021
47,Universidad de AlcaláSpain,,8200.00,1175.00,1825.00,1425.00,850.00,1375.00,1550.00,2021
48,Universidade Federal de Lavras - UFLABrazil,,8200.00,1300.00,1325.00,1500.00,1000.00,1325.00,1750.00,2021
49,University of A CoruñaSpain,,8175.00,1125.00,1650.00,1650.00,850.00,1250.00,1650.00,2021
50,Riga Technical UniversityLatvia,,8175.00,1000.00,1425.00,1575.00,900.00,1700.00,1575.00,2021
51,Lincoln UniversityNew Zealand,,8175.00,1300.00,1225.00,1425.00,850.00,1650.00,1725.00,2021
52,Al-Balqa Applied UniversityJordan,,8150.00,1200.00,1725.00,1200.00,850.00,1550.00,1625.00,2021
53,Universidad De SantanderColombia,,8150.00,1300.00,1725.00,1275.00,800.00,1550.00,1500.00,2021
54,Università degli Studi di GenovaItaly,,8150.00,1325.00,1650.00,1575.00,700.00,1500.00,1400.00,2021
55,Universidad Nacional de ColombiaColombia,,8150.00,1025.00,1475.00,1500.00,900.00,1575.00,1675.00,2021
56,National Yunlin University of Science & TechnologyChinese Taipei,,8150.00,1175.00,1475.00,1500.00,900.00,1525.00,1575.00,2021
57,Istanbul Technical UniversityTurkey,,8150.00,1225.00,1400.00,1575.00,900.00,1400.00,1650.00,2021
58,Keele UniversityUnited Kingdom,,8100.00,1150.00,1625.00,1800.00,800.00,1250.00,1475.00,2021
59,Mahidol UniversityThailand,,8100.00,1175.00,1375.00,1425.00,950.00,1525.00,1650.00,2021
60,Benemérita Universidad Autónoma de PueblaMexico,,8075.00,1025.00,1525.00,1725.00,1000.00,1350.00,1450.00,2021
61,Da-Yeh UniversityChinese Taipei,,8075.00,1075.00,1475.00,1500.00,1000.00,1375.00,1650.00,2021
62,Czech University of Life Sciences PragueCzech Republic,,8075.00,1050.00,1375.00,1725.00,1000.00,1175.00,1750.00,2021
63,Chaoyang University of TechnologyChinese Taipei,,8050.00,1125.00,1500.00,1500.00,900.00,1475.00,1550.00,2021
64,Nanhua University TaiwanChinese Taipei,,8050.00,1200.00,1250.00,1800.00,900.00,1475.00,1425.00,2021
65,University of CampinasBrazil,,8050.00,1050.00,1200.00,1575.00,950.00,1600.00,1675.00,2021
66,Universidad Tecnologica de PereiraColombia,,8025.00,1050.00,1700.00,1500.00,900.00,1300.00,1575.00,2021
67,Universiti Malaysia Sabah (UMS)Malaysia,,8025.00,1450.00,1525.00,1275.00,950.00,1325.00,1500.00,2021
68,National Chin-Yi University of TechnologyChinese Taipei,,8000.00,1100.00,1475.00,1725.00,800.00,1250.00,1650.00,2021
69,Shinshu UniversityJapan,,8000.00,1125.00,1450.00,1725.00,650.00,1350.00,1700.00,2021
70,Universidad De AntioquiaColombia,,8000.00,1225.00,1450.00,1350.00,900.00,1325.00,1750.00,2021
71,Princess Nourah Bint Abdulrahman UniversitySaudi Arabia,,8000.00,1275.00,1450.00,1275.00,1000.00,1450.00,1550.00,2021
72,University Of California San DiegoUSA,,7975.00,1075.00,1500.00,1425.00,900.00,1500.00,1575.00,2021
73,Siberian Federal UniversityRussia,,7975.00,1275.00,1500.00,1200.00,850.00,1625.00,1525.00,2021
74,National Taitung UniversityChinese Taipei,,7975.00,1200.00,1450.00,1425.00,850.00,1500.00,1550.00,2021
75,Suranaree University of TechnologyThailand,,7975.00,1275.00,1375.00,1425.00,850.00,1450.00,1600.00,2021
76,Fundación Universidad del Norte BarranquillaColombia,,7975.00,1225.00,1325.00,1725.00,950.00,1200.00,1550.00,2021
77,Universidad de CaldasColombia,,7975.00,1100.00,1025.00,1800.00,900.00,1500.00,1650.00,2021
78,Tilburg UniversityNetherlands,,7950.00,1000.00,1650.00,1725.00,1000.00,1325.00,1250.00,2021
79,Universitas Sebelas MaretIndonesia,,7950.00,1050.00,1475.00,1425.00,900.00,1375.00,1725.00,2021
80,Politecnico Di MilanoItaly,,7950.00,725.00,1375.00,1800.00,850.00,1550.00,1650.00,2021
81,Universitas Islam Negeri Raden Intan LampungIndonesia,,7925.00,1175.00,1700.00,1425.00,900.00,1425.00,1300.00,2021
82,Universidad de los Andes ColombiaColombia,,7925.00,1000.00,1500.00,1575.00,800.00,1450.00,1600.00,2021
83,King Mongkut's University of Technology ThonburiThailand,,7900.00,1050.00,1550.00,1425.00,650.00,1650.00,1575.00,2021
84,Universiti Tunku Abdul RahmanMalaysia,,7900.00,1175.00,1250.00,1500.00,900.00,1375.00,1700.00,2021
85,University of SzegedHungary,,7900.00,1275.00,1250.00,1650.00,850.00,1450.00,1425.00,2021
86,Universidad Pontificia BolivarianaColombia,,7900.00,1375.00,1200.00,1650.00,600.00,1525.00,1550.00,2021
87,Universidad Nacional Autónoma de MéxicoMexico,,7900.00,1100.00,1150.00,1575.00,850.00,1500.00,1725.00,2021
88,Universidade do MinhoPortugal,,7875.00,1100.00,1400.00,1725.00,800.00,1250.00,1600.00,2021
89,Washington University Saint LouisUSA,,7875.00,1100.00,1400.00,1575.00,950.00,1375.00,1475.00,2021
90,Universidad El BosqueColombia,,7850.00,1000.00,1700.00,1275.00,950.00,1450.00,1475.00,2021
91,Ozyegin UniversityTurkey,,7850.00,975.00,1525.00,1425.00,800.00,1450.00,1675.00,2021
92,Universidad Rey Juan CarlosSpain,,7850.00,900.00,1475.00,1800.00,750.00,1350.00,1575.00,2021
93,National Cheng Kung UniversityChinese Taipei,,7850.00,1075.00,1475.00,1425.00,800.00,1550.00,1525.00,2021
94,"Instituto Federal de Educao, Ciência e Tecnologia do Sul de Minas GeraisBrazil",,7850.00,1150.00,1275.00,1650.00,950.00,1250.00,1575.00,2021
95,University of ZanjanIran,,7850.00,1375.00,1125.00,1500.00,1000.00,1150.00,1700.00,2021
96,Chang Jung Christian UniversityChinese Taipei,,7825.00,975.00,1375.00,1650.00,550.00,1550.00,1725.00,2021
97,Universita degli Studi di PadovaItaly,,7800.00,1125.00,1325.00,1650.00,750.00,1250.00,1700.00,2021
98,Universidad Autonoma De YucatanMexico,,7775.00,1250.00,1650.00,1275.00,850.00,1225.00,1525.00,2021
99,Erciyes UniversityTurkey,,7775.00,1225.00,1400.00,1350.00,800.00,1425.00,1575.00,2021
100,Università degli Studi di SalernoItaly,,7750.00,1075.00,1650.00,1725.00,650.00,1175.00,1475.00,2021
101,Dhurakij Pundit UniversityThailand,,7750.00,1150.00,1425.00,1575.00,650.00,1425.00,1525.00,2021
102,Telkom UniversityIndonesia,,7750.00,1125.00,1350.00,1425.00,800.00,1325.00,1725.00,2021
103,Siam UniversityThailand,,7750.00,875.00,1300.00,1425.00,800.00,1600.00,1750.00,2021
104,University of KashanIran,,7725.00,875.00,1875.00,1275.00,900.00,1425.00,1375.00,2021
105,OMNES EDUCATIONFrance,,7725.00,575.00,1650.00,1800.00,850.00,1200.00,1650.00,2021
106,An-Najah National UniversityPalestine,,7725.00,1075.00,1625.00,1125.00,950.00,1300.00,1650.00,2021
107,Yildiz Technical UniversityTurkey,,7725.00,1025.00,1450.00,1275.00,900.00,1575.00,1500.00,2021
108,Ege UniversityTurkey,,7725.00,1125.00,1300.00,1575.00,800.00,1425.00,1500.00,2021
109,Universiti Utara MalaysiaMalaysia,,7725.00,1275.00,1100.00,1275.00,850.00,1625.00,1600.00,2021
110,Universiti Teknikal Malaysia MelakaMalaysia,,7700.00,1275.00,1475.00,1050.00,850.00,1475.00,1575.00,2021
111,Cyprus International UniversityTurkey,,7700.00,1125.00,1350.00,1350.00,900.00,1550.00,1425.00,2021
112,Universitas Islam IndonesiaIndonesia,,7700.00,1150.00,1325.00,1500.00,900.00,1325.00,1500.00,2021
113,Mae Fah Luang UniversityThailand,,7700.00,1125.00,1300.00,1425.00,850.00,1375.00,1625.00,2021
114,National Chung Hsing UniversityChinese Taipei,,7700.00,1200.00,1275.00,1725.00,900.00,975.00,1625.00,2021
115,Yeditepe UniversityTurkey,,7700.00,1025.00,1225.00,1575.00,800.00,1500.00,1575.00,2021
116,Walailak UniversityThailand,,7700.00,1225.00,1225.00,1425.00,850.00,1600.00,1375.00,2021
117,Holy Spirit University of Kaslik (USEK)Lebanon,,7675.00,975.00,1600.00,1650.00,700.00,1325.00,1425.00,2021
118,National Taipei University of TechnologyChinese Taipei,,7675.00,1075.00,1425.00,1125.00,800.00,1650.00,1600.00,2021
119,University of SharjahUnited Arab Emirates,,7675.00,1375.00,975.00,1500.00,1000.00,1175.00,1650.00,2021
120,Universitat De GironaSpain,,7650.00,875.00,1750.00,1575.00,600.00,1275.00,1575.00,2021
121,Maejo UniversityThailand,,7650.00,1250.00,1500.00,1200.00,650.00,1375.00,1675.00,2021
122,Ton Duc Thang UniversityVietnam,,7650.00,950.00,1475.00,1575.00,900.00,1250.00,1500.00,2021
123,D. Serikbayev East Kazakhstan technical universityKazakhstan,,7650.00,1250.00,1400.00,1200.00,800.00,1450.00,1550.00,2021
124,University of BabylonIraq,,7650.00,1375.00,1400.00,1200.00,800.00,1325.00,1550.00,2021
125,Aksaray UniversityTurkey,,7650.00,1200.00,1125.00,1575.00,700.00,1475.00,1575.00,2021
126,Università Degli Studi Gabriele D'Annunzio Chieti e PescaraItaly,,7650.00,1125.00,1075.00,1800.00,750.00,1150.00,1750.00,2021
127,Middle East Technical UniversityTurkey,,7650.00,1325.00,1075.00,1200.00,850.00,1400.00,1800.00,2021
128,Universiti Malaysia PahangMalaysia,,7650.00,1175.00,975.00,1425.00,900.00,1425.00,1750.00,2021
129,Universidad Miguel HernandezSpain,,7625.00,1075.00,1675.00,1500.00,500.00,1500.00,1375.00,2021
130,Universidad EAFITColombia,,7625.00,850.00,1650.00,1575.00,650.00,1350.00,1550.00,2021
131,Masaryk UniversityCzech Republic,,7625.00,950.00,1500.00,1350.00,750.00,1425.00,1650.00,2021
132,Mangalore UniversityIndia,,7625.00,1300.00,1300.00,1200.00,900.00,1425.00,1500.00,2021
133,Trent UniversityCanada,,7625.00,1100.00,1250.00,1650.00,750.00,1225.00,1650.00,2021
134,Gdansk University of TechnologyPoland,,7625.00,1175.00,1225.00,1725.00,450.00,1500.00,1550.00,2021
135,Glasgow Caledonian UniversityUnited Kingdom,,7600.00,450.00,1650.00,1800.00,800.00,1650.00,1250.00,2021
136,Universidad de OviedoSpain,,7600.00,1050.00,1550.00,1500.00,750.00,1175.00,1575.00,2021
137,Manipal Academy of Higher EducationIndia,,7600.00,925.00,1475.00,1500.00,1000.00,1450.00,1250.00,2021
138,Universitas PadjadjaranIndonesia,,7600.00,1225.00,1000.00,1575.00,750.00,1375.00,1675.00,2021
139,Airlangga UniversityIndonesia,,7600.00,1325.00,800.00,1350.00,850.00,1575.00,1700.00,2021
140,Perm National Research Polytechnic UniversityRussia,,7575.00,1350.00,1725.00,1275.00,550.00,1375.00,1300.00,2021
141,Universidad Iberoamericana PueblaMexico,,7575.00,900.00,1575.00,1575.00,850.00,1275.00,1400.00,2021
142,"ITESO, Universidad Jesuita de GuadalajaraMexico",,7575.00,950.00,1525.00,1800.00,850.00,1000.00,1450.00,2021
143,Institut Teknologi SumateraIndonesia,,7575.00,1125.00,1525.00,1275.00,850.00,1350.00,1450.00,2021
144,Universidad Autónoma de MadridSpain,,7575.00,1125.00,1450.00,1650.00,750.00,975.00,1625.00,2021
145,Mahasarakham UniversityThailand,,7575.00,1200.00,1350.00,1050.00,750.00,1475.00,1750.00,2021
146,Universitas Multimedia NusantaraIndonesia,,7575.00,1100.00,1350.00,1425.00,950.00,1275.00,1475.00,2021
147,San Jose State UniversityUSA,,7575.00,1000.00,1325.00,1500.00,1000.00,1225.00,1525.00,2021
148,Tunghai UniversityChinese Taipei,,7575.00,1325.00,1275.00,1275.00,800.00,1475.00,1425.00,2021
149,Universiti Teknologi MalaysiaMalaysia,,7575.00,1200.00,1100.00,1425.00,550.00,1550.00,1750.00,2021
150,UiTM SHAH ALAMMalaysia,,7575.00,850.00,1100.00,1650.00,1000.00,1175.00,1800.00,2021
151,Qassim UniversitySaudi Arabia,,7575.00,1050.00,1100.00,1650.00,1000.00,1200.00,1575.00,2021
152,Universidad PanamericanaMexico,,7550.00,1125.00,1575.00,1425.00,900.00,1125.00,1400.00,2021
153,Universitas LampungIndonesia,,7550.00,1050.00,1475.00,1275.00,750.00,1275.00,1725.00,2021
154,"Muahmmad Nawaz Shareef University of Agriculture, MultanPakistan",,7550.00,1200.00,1350.00,1275.00,850.00,1375.00,1500.00,2021
155,University of Mohaghegh ArdabiliIran,,7550.00,1250.00,1200.00,1350.00,850.00,1350.00,1550.00,2021
156,Al-Mustaqbal University CollegeIraq,,7525.00,1200.00,1375.00,1275.00,750.00,1575.00,1350.00,2021
157,Tzu Chi UniversityChinese Taipei,,7525.00,1275.00,1050.00,1575.00,850.00,1375.00,1400.00,2021
158,Rajamangala University of Technology Thanyaburi (RMUTT)Thailand,,7500.00,1075.00,1425.00,1350.00,750.00,1400.00,1500.00,2021
159,American University in CairoEgypt,,7500.00,875.00,1300.00,1575.00,650.00,1375.00,1725.00,2021
160,Modul UniversityAustria,,7475.00,600.00,1750.00,1725.00,650.00,1650.00,1100.00,2021
161,University Of AnbarIraq,,7475.00,1175.00,1700.00,750.00,800.00,1525.00,1525.00,2021
162,American University of Beirut (AUB)Lebanon,,7475.00,1000.00,1450.00,1275.00,800.00,1375.00,1575.00,2021
163,Universidade Federal De Mato Grosso Do SulBrazil,,7475.00,1050.00,1125.00,1425.00,850.00,1325.00,1700.00,2021
164,Fo Guang UniversityChinese Taipei,,7475.00,1125.00,1100.00,1650.00,850.00,1450.00,1300.00,2021
165,Universiti Tun Hussein Onn MalaysiaMalaysia,,7475.00,1150.00,1025.00,1200.00,850.00,1550.00,1700.00,2021
166,Brawijaya UniversityIndonesia,,7450.00,1000.00,1500.00,1200.00,750.00,1400.00,1600.00,2021
167,Alzahra UniversityIran,,7450.00,1000.00,1300.00,1425.00,600.00,1500.00,1625.00,2021
168,Universiti Sains MalaysiaMalaysia,,7425.00,925.00,1475.00,1350.00,850.00,1350.00,1475.00,2021
169,Al Ain UniversityUnited Arab Emirates,,7425.00,1250.00,1325.00,1500.00,800.00,1200.00,1350.00,2021
170,Universidad IcesiColombia,,7400.00,950.00,1400.00,1500.00,650.00,1400.00,1500.00,2021
171,University of PhayaoThailand,,7400.00,1150.00,1375.00,1275.00,900.00,1375.00,1325.00,2021
172,Universidad de SonoraMexico,,7400.00,1200.00,1250.00,1425.00,800.00,1375.00,1350.00,2021
173,Universität BayreuthGermany,,7400.00,1175.00,850.00,1800.00,750.00,1400.00,1425.00,2021
174,Immanuel Kant Baltic Federal UniversityRussia,,7375.00,1100.00,1600.00,1350.00,650.00,1375.00,1300.00,2021
175,Daffodil International UniversityBangladesh,,7375.00,1025.00,1475.00,1275.00,700.00,1325.00,1575.00,2021
176,Universiti Pendidikan Sultan IdrisMalaysia,,7375.00,1225.00,1475.00,1050.00,700.00,1575.00,1350.00,2021
177,Universidade de AveiroPortugal,,7350.00,900.00,1625.00,1575.00,650.00,975.00,1625.00,2021
178,S R M University (Institute of Science and Technology)India,,7350.00,850.00,1275.00,1725.00,950.00,1325.00,1225.00,2021
179,National University of Sciences and TechnologyPakistan,,7350.00,1100.00,1225.00,975.00,850.00,1400.00,1800.00,2021
180,De La Salle University - DasmarinasPhilippines,,7325.00,925.00,1525.00,1500.00,550.00,1275.00,1550.00,2021
181,Tra Vinh UniversityVietnam,,7325.00,1100.00,1250.00,1200.00,850.00,1650.00,1275.00,2021
182,Università di TriesteItaly,,7325.00,875.00,1225.00,1800.00,900.00,1100.00,1425.00,2021
183,Maynooth UniversityIreland,,7325.00,1075.00,1200.00,1650.00,900.00,1200.00,1300.00,2021
184,Universitas Sumatera UtaraIndonesia,,7325.00,1175.00,1050.00,1500.00,850.00,1300.00,1450.00,2021
185,University of PassauGermany,,7300.00,900.00,1525.00,1575.00,700.00,1500.00,1100.00,2021
186,Universitat Politécnica de ValènciaSpain,,7300.00,800.00,1500.00,1650.00,750.00,1025.00,1575.00,2021
187,Hasanuddin UniversityIndonesia,,7300.00,1125.00,1450.00,1200.00,800.00,1325.00,1400.00,2021
188,Universidad CESColombia,,7300.00,975.00,1425.00,1350.00,850.00,1200.00,1500.00,2021
189,Bartin UniversityTurkey,,7300.00,1200.00,1150.00,1125.00,800.00,1475.00,1550.00,2021
190,Universita Politecnica delle MarcheItaly,,7275.00,1125.00,1500.00,1275.00,900.00,1000.00,1475.00,2021
191,Pir Mehr Ali Shah Arid Agriculture University RawalpindiPakistan,,7275.00,1225.00,1500.00,900.00,850.00,1475.00,1325.00,2021
192,University of Milano-BicoccaItaly,,7275.00,625.00,1300.00,1800.00,850.00,1325.00,1375.00,2021
193,National Pingtung UniversityChinese Taipei,,7275.00,1050.00,1200.00,1200.00,600.00,1600.00,1625.00,2021
194,Universitas Muhammadiyah YogyakartaIndonesia,,7250.00,1075.00,1650.00,1200.00,800.00,1200.00,1325.00,2021
195,Chettinad Academy of Research and EducationIndia,,7225.00,1125.00,1550.00,975.00,750.00,1525.00,1300.00,2021
196,Kashan University of Medical Sciences and Health ServicesIran,,7225.00,925.00,1425.00,1125.00,700.00,1575.00,1475.00,2021
197,Yogyakarta State UniversityIndonesia,,7225.00,1150.00,1200.00,1350.00,750.00,1425.00,1350.00,2021
198,Izmir Institute of TechnologyTurkey,,7225.00,1125.00,925.00,1425.00,700.00,1500.00,1550.00,2021
199,Universitat Rovira i VirgiliSpain,,7200.00,875.00,1350.00,1725.00,600.00,1100.00,1550.00,2021
200,National Institute of Technology SilcharIndia,,7200.00,1125.00,1250.00,1125.00,800.00,1500.00,1400.00,2021
201,Centro Universitário FacensBrazil,,7175.00,925.00,1625.00,1050.00,800.00,1350.00,1425.00,2021
202,Volgograd State UniversityRussia,,7175.00,1100.00,1300.00,1200.00,650.00,1600.00,1325.00,2021
203,University of NavarraSpain,,7150.00,1050.00,1250.00,1725.00,750.00,1300.00,1075.00,2021
204,Universiti Malaysia Terengganu (UMT)Malaysia,,7150.00,975.00,1075.00,1125.00,900.00,1425.00,1650.00,2021
205,Jordan University of Science and TechnologyJordan,,7150.00,1350.00,950.00,1500.00,900.00,1225.00,1225.00,2021
206,University of DebrecenHungary,,7150.00,975.00,825.00,1575.00,650.00,1650.00,1475.00,2021
207,Al-Zaytoonah University of Jordan (zuj)Jordan,,7125.00,1100.00,1650.00,1050.00,850.00,1350.00,1125.00,2021
208,Sakarya UniversityTurkey,,7125.00,1225.00,1250.00,1050.00,850.00,1450.00,1300.00,2021
209,Srinakharinwirot UniversityThailand,,7125.00,1050.00,1150.00,1275.00,850.00,1550.00,1250.00,2021
210,Universidad de MurciaSpain,,7100.00,700.00,1350.00,1650.00,900.00,1000.00,1500.00,2021
211,Arab American UniversityPalestine,,7100.00,1075.00,1350.00,1125.00,850.00,1325.00,1375.00,2021
212,Al-Farabi Kazakh National UniversityKazakhstan,,7100.00,1125.00,1150.00,1200.00,700.00,1325.00,1600.00,2021
213,Universita degli Studi di Bari Aldo MoroItaly,,7100.00,875.00,1125.00,1500.00,950.00,1250.00,1400.00,2021
214,Universidad Autonoma MetropolitanaMexico,,7100.00,1050.00,1050.00,1575.00,800.00,1025.00,1600.00,2021
215,University of PeradeniyaSri Lanka,,7100.00,1250.00,1050.00,1125.00,750.00,1450.00,1475.00,2021
216,University of Agriculture FaisalabadPakistan,,7100.00,1100.00,975.00,1275.00,650.00,1525.00,1575.00,2021
217,Kafrelsheikh UniversityEgypt,,7075.00,725.00,1625.00,1275.00,850.00,1175.00,1425.00,2021
218,Universitas SriwijayaIndonesia,,7075.00,1225.00,1450.00,1125.00,600.00,1275.00,1400.00,2021
219,Hungkuang UniversityChinese Taipei,,7075.00,825.00,1425.00,1275.00,850.00,1375.00,1325.00,2021
220,Jadara UniversityJordan,,7075.00,1250.00,1300.00,1125.00,850.00,1400.00,1150.00,2021
221,King Faisal UniversitySaudi Arabia,,7075.00,1125.00,1250.00,1125.00,800.00,1275.00,1500.00,2021
222,Razi University KermanshahIran,,7075.00,1075.00,1125.00,975.00,950.00,1500.00,1450.00,2021
223,Ukrainian National Forestry UniversityUkraine,,7075.00,1100.00,1050.00,1275.00,700.00,1275.00,1675.00,2021
224,Universitas Sultan Ageng TirtayasaIndonesia,,7050.00,875.00,1575.00,1050.00,800.00,1325.00,1425.00,2021
225,Irkutsk National Research Technical UniversityRussia,,7050.00,1050.00,1525.00,900.00,650.00,1475.00,1450.00,2021
226,The University of LahorePakistan,,7050.00,850.00,1450.00,1050.00,900.00,1500.00,1300.00,2021
227,Universitas Teuku UmarIndonesia,,7050.00,1075.00,1225.00,1125.00,750.00,1450.00,1425.00,2021
228,De La Salle University – ManilaPhilippines,,7050.00,800.00,1200.00,1575.00,650.00,1400.00,1425.00,2021
229,Universitas Muhammadiyah MalangIndonesia,,7025.00,1000.00,1600.00,1050.00,700.00,1275.00,1400.00,2021
230,Universidad de Bogota Jorge Tadeo LozanoColombia,,7025.00,1150.00,1500.00,1050.00,650.00,1250.00,1425.00,2021
231,Universitas Syiah KualaIndonesia,,7025.00,1100.00,1125.00,900.00,700.00,1600.00,1600.00,2021
232,University of IoanninaGreece,,7025.00,1075.00,1050.00,1800.00,750.00,1175.00,1175.00,2021
233,Ontario Tech UniversityCanada,,7000.00,825.00,1575.00,1425.00,850.00,1000.00,1325.00,2021
234,Khwaja Fareed University of Engineering and Information TechnologyPakistan,,7000.00,1275.00,1550.00,750.00,650.00,1425.00,1350.00,2021
235,Valaya Alongkorn Rajabhat University Under the Royal PatronageThailand,,7000.00,1150.00,1475.00,975.00,800.00,1275.00,1325.00,2021
236,Universitas Halu OleoIndonesia,,7000.00,925.00,1350.00,1350.00,800.00,1125.00,1450.00,2021
237,Voronezh State UniversityRussia,,7000.00,950.00,1250.00,1350.00,650.00,1300.00,1500.00,2021
238,Eötvös Loránd University BudapestHungary,,7000.00,775.00,875.00,1725.00,750.00,1350.00,1525.00,2021
239,Phetchaburi Rajabhat UniversityThailand,,7000.00,1125.00,875.00,1425.00,700.00,1325.00,1550.00,2021
240,Escuela Superior Politecnica del LitoralEcuador,,7000.00,900.00,800.00,1425.00,900.00,1375.00,1600.00,2021
241,Instituto Politecnico De Viana Do CasteloPortugal,,6975.00,1100.00,1700.00,975.00,700.00,1200.00,1300.00,2021
242,Cairo UniversityEgypt,,6975.00,1025.00,1100.00,1500.00,600.00,1150.00,1600.00,2021
243,University Lucian Blaga of SibiuRomania,,6975.00,1150.00,675.00,1800.00,750.00,1450.00,1150.00,2021
244,Firat UniversityTurkey,,6950.00,1175.00,1450.00,975.00,850.00,1225.00,1275.00,2021
245,I-Shou UniversityChinese Taipei,,6950.00,925.00,1375.00,1725.00,800.00,1025.00,1100.00,2021
246,Politeknik Merlimau MelakaMalaysia,,6950.00,975.00,1325.00,1575.00,500.00,1300.00,1275.00,2021
247,University of KelaniyaSri Lanka,,6950.00,725.00,1300.00,1425.00,800.00,1200.00,1500.00,2021
248,Sri Sri UniversityIndia,,6950.00,1250.00,1250.00,1050.00,850.00,1350.00,1200.00,2021
249,Bashkir State Agrarian UniversityRussia,,6950.00,1200.00,1175.00,1050.00,700.00,1400.00,1425.00,2021
250,"Adam Mickiewicz University, PoznanPoland",,6950.00,975.00,950.00,1650.00,800.00,1225.00,1350.00,2021
251,Universidad Militar Nueva GranadaColombia,,6925.00,1175.00,1500.00,900.00,450.00,1375.00,1525.00,2021
252,University of BaghdadIraq,,6925.00,1125.00,1350.00,1050.00,650.00,1375.00,1375.00,2021
253,Nitte (Deemed to be University)India,,6925.00,1200.00,1275.00,900.00,650.00,1425.00,1475.00,2021
254,Universitas Medan AreaIndonesia,,6925.00,925.00,1250.00,1200.00,750.00,1375.00,1425.00,2021
255,Universitas PancasilaIndonesia,,6925.00,1125.00,1225.00,1050.00,650.00,1325.00,1550.00,2021
256,Tokat Gaziosmanpasa UniversityTurkey,,6900.00,1225.00,1550.00,1050.00,650.00,1250.00,1175.00,2021
257,Universita degli Studi di Milano La StataleItaly,,6900.00,1000.00,1450.00,1800.00,150.00,1250.00,1250.00,2021
258,University of PetraJordan,,6900.00,850.00,1350.00,1275.00,1000.00,1025.00,1400.00,2021
259,Pontificia Universidad Javeriana-BogotaColombia,,6900.00,875.00,1325.00,1275.00,750.00,1375.00,1300.00,2021
260,Universidade do Vale do Taquari - UNIVATESBrazil,,6900.00,1000.00,1275.00,1125.00,900.00,1250.00,1350.00,2021
261,Tarlac Agricultural UniversityPhilippines,,6900.00,1150.00,1250.00,900.00,700.00,1275.00,1625.00,2021
262,Ming Chi University of TechnologyChinese Taipei,,6900.00,1250.00,1150.00,1575.00,600.00,1175.00,1150.00,2021
263,Universidad Iberoamericana TorreónMexico,,6900.00,1300.00,1100.00,1275.00,1000.00,925.00,1300.00,2021
264,National Chiayi UniversityChinese Taipei,,6900.00,1225.00,1050.00,1125.00,850.00,1325.00,1325.00,2021
265,Slovak University of Agriculture in NitraSlovakia,,6900.00,1075.00,900.00,1275.00,850.00,1250.00,1550.00,2021
266,University of IsfahanIran,,6875.00,1350.00,1450.00,1050.00,700.00,1275.00,1050.00,2021
267,Universitas Islam Negeri Walisongo SemarangIndonesia,,6875.00,950.00,1425.00,825.00,800.00,1375.00,1500.00,2021
268,American University of the Middle East (AUM)Kuwait,,6875.00,1000.00,975.00,1200.00,850.00,1450.00,1400.00,2021
269,Teesside UniversityUnited Kingdom,,6850.00,425.00,1775.00,1500.00,800.00,1125.00,1225.00,2021
270,Centro Universitario do Rio Grande do Norte UNI-RNBrazil,,6850.00,925.00,1225.00,1425.00,800.00,1050.00,1425.00,2021
271,National Taipei UniversityChinese Taipei,,6850.00,925.00,1200.00,1200.00,850.00,1175.00,1500.00,2021
272,Università Degli Studi di Modena e Reggio EmiliaItaly,,6850.00,975.00,1025.00,1425.00,300.00,1600.00,1525.00,2021
273,Asia University TaiwanChinese Taipei,,6825.00,925.00,1275.00,1575.00,850.00,1025.00,1175.00,2021
274,Tecnologico de MonterreyMexico,,6825.00,950.00,1175.00,1200.00,750.00,1175.00,1575.00,2021
275,Bilecik UniversityTurkey,,6825.00,1025.00,1100.00,1275.00,400.00,1450.00,1575.00,2021
276,Hochschule AnhaltGermany,,6825.00,1075.00,1050.00,1350.00,700.00,1600.00,1050.00,2021
277,Costa Rica Institute of TechnologyCosta Rica,,6825.00,875.00,975.00,1575.00,700.00,1350.00,1350.00,2021
278,Naresuan UniversityThailand,,6825.00,950.00,975.00,1275.00,800.00,1200.00,1625.00,2021
279,Russian State Agrarian University - Moscow Timiryazev Agricultural AcademyRussia,,6825.00,1300.00,550.00,1125.00,850.00,1450.00,1550.00,2021
280,Sunway UniversityMalaysia,,6800.00,700.00,1400.00,1050.00,700.00,1500.00,1450.00,2021
281,British Columbia Institute of TechnologyCanada,,6800.00,675.00,1300.00,1425.00,850.00,1050.00,1500.00,2021
282,University of SopronHungary,,6800.00,900.00,1200.00,1200.00,800.00,1200.00,1500.00,2021
283,Universidad de Ciencias Aplicadas y Ambientales UDCAColombia,,6800.00,975.00,800.00,1800.00,1000.00,950.00,1275.00,2021
284,Universidad Santo TomasColombia,,6775.00,750.00,1475.00,1350.00,750.00,1025.00,1425.00,2021
285,Universidade Federal de Vicosa - UFVBrazil,,6775.00,725.00,1425.00,1275.00,750.00,1050.00,1550.00,2021
286,Capital University Of Science And TechnologyPakistan,,6775.00,1075.00,1375.00,975.00,550.00,1350.00,1450.00,2021
287,Babes Bolyai UniversityRomania,,6775.00,975.00,1025.00,1125.00,450.00,1650.00,1550.00,2021
288,Trakya UniversityTurkey,,6775.00,1200.00,950.00,1425.00,500.00,1375.00,1325.00,2021
289,Universita della CalabriaItaly,,6750.00,1175.00,1125.00,1425.00,500.00,1200.00,1325.00,2021
290,Silpakorn UniversityThailand,,6725.00,925.00,1375.00,1050.00,550.00,1400.00,1425.00,2021
291,Acharya Nagarjuna UniversityIndia,,6725.00,1000.00,1375.00,1050.00,700.00,1325.00,1275.00,2021
292,Providence UniversityChinese Taipei,,6725.00,1000.00,1175.00,975.00,850.00,1475.00,1250.00,2021
293,"George Emil Palade University of Medicine, Pharmacy, Science, and Technology of Targu MuresRomania",,6725.00,1200.00,1150.00,1575.00,300.00,1375.00,1125.00,2021
294,International University of Business Agriculture and TechnologyBangladesh,,6725.00,1025.00,1125.00,1050.00,750.00,1425.00,1350.00,2021
295,Dokuz Eylul UniversityTurkey,,6725.00,1125.00,950.00,1050.00,750.00,1525.00,1325.00,2021
296,Institución Universitaria Politecnico GrancolombianoColombia,,6700.00,950.00,1425.00,1350.00,800.00,1100.00,1075.00,2021
297,University of ColomboSri Lanka,,6700.00,750.00,1325.00,1050.00,700.00,1450.00,1425.00,2021
298,"Mehran University of Engineering & Technology, JamshoroPakistan",,6700.00,925.00,1200.00,1050.00,750.00,1275.00,1500.00,2021
299,Ferdowsi University of MashhadIran,,6700.00,875.00,1150.00,1200.00,650.00,1350.00,1475.00,2021
300,Imam Abdulrahman Bin Faisal UniversitySaudi Arabia,,6700.00,1000.00,850.00,1500.00,900.00,1050.00,1400.00,2021
301,Universidad del ValleColombia,,6700.00,1250.00,625.00,1575.00,450.00,1300.00,1500.00,2021
302,Universidad De GuadalajaraMexico,,6675.00,750.00,1375.00,975.00,750.00,1400.00,1425.00,2021
303,Universiti Malaysia PerlisMalaysia,,6675.00,900.00,1350.00,1275.00,550.00,1075.00,1525.00,2021
304,Universitas Sam RatulangiIndonesia,,6675.00,675.00,1125.00,1350.00,650.00,1325.00,1550.00,2021
305,Kalasalingam Academy of Research and EducationIndia,,6675.00,975.00,975.00,1350.00,650.00,1675.00,1050.00,2021
306,King Mongkuts Institute of Technology LadkrabangThailand,,6650.00,975.00,1225.00,1050.00,650.00,1400.00,1350.00,2021
307,Universitas Budi LuhurIndonesia,,6650.00,825.00,1150.00,1350.00,850.00,1325.00,1150.00,2021
308,Minin UniversityRussia,,6650.00,700.00,1100.00,1575.00,600.00,1725.00,950.00,2021
309,Zonguldak Bulent Ecevit UniversityTurkey,,6625.00,1050.00,1200.00,1275.00,700.00,1450.00,950.00,2021
310,Inonu University MalatyaTurkey,,6600.00,1075.00,1350.00,750.00,750.00,1350.00,1325.00,2021
311,Thaksin UniversityThailand,,6600.00,975.00,1150.00,1125.00,900.00,1150.00,1300.00,2021
312,Universitas TerbukaIndonesia,,6600.00,1225.00,700.00,1275.00,650.00,1250.00,1500.00,2021
313,Universitas Negeri SurabayaIndonesia,,6575.00,875.00,1450.00,900.00,800.00,1250.00,1300.00,2021
314,Saveetha Institute of Medical and Technical SciencesIndia,,6575.00,825.00,1300.00,825.00,700.00,1400.00,1525.00,2021
315,National Taiwan University of Science and TechnologyChinese Taipei,,6575.00,975.00,1100.00,1275.00,600.00,1325.00,1300.00,2021
316,Universitas Islam Negeri Sultan Thaha Saifuddin JambiIndonesia,,6575.00,1125.00,1075.00,825.00,550.00,1400.00,1600.00,2021
317,South Eastern University of Sri LankaSri Lanka,,6575.00,1100.00,1000.00,1050.00,850.00,1350.00,1225.00,2021
318,Universidad de ValladolidSpain,,6550.00,850.00,1425.00,1200.00,650.00,1150.00,1275.00,2021
319,SSM Institute of Engineering and TechnologyIndia,,6550.00,950.00,1350.00,825.00,700.00,1425.00,1300.00,2021
320,Metropolia University of Applied SciencesFinland,,6550.00,575.00,1325.00,1425.00,900.00,1400.00,925.00,2021
321,Universidade Federal de ItajubaBrazil,,6550.00,925.00,1300.00,1200.00,800.00,1200.00,1125.00,2021
322,Università degli Studi di FirenzeItaly,,6550.00,1025.00,650.00,1650.00,450.00,1250.00,1525.00,2021
323,Universitas Pendidikan IndonesiaIndonesia,,6525.00,1075.00,1250.00,975.00,750.00,925.00,1550.00,2021
324,Universidad de JaénSpain,,6525.00,875.00,1200.00,1200.00,800.00,1200.00,1250.00,2021
325,Universidad de SalamancaSpain,,6525.00,925.00,1150.00,975.00,650.00,1300.00,1525.00,2021
326,Phranakhon Si Ayutthaya Rajabhat UniversityThailand,,6525.00,850.00,1000.00,1350.00,550.00,1400.00,1375.00,2021
327,Universidade Federal do Triângulo MineiroBrazil,,6525.00,1150.00,800.00,1425.00,600.00,950.00,1600.00,2021
328,Università degli Studi di UdineItaly,,6500.00,1050.00,625.00,1575.00,700.00,1225.00,1325.00,2021
329,Al-Furat Al-Awsat Technical UniversityIraq,,6475.00,975.00,1450.00,750.00,700.00,1575.00,1025.00,2021
330,Universidade Federal do Rio Grande do Sul - UFRGSBrazil,,6475.00,725.00,1300.00,1275.00,650.00,1325.00,1200.00,2021
331,Universidade de VigoSpain,,6475.00,1025.00,1250.00,1275.00,700.00,1000.00,1225.00,2021
332,King Mongkut's University of Technology North BangkokThailand,,6475.00,700.00,1150.00,1200.00,650.00,1525.00,1250.00,2021
333,M. Auezov South Kazakhstan State UniversityKazakhstan,,6475.00,825.00,1125.00,1050.00,650.00,1350.00,1475.00,2021
334,Pontificia Universidad Javeriana CaliColombia,,6475.00,900.00,1025.00,1200.00,700.00,1300.00,1350.00,2021
335,Bursa Uludag UniversityTurkey,,6475.00,1250.00,625.00,1200.00,500.00,1225.00,1675.00,2021
336,Altai State UniversityRussia,,6450.00,950.00,1250.00,1200.00,600.00,1300.00,1150.00,2021
337,"Chitkara University, PunjabIndia",,6450.00,875.00,1175.00,1275.00,900.00,1150.00,1075.00,2021
338,Universitas RiauIndonesia,,6450.00,1075.00,1125.00,975.00,750.00,1225.00,1300.00,2021
339,Universidad Del CaucaColombia,,6450.00,850.00,825.00,1275.00,750.00,1375.00,1375.00,2021
340,Iscte - Instituto Universitério de LisboaPortugal,,6425.00,550.00,1450.00,1500.00,500.00,1100.00,1325.00,2021
341,The University of FaisalabadPakistan,,6425.00,975.00,1350.00,1050.00,800.00,1100.00,1150.00,2021
342,University of Al-QadisiyahIraq,,6425.00,1025.00,1225.00,1500.00,850.00,1075.00,750.00,2021
343,Northeastern UniversityThailand,,6425.00,850.00,1125.00,1050.00,650.00,1200.00,1550.00,2021
344,Afyon Kocatepe UniversityTurkey,,6425.00,875.00,925.00,1725.00,400.00,1525.00,975.00,2021
345,Hitit UniversityTurkey,,6400.00,1000.00,1275.00,1350.00,550.00,1375.00,850.00,2021
346,Universitas Negeri MalangIndonesia,,6375.00,775.00,1675.00,825.00,700.00,1150.00,1250.00,2021
347,Benha UniversityEgypt,,6375.00,825.00,1475.00,750.00,700.00,1125.00,1500.00,2021
348,Universidad De Castilla La ManchaSpain,,6375.00,900.00,1400.00,1200.00,650.00,1000.00,1225.00,2021
349,Universita IUAV di VeneziaItaly,,6375.00,700.00,1375.00,1275.00,700.00,950.00,1375.00,2021
350,Universita degli Studi della TusciaItaly,,6375.00,1175.00,1125.00,1350.00,350.00,1100.00,1275.00,2021
351,Universita degli Studi di FerraraItaly,,6375.00,925.00,950.00,1575.00,550.00,1150.00,1225.00,2021
352,KaragandaTechnical UniversityKazakhstan,,6350.00,1000.00,1325.00,825.00,600.00,1125.00,1475.00,2021
353,Iqra UniversityPakistan,,6350.00,1050.00,1275.00,975.00,700.00,1200.00,1150.00,2021
354,Universitas Esa UnggulIndonesia,,6350.00,1025.00,1175.00,975.00,650.00,975.00,1550.00,2021
355,Pontificia Universidad Catolica De ChileChile,,6350.00,725.00,1100.00,1275.00,700.00,1200.00,1350.00,2021
356,Universidade De Santiago De CompostelaSpain,,6325.00,900.00,1300.00,1500.00,250.00,1000.00,1375.00,2021
357,Universitas Katolik Indonesia Atma JayaIndonesia,,6325.00,1100.00,750.00,750.00,800.00,1575.00,1350.00,2021
358,Birzeit UniversityPalestine,,6300.00,825.00,1625.00,1200.00,600.00,875.00,1175.00,2021
359,"California State University, SacramentoUSA",,6300.00,875.00,1325.00,1350.00,600.00,1075.00,1075.00,2021
360,Mugla Sitki Kocman UniversityTurkey,,6300.00,1025.00,1125.00,1125.00,450.00,1175.00,1400.00,2021
361,Senac University CenterBrazil,,6300.00,875.00,875.00,1500.00,700.00,1050.00,1300.00,2021
362,Yasouj UniversityIran,,6300.00,1000.00,725.00,1050.00,750.00,1425.00,1350.00,2021
363,Università degli Studi di PerugiaItaly,,6300.00,825.00,700.00,1350.00,700.00,1350.00,1375.00,2021
364,University of West AtticaGreece,,6275.00,900.00,850.00,1425.00,400.00,1300.00,1400.00,2021
365,Universidad EIAColombia,,6250.00,675.00,1150.00,1275.00,750.00,1100.00,1300.00,2021
366,Irkutsk State Agrarian University named after A.A. EzhevskyRussia,,6250.00,1175.00,1125.00,675.00,450.00,1400.00,1425.00,2021
367,Cukurova UniversityTurkey,,6250.00,1350.00,975.00,600.00,500.00,1475.00,1350.00,2021
368,Pascual Bravo UniversityColombia,,6225.00,1000.00,1050.00,1275.00,600.00,1300.00,1000.00,2021
369,State Islamic University Syarif Hidayatullah JakartaIndonesia,,6225.00,1150.00,1000.00,1050.00,650.00,1150.00,1225.00,2021
370,Akdeniz UniversityTurkey,,6225.00,1200.00,700.00,1200.00,500.00,1325.00,1300.00,2021
371,Instituto Tecnologico MetropolitanoColombia,,6200.00,800.00,1350.00,975.00,700.00,1350.00,1025.00,2021
372,Universitat de Vic - Universitat Central de CatalunyaSpain,,6200.00,600.00,1250.00,1500.00,500.00,1450.00,900.00,2021
373,Universitat de ValenciaSpain,,6200.00,550.00,1175.00,1275.00,700.00,1100.00,1400.00,2021
374,Escuela Superior Politécnica De ChimborazoEcuador,,6200.00,875.00,950.00,1425.00,550.00,1225.00,1175.00,2021
375,Hasan Kalyoncu UniversityTurkey,,6175.00,1100.00,1125.00,1125.00,550.00,1100.00,1175.00,2021
376,Tarbiat Modares UniversityIran,,6175.00,900.00,725.00,1350.00,800.00,1275.00,1125.00,2021
377,Tel Aviv UniversityIsrael,,6150.00,675.00,1350.00,1350.00,500.00,1275.00,1000.00,2021
378,Petrozavodsk State UniversityRussia,,6150.00,875.00,1125.00,975.00,450.00,1375.00,1350.00,2021
379,Baskent UniversityTurkey,,6150.00,925.00,950.00,1125.00,600.00,1425.00,1125.00,2021
380,National Institute of Development AdministrationThailand,,6150.00,950.00,825.00,1200.00,700.00,1075.00,1400.00,2021
381,Ubon Ratchathani UniversityThailand,,6150.00,1225.00,675.00,900.00,700.00,1200.00,1450.00,2021
382,University of BengkuluIndonesia,,6125.00,775.00,1425.00,975.00,600.00,800.00,1550.00,2021
383,University at AlbanyUSA,,6125.00,825.00,1150.00,1275.00,800.00,875.00,1200.00,2021
384,Universitas Ahmad DahlanIndonesia,,6125.00,925.00,1100.00,1200.00,850.00,800.00,1250.00,2021
385,Sumy State UniversityUkraine,,6125.00,975.00,1025.00,1050.00,650.00,1225.00,1200.00,2021
386,Hebrew University Of JerusalemIsrael,,6125.00,950.00,875.00,1050.00,650.00,1325.00,1275.00,2021
387,Al-Muthanna UniversityIraq,,6100.00,900.00,1200.00,900.00,600.00,1125.00,1375.00,2021
388,The Institute of Telecommunications and Informatics of TurkmenistanTurkmenistan,,6100.00,925.00,1100.00,1125.00,750.00,1125.00,1075.00,2021
389,The National University of Ostroh AcademyUkraine,,6100.00,1000.00,1025.00,1050.00,550.00,1350.00,1125.00,2021
390,Universiy of KufaIraq,,6075.00,1025.00,1150.00,1050.00,700.00,1025.00,1125.00,2021
391,Indian Institute of Technology RoorkeeIndia,,6075.00,850.00,975.00,1050.00,700.00,1350.00,1150.00,2021
392,Universita Degli Studi Di CagliariItaly,,6075.00,1000.00,650.00,1500.00,700.00,850.00,1375.00,2021
393,Mersin UniversityTurkey,,6075.00,1100.00,600.00,1425.00,450.00,1100.00,1400.00,2021
394,Hashemite UniversityJordan,,6050.00,950.00,1250.00,975.00,750.00,950.00,1175.00,2021
395,Orel State University named after I.S.TurgenevRussia,,6050.00,850.00,1100.00,750.00,700.00,1325.00,1325.00,2021
396,University of Technology SarawakMalaysia,,6050.00,725.00,1000.00,1050.00,850.00,1275.00,1150.00,2021
397,University of 17 Agustus 1945 SurabayaIndonesia,,6025.00,925.00,1500.00,1050.00,650.00,875.00,1025.00,2021
398,"Hazara University Mansehra, Khyber Pakhtunkhwa (KP) PakistanPakistan",,6000.00,1050.00,1275.00,675.00,600.00,1225.00,1175.00,2021
399,Universidade Federal De Sao CarlosBrazil,,6000.00,825.00,1150.00,1200.00,500.00,1175.00,1150.00,2021
400,Sohag UniversityEgypt,,6000.00,1050.00,1125.00,900.00,600.00,1150.00,1175.00,2021
401,GITAM : Gandhi Institute of Technology and ManagementIndia,,6000.00,850.00,1075.00,1050.00,750.00,1025.00,1250.00,2021
402,Universidad de ZaragozaSpain,,6000.00,650.00,1050.00,975.00,500.00,1175.00,1650.00,2021
403,Yazd UniversityIran,,6000.00,775.00,900.00,900.00,650.00,1325.00,1450.00,2021
404,Süleyman Demirel UniversityTurkey,,6000.00,1050.00,900.00,1425.00,500.00,1150.00,975.00,2021
405,Hakim Sabzevari UniversityIran,,6000.00,1025.00,850.00,825.00,700.00,1400.00,1200.00,2021
406,New Jersey City UniversityUSA,,5975.00,700.00,1325.00,1200.00,500.00,1275.00,975.00,2021
407,Cappadocia UniversityTurkey,,5975.00,825.00,725.00,1350.00,500.00,1400.00,1175.00,2021
408,Ziauddin UniversityPakistan,,5950.00,1000.00,1475.00,600.00,800.00,1100.00,975.00,2021
409,Mutah UniversityJordan,,5950.00,1100.00,1275.00,1125.00,550.00,1100.00,800.00,2021
410,Arak UniversityIran,,5950.00,850.00,1225.00,750.00,750.00,1500.00,875.00,2021
411,University Of Information Technology And Management In RzeszowPoland,,5950.00,900.00,1200.00,1350.00,250.00,1150.00,1100.00,2021
412,Istanbul Sabahattin Zaim UniversityTurkey,,5950.00,700.00,875.00,1275.00,400.00,1350.00,1350.00,2021
413,Earlham CollegeUSA,,5950.00,1050.00,475.00,1425.00,550.00,1150.00,1300.00,2021
414,Universidad de PamplonaColombia,,5925.00,1000.00,1325.00,1125.00,250.00,1125.00,1100.00,2021
415,The Catholic University of AmericaUSA,,5925.00,875.00,1075.00,975.00,750.00,1225.00,1025.00,2021
416,University of LucerneSwitzerland,,5925.00,875.00,1025.00,1425.00,550.00,1350.00,700.00,2021
417,Katholische Universitat Eichstatt-ingolstadtGermany,,5900.00,750.00,1500.00,1050.00,300.00,1250.00,1050.00,2021
418,Al-Kitab UniversityIraq,,5900.00,900.00,1300.00,525.00,750.00,1200.00,1225.00,2021
419,University of MalakandPakistan,,5900.00,825.00,1150.00,975.00,700.00,850.00,1400.00,2021
420,Seinäjoki University of Applied SciencesFinland,,5900.00,800.00,925.00,1200.00,550.00,1150.00,1275.00,2021
421,National University of Uzbekistan named after Mirzo UlugbekUzbekistan,,5900.00,750.00,875.00,1200.00,550.00,1500.00,1025.00,2021
422,Moscow State University of Food ProductionRussia,,5875.00,900.00,825.00,750.00,650.00,1325.00,1425.00,2021
423,Kastamonu UniversityTurkey,,5875.00,1200.00,450.00,975.00,600.00,1050.00,1600.00,2021
424,Universiti Selangor (Unisel)Malaysia,,5875.00,1050.00,400.00,1050.00,700.00,1425.00,1250.00,2021
425,Universidade PositivoBrazil,,5850.00,675.00,1675.00,1425.00,750.00,550.00,775.00,2021
426,Universidad Tecnologica ECOTECEcuador,,5850.00,750.00,1100.00,1050.00,500.00,1175.00,1275.00,2021
427,Almaty University of Power Engineering and TelecommunicationsKazakhstan,,5850.00,650.00,1075.00,975.00,650.00,1175.00,1325.00,2021
428,Perm State UniversityRussia,,5850.00,825.00,1025.00,1125.00,550.00,1175.00,1150.00,2021
429,October 6 UniversityEgypt,,5850.00,675.00,950.00,900.00,550.00,1375.00,1400.00,2021
430,The University of Texas Rio Grande ValleyUSA,,5850.00,725.00,950.00,1275.00,800.00,875.00,1225.00,2021
431,Rajamangala University of Technology IsanThailand,,5850.00,950.00,650.00,900.00,550.00,1300.00,1500.00,2021
432,Alexandria UniversityEgypt,,5825.00,825.00,1600.00,450.00,400.00,1200.00,1350.00,2021
433,Universidad Metropolitana CaracasVenezuela,,5825.00,950.00,900.00,1050.00,800.00,975.00,1150.00,2021
434,Yenepoya UniversityIndia,,5825.00,1025.00,725.00,1050.00,850.00,1350.00,825.00,2021
435,Al Istiqlal UniversityPalestine,,5825.00,1050.00,650.00,750.00,850.00,1250.00,1275.00,2021
436,Ain Shams UniversityEgypt,,5800.00,675.00,1300.00,1275.00,350.00,875.00,1325.00,2021
437,University of BasrahIraq,,5800.00,875.00,1250.00,750.00,700.00,1000.00,1225.00,2021
438,Islamia University of BahawalpurPakistan,,5800.00,850.00,1025.00,1200.00,600.00,1175.00,950.00,2021
439,Soochow University TaiwanChinese Taipei,,5800.00,775.00,975.00,1350.00,600.00,1050.00,1050.00,2021
440,Centro Universitário da Fundao Hermínio Ometto---FHO-Brazil,,5800.00,675.00,850.00,1275.00,900.00,750.00,1350.00,2021
441,Novosibirsk State University Of Economics And ManagementRussia,,5800.00,600.00,825.00,1575.00,800.00,850.00,1150.00,2021
442,Universidad Politécnica Estatal del CarchiEcuador,,5800.00,1175.00,825.00,1050.00,500.00,1175.00,1075.00,2021
443,Ataturk UniversityTurkey,,5800.00,1150.00,750.00,975.00,600.00,1225.00,1100.00,2021
444,National Dong Hwa UniversityChinese Taipei,,5800.00,1150.00,600.00,1425.00,200.00,975.00,1450.00,2021
445,Pontificia Universidade Catolica Do Rio De Janeiro Puc-rioBrazil,,5800.00,900.00,425.00,1050.00,650.00,1425.00,1350.00,2021
446,Universidad Tecnica Federico Santa MariaChile,,5775.00,900.00,1425.00,675.00,650.00,875.00,1250.00,2021
447,Universidade Federal FluminenseBrazil,,5775.00,950.00,550.00,900.00,600.00,1375.00,1400.00,2021
448,Kazakh National Agrarian Research UniversityKazakhstan,,5750.00,875.00,1100.00,975.00,450.00,1175.00,1175.00,2021
449,Universidad de AlicanteSpain,,5750.00,775.00,925.00,1350.00,700.00,750.00,1250.00,2021
450,Liepaja UniversityLatvia,,5725.00,500.00,1200.00,1500.00,400.00,1200.00,925.00,2021
451,Sabanci UniversityTurkey,,5725.00,1050.00,1125.00,1050.00,700.00,825.00,975.00,2021
452,Amirkabir University of TechnologyIran,,5725.00,625.00,1050.00,675.00,650.00,1375.00,1350.00,2021
453,Universitas Katolik ParahyanganIndonesia,,5725.00,975.00,1050.00,975.00,700.00,1350.00,675.00,2021
454,Khon Kaen UniversityThailand,,5725.00,1250.00,1050.00,1050.00,600.00,975.00,800.00,2021
455,Kutahya Saglik Bilimleri UniversityTurkey,,5725.00,925.00,750.00,825.00,700.00,1075.00,1450.00,2021
456,University of Arkansas at Little RockUSA,,5725.00,900.00,650.00,1200.00,950.00,1225.00,800.00,2021
457,Kutahya Dumlupinar UniversityTurkey,,5725.00,1075.00,550.00,675.00,650.00,1375.00,1400.00,2021
458,University of BahrainBahrain,,5725.00,1000.00,500.00,975.00,950.00,625.00,1675.00,2021
459,Applied Science UniversityBahrain,,5700.00,975.00,1175.00,825.00,700.00,1100.00,925.00,2021
460,Federal University of AlfenasBrazil,,5700.00,850.00,975.00,1275.00,550.00,1000.00,1050.00,2021
461,Universidade De Passo FundoBrazil,,5675.00,825.00,1025.00,1200.00,650.00,825.00,1150.00,2021
462,Damietta UniversityEgypt,,5675.00,925.00,875.00,825.00,650.00,1000.00,1400.00,2021
463,Universidad Católica De ManizalesColombia,,5675.00,575.00,775.00,1125.00,700.00,1300.00,1200.00,2021
464,"University of Central Punjab,Lahore, PakistanPakistan",,5650.00,1100.00,1000.00,975.00,500.00,1000.00,1075.00,2021
465,Gaziantep UniversityTurkey,,5650.00,900.00,875.00,1350.00,600.00,850.00,1075.00,2021
466,Rostov State Trasport UniversityRussia,,5625.00,875.00,1150.00,750.00,600.00,1150.00,1100.00,2021
467,Sergo Ordzhonikidze Russian State University For Geological Prospecting (MGRI)Russia,,5625.00,1000.00,1050.00,750.00,500.00,1450.00,875.00,2021
468,Hatyai UniversityThailand,,5625.00,1100.00,1000.00,900.00,550.00,775.00,1300.00,2021
469,Indian Institute of Management IndoreIndia,,5625.00,700.00,950.00,1200.00,800.00,1150.00,825.00,2021
470,Universiti Malaysia Kelantan (UMK)Malaysia,,5625.00,1025.00,500.00,1275.00,600.00,1200.00,1025.00,2021
471,Shahid Rajaee Teacher Training UniversityIran,,5600.00,725.00,1350.00,675.00,600.00,1025.00,1225.00,2021
472,Universitat Internacional de CatalunyaSpain,,5600.00,625.00,1275.00,1650.00,450.00,700.00,900.00,2021
473,Piri Reis UniversityTurkey,,5600.00,600.00,1200.00,1350.00,750.00,1075.00,625.00,2021
474,University of Warith Al-anbiyaaIraq,,5600.00,1000.00,1075.00,825.00,650.00,1000.00,1050.00,2021
475,Uman National University of HorticultureUkraine,,5575.00,700.00,1250.00,975.00,650.00,975.00,1025.00,2021
476,Semmelweis UniversityHungary,,5575.00,475.00,1075.00,1200.00,450.00,1600.00,775.00,2021
477,Pontificia Universidad Católica Del Perú-Peru,,5575.00,650.00,1025.00,1275.00,150.00,1025.00,1450.00,2021
478,Universitas Teknokrat IndonesiaIndonesia,,5575.00,625.00,1000.00,975.00,600.00,1075.00,1300.00,2021
479,Gunadarma UniversityIndonesia,,5575.00,825.00,800.00,750.00,550.00,1275.00,1375.00,2021
480,Hindustan Institute of Technology & ScienceIndia,,5550.00,650.00,1200.00,900.00,750.00,1100.00,950.00,2021
481,Pontifícia Universidade Católica de CampinasBrazil,,5550.00,1075.00,925.00,750.00,750.00,825.00,1225.00,2021
482,Universidad del MagdalenaColombia,,5550.00,1000.00,900.00,525.00,600.00,1100.00,1425.00,2021
483,Misr University for Science and TechnologyEgypt,,5525.00,800.00,1200.00,975.00,250.00,1150.00,1150.00,2021
484,Arak University of TechnologyIran,,5525.00,825.00,1125.00,450.00,450.00,1425.00,1250.00,2021
485,Allama Iqbal Open UniversityPakistan,,5525.00,1175.00,1075.00,750.00,400.00,1050.00,1075.00,2021
486,Institute of Business ManagementPakistan,,5500.00,450.00,1300.00,1050.00,900.00,1125.00,675.00,2021
487,Universiti Sultan Zainal AbidinMalaysia,,5500.00,1000.00,600.00,750.00,800.00,1200.00,1150.00,2021
488,Mustansiriyah UniversityIraq,,5475.00,950.00,1250.00,600.00,550.00,1150.00,975.00,2021
489,University of OkaraPakistan,,5475.00,1125.00,1200.00,675.00,600.00,950.00,925.00,2021
490,Sukkur IBA UniversityPakistan,,5475.00,800.00,1100.00,750.00,550.00,1225.00,1050.00,2021
491,University of MariborSlovenia,,5475.00,575.00,975.00,1200.00,600.00,1000.00,1125.00,2021
492,Derzhavin Tambov State UniversityRussia,,5475.00,600.00,875.00,900.00,550.00,1450.00,1100.00,2021
493,Lviv Polytechnic National UniversityUkraine,,5450.00,625.00,1075.00,825.00,450.00,950.00,1525.00,2021
494,"Guru Jambheshwar University of Science and Technology,Hisar, HaryanaIndia",,5450.00,825.00,1075.00,825.00,750.00,1000.00,975.00,2021
495,Universidad Nacional Abierta y a Distancia ColombiaColombia,,5450.00,450.00,1025.00,1500.00,600.00,725.00,1150.00,2021
496,Tashkent State University Of LawUzbekistan,,5450.00,1100.00,725.00,1050.00,600.00,1050.00,925.00,2021
497,Universita Degli Studi Di BergamoItaly,,5425.00,525.00,1250.00,1350.00,450.00,950.00,900.00,2021
498,Universitas Pendidikan Muhammadiyah SorongIndonesia,,5425.00,1050.00,1100.00,750.00,700.00,800.00,1025.00,2021
499,Universitas Islam Negeri Raden FatahIndonesia,,5425.00,1000.00,950.00,525.00,800.00,1025.00,1125.00,2021
500,University of IbaguéColombia,,5425.00,825.00,850.00,1350.00,600.00,1000.00,800.00,2021
501,University of DiyalaIraq,,5400.00,675.00,1275.00,675.00,650.00,1125.00,1000.00,2021
502,Al Aqsa UniversityPalestine,,5400.00,650.00,1175.00,900.00,650.00,975.00,1050.00,2021
503,The Hang Seng University of Hong KongHong Kong,,5400.00,450.00,1150.00,900.00,650.00,1350.00,900.00,2021
504,Universidad del QuindíoColombia,,5400.00,825.00,975.00,750.00,650.00,1250.00,950.00,2021
505,Universidade Estadual de Maringá-Brazil,,5400.00,900.00,750.00,750.00,750.00,1075.00,1175.00,2021
506,Universidad de CórdobaColombia,,5400.00,950.00,525.00,1425.00,400.00,1100.00,1000.00,2021
507,D++zce UniversityTurkey,,5375.00,1150.00,850.00,450.00,400.00,1175.00,1350.00,2021
508,Universidad Tecnica del NorteEcuador,,5375.00,500.00,700.00,1125.00,600.00,1175.00,1275.00,2021
509,University of SamarraIraq,,5350.00,650.00,1300.00,1125.00,500.00,825.00,950.00,2021
510,Benazir Bhutto Shaheed University of Technology & Skill DevelopmentPakistan,,5350.00,950.00,1150.00,675.00,500.00,1225.00,850.00,2021
511,State University of Land Use PlanningRussia,,5350.00,550.00,1075.00,900.00,250.00,1250.00,1325.00,2021
512,University of Management and TechnologyPakistan,,5350.00,700.00,1050.00,750.00,400.00,1075.00,1375.00,2021
513,Universitas Bangka BelitungIndonesia,,5350.00,900.00,1000.00,675.00,550.00,1000.00,1225.00,2021
514,University of Thi-qarIraq,,5350.00,800.00,850.00,675.00,550.00,1425.00,1050.00,2021
515,Gorgan University Of Agricultural Sciences And Natural ResourcesIran,,5350.00,775.00,700.00,600.00,600.00,1275.00,1400.00,2021
516,Universiti Kebangsaan MalaysiaMalaysia,,5350.00,725.00,625.00,1050.00,500.00,1150.00,1300.00,2021
517,Universidade Federal de Santa MariaBrazil,,5350.00,900.00,500.00,900.00,750.00,1075.00,1225.00,2021
518,TOBB University of Economy and TechnologyTurkey,,5350.00,800.00,400.00,1275.00,700.00,1225.00,950.00,2021
519,Ondokuz Mayis UniversityTurkey,,5350.00,1150.00,375.00,1275.00,550.00,800.00,1200.00,2021
520,University of SialkotPakistan,,5325.00,875.00,1350.00,975.00,650.00,750.00,725.00,2021
521,Universidad de ManizalesColombia,,5325.00,725.00,1325.00,1050.00,400.00,1200.00,625.00,2021
522,Islamic university of LebanonLebanon,,5325.00,1025.00,1250.00,600.00,500.00,975.00,975.00,2021
523,Mindanao State University Iligan Institute of TechnologyPhilippines,,5325.00,625.00,1100.00,675.00,250.00,1275.00,1400.00,2021
524,Universidad Pontificia ComillasSpain,,5325.00,850.00,900.00,1275.00,550.00,650.00,1100.00,2021
525,Babol Noshirvani University of TechnologyIran,,5300.00,900.00,1225.00,1050.00,500.00,775.00,850.00,2021
526,Jamia Millia IslamiaIndia,,5300.00,725.00,950.00,900.00,700.00,1025.00,1000.00,2021
527,Universidad Autonoma De San Luis PotosiMexico,,5300.00,750.00,775.00,1050.00,300.00,900.00,1525.00,2021
528,Polytechnic of MersingMalaysia,,5300.00,650.00,750.00,975.00,500.00,1300.00,1125.00,2021
529,Atyrau-University-Kazakhstan,,5300.00,850.00,675.00,825.00,700.00,1525.00,725.00,2021
530,University of MaltaMalta,,5275.00,575.00,1300.00,1200.00,400.00,750.00,1050.00,2021
531,University of AlKafeelIraq,,5275.00,775.00,1200.00,825.00,500.00,1050.00,925.00,2021
532,Al-Maarif University CollegeIraq,,5275.00,1075.00,1125.00,600.00,500.00,700.00,1275.00,2021
533,Universidad Catolica Andres BelloVenezuela,,5275.00,825.00,1050.00,1050.00,400.00,850.00,1100.00,2021
534,Western Kentucky UniversityUSA,,5275.00,600.00,1000.00,1500.00,450.00,875.00,850.00,2021
535,Aligarh Muslim UniversityIndia,,5275.00,1000.00,975.00,675.00,500.00,1000.00,1125.00,2021
536,Ghulam Ishaq Khan Institute of Engineering Sciences and TechnologyPakistan,,5275.00,800.00,775.00,600.00,650.00,1250.00,1200.00,2021
537,Azarbaijan Shahid Madani UniversityIran,,5275.00,750.00,700.00,525.00,700.00,1100.00,1500.00,2021
538,University of Sri JayewardenepuraSri Lanka,,5250.00,800.00,1000.00,825.00,450.00,975.00,1200.00,2021
539,Universitas Negeri PadangIndonesia,,5250.00,700.00,1000.00,900.00,550.00,750.00,1350.00,2021
540,Kakatiya UniversityIndia,,5250.00,825.00,875.00,900.00,500.00,1175.00,975.00,2021
541,Indian Institute of Technology BhubaneswarIndia,,5250.00,1200.00,850.00,975.00,700.00,850.00,675.00,2021
542,Universidad Santiago de CaliColombia,,5225.00,575.00,1175.00,1275.00,950.00,575.00,675.00,2021
543,University of Hradec KraloveCzech Republic,,5225.00,725.00,875.00,1275.00,650.00,950.00,750.00,2021
544,National University of Science and TechnologyIraq,,5225.00,800.00,825.00,975.00,650.00,1025.00,950.00,2021
545,University of MosulIraq,,5225.00,1050.00,775.00,675.00,700.00,1025.00,1000.00,2021
546,Universidad Publica De NavarraSpain,,5225.00,825.00,700.00,1200.00,400.00,850.00,1250.00,2021
547,Omsk State Agrarian UniversityRussia,,5225.00,975.00,325.00,1050.00,400.00,1125.00,1350.00,2021
548,Budapest Business SchoolHungary,,5200.00,350.00,1400.00,975.00,700.00,700.00,1075.00,2021
549,Islamic University of GazaPalestine,,5200.00,750.00,900.00,675.00,450.00,1100.00,1325.00,2021
550,Universitas 'Aisyiyah YogyakartaIndonesia,,5200.00,875.00,700.00,825.00,450.00,1075.00,1275.00,2021
551,"Universidad Iberoamericana, A.C.Mexico",,5200.00,750.00,675.00,1275.00,800.00,900.00,800.00,2021
552,Estonian University of Life SciencesEstonia,,5200.00,775.00,300.00,1050.00,500.00,925.00,1650.00,2021
553,University of KurdistanIran,,5175.00,925.00,1075.00,525.00,500.00,1025.00,1125.00,2021
554,NOVA University LisbonPortugal,,5175.00,825.00,975.00,1125.00,400.00,850.00,1000.00,2021
555,Instituto Politecnico do Cavado e do AvePortugal,,5175.00,750.00,975.00,975.00,550.00,975.00,950.00,2021
556,Voronezh State University of Forestry and Technologies named after G.F. MorozovRussia,,5175.00,1075.00,975.00,825.00,400.00,800.00,1100.00,2021
557,Technische Universität Kaiserslautern (TUK)Germany,,5175.00,575.00,875.00,1725.00,150.00,900.00,950.00,2021
558,Huachiew Chalermprakiet UniversityThailand,,5175.00,875.00,775.00,975.00,350.00,1200.00,1000.00,2021
559,University of RuhunaSri Lanka,,5175.00,950.00,675.00,900.00,500.00,1050.00,1100.00,2021
560,Mizoram UniversityIndia,,5150.00,875.00,1150.00,825.00,550.00,950.00,800.00,2021
561,Russian State University of Tourism and ServiceRussia,,5150.00,1050.00,925.00,750.00,400.00,1025.00,1000.00,2021
562,Pontificia Universidade Catolica Do Rio Grande Do Sul PucrsBrazil,,5150.00,700.00,875.00,1350.00,600.00,800.00,825.00,2021
563,Persian Gulf UniversityIran,,5150.00,875.00,775.00,675.00,600.00,1100.00,1125.00,2021
564,Universita Degli Studi Roma TreItaly,,5125.00,575.00,1600.00,750.00,350.00,875.00,975.00,2021
565,Universite De SousseTunisia,,5125.00,800.00,1075.00,525.00,800.00,775.00,1150.00,2021
566,Tanta UniversityEgypt,,5125.00,775.00,1050.00,525.00,550.00,1075.00,1150.00,2021
567,Adiyaman UniversityTurkey,,5125.00,925.00,1025.00,975.00,400.00,750.00,1050.00,2021
568,University of TehranIran,,5125.00,750.00,775.00,900.00,550.00,1150.00,1000.00,2021
569,Juraj Dobrila University of PulaCroatia,,5125.00,875.00,700.00,1500.00,450.00,625.00,975.00,2021
570,University of KerbalaIraq,,5125.00,850.00,625.00,600.00,500.00,1250.00,1300.00,2021
571,Universidad Autonoma Del Estado De MexicoMexico,,5125.00,900.00,300.00,1125.00,700.00,1100.00,1000.00,2021
572,The Women University MultanPakistan,,5100.00,1050.00,1250.00,375.00,450.00,1100.00,875.00,2021
573,Southern Utah UniversityUSA,,5100.00,600.00,1200.00,975.00,650.00,1075.00,600.00,2021
574,University of OradeaRomania,,5100.00,700.00,1050.00,1050.00,550.00,925.00,825.00,2021
575,Alrafidain University CollegeIraq,,5100.00,625.00,1025.00,900.00,650.00,850.00,1050.00,2021
576,University of BalochistanPakistan,,5100.00,875.00,925.00,1050.00,550.00,1050.00,650.00,2021
577,Samara State Technical UniversityRussia,,5100.00,675.00,550.00,1050.00,300.00,1000.00,1525.00,2021
578,Universidade Federal de Santa Catarina (UFSC)Brazil,,5100.00,900.00,500.00,1350.00,300.00,900.00,1150.00,2021
579,Universidade Federal Do CearaBrazil,,5100.00,1225.00,375.00,975.00,150.00,975.00,1400.00,2021
580,Universitas PattimuraIndonesia,,5075.00,825.00,1100.00,675.00,550.00,900.00,1025.00,2021
581,Universidade de SorocabaBrazil,,5075.00,925.00,975.00,675.00,650.00,1100.00,750.00,2021
582,Universiti Sains Islam MalaysiaMalaysia,,5075.00,875.00,875.00,750.00,300.00,1050.00,1225.00,2021
583,Atilim UniversityTurkey,,5075.00,925.00,475.00,1350.00,550.00,900.00,875.00,2021
584,Global Humanistic UniversityCuracao,,5050.00,725.00,875.00,1200.00,500.00,800.00,950.00,2021
585,National University of Science and Technology Misis (Moscow Institute of Steel and Alloys)Russia,,5050.00,325.00,850.00,750.00,500.00,1325.00,1300.00,2021
586,Universidad de Costa RicaCosta Rica,,5050.00,600.00,650.00,1050.00,650.00,1175.00,925.00,2021
587,Tashkent State Agrarian UniversityUzbekistan,,5025.00,900.00,1125.00,300.00,650.00,1325.00,725.00,2021
588,Universidade Estadual De LondrinaBrazil,,5025.00,875.00,975.00,975.00,450.00,900.00,850.00,2021
589,Eskisehir Technical UniversityTurkey,,5025.00,750.00,775.00,1425.00,650.00,775.00,650.00,2021
590,Ahvaz Jundishapur University of Medical SciencesIran,,5025.00,700.00,650.00,975.00,450.00,1275.00,975.00,2021
591,Universidad Católica De OrienteColombia,,5025.00,975.00,625.00,825.00,650.00,1050.00,900.00,2021
592,University Oil Gas PloiestiRomania,,5000.00,600.00,1100.00,600.00,600.00,950.00,1150.00,2021
593,Universidade do Vale do Itajai UNIVALIBrazil,,5000.00,975.00,900.00,1050.00,150.00,825.00,1100.00,2021
594,Islamic UniversityIraq,,5000.00,675.00,875.00,900.00,500.00,1275.00,775.00,2021
595,Universita Degli Studi Del Piemonte Orientale Amedeo AvogadroItaly,,5000.00,550.00,800.00,1050.00,450.00,1050.00,1100.00,2021
596,Azerbaijan University of Architecture and ConstructionAzerbaijan,,5000.00,775.00,750.00,825.00,650.00,800.00,1200.00,2021
597,Universitas Muhammadiyah Prof Dr HamkaIndonesia,,4975.00,700.00,800.00,750.00,450.00,1100.00,1175.00,2021
598,Selcuk UniversityTurkey,,4975.00,950.00,500.00,1200.00,350.00,975.00,1000.00,2021
599,Universita Degli Studi Di ParmaItaly,,4975.00,750.00,475.00,1050.00,450.00,1125.00,1125.00,2021
600,University of WahPakistan,,4950.00,650.00,1300.00,750.00,350.00,800.00,1100.00,2021
601,Universidad de San Buenaventura CaliColombia,,4950.00,850.00,1125.00,825.00,700.00,950.00,500.00,2021
602,Universidad Tecnologica de BolivarColombia,,4950.00,775.00,1100.00,600.00,500.00,975.00,1000.00,2021
603,University of SumerIraq,,4950.00,775.00,950.00,750.00,300.00,1100.00,1075.00,2021
604,Sri Padmavati Mahila Visvavidyalayam (Women's University)India,,4950.00,1025.00,775.00,375.00,300.00,1175.00,1300.00,2021
605,Voronezh State Technical UniversityRussia,,4950.00,825.00,750.00,825.00,350.00,875.00,1325.00,2021
606,Telafer UniversityIraq,,4950.00,900.00,625.00,600.00,750.00,825.00,1250.00,2021
607,Universita Degli Studi Della BasilicataItaly,,4950.00,850.00,575.00,1125.00,300.00,875.00,1225.00,2021
608,Universitas Islam Sultan AgungIndonesia,,4950.00,1125.00,500.00,525.00,600.00,1225.00,975.00,2021
609,Bharathiar UniversityIndia,,4925.00,800.00,900.00,525.00,500.00,1125.00,1075.00,2021
610,University Of PannoniaHungary,,4925.00,825.00,775.00,1050.00,550.00,550.00,1175.00,2021
611,Saratov State UniversityRussia,,4925.00,675.00,725.00,750.00,350.00,1200.00,1225.00,2021
612,Mendel University in BrnoCzech Republic,,4925.00,875.00,475.00,900.00,700.00,800.00,1175.00,2021
613,Universidad de Vina Del MarChile,,4900.00,700.00,1125.00,1050.00,550.00,725.00,750.00,2021
614,West Ukrainian National UniversityUkraine,,4900.00,500.00,925.00,675.00,500.00,1050.00,1250.00,2021
615,Nakhon Si Thammarat Rajabhat UniversityThailand,,4900.00,850.00,900.00,1050.00,550.00,750.00,800.00,2021
616,Advanced Studies In Basic SciencesIran,,4900.00,950.00,850.00,450.00,550.00,1325.00,775.00,2021
617,Prince of Songkla UniversityThailand,,4900.00,825.00,700.00,900.00,550.00,825.00,1100.00,2021
618,Al-Farahidi UniversityIraq,,4875.00,1000.00,1225.00,525.00,400.00,750.00,975.00,2021
619,Universidad Autonoma De TamaulipasMexico,,4875.00,800.00,825.00,600.00,550.00,725.00,1375.00,2021
620,Institut Teknologi Nasional BandungIndonesia,,4850.00,575.00,575.00,675.00,450.00,1075.00,1500.00,2021
621,Ni-de Ömer Halisdemir UniversityTurkey,,4850.00,825.00,350.00,1275.00,450.00,1100.00,850.00,2021
622,Rubtsovsk Institute (branch) of Altai State UniversityRussia,,4825.00,775.00,950.00,750.00,300.00,1150.00,900.00,2021
623,Canadian Memorial Chiropractic CollegeCanada,,4825.00,700.00,925.00,1425.00,600.00,700.00,475.00,2021
624,Universitas BosowaIndonesia,,4825.00,875.00,825.00,975.00,450.00,800.00,900.00,2021
625,Universidad Centroamericana Jose Simeon CanasEl Salvador,,4825.00,925.00,750.00,975.00,500.00,700.00,975.00,2021
626,Universidad HemisferiosEcuador,,4825.00,1150.00,575.00,750.00,400.00,900.00,1050.00,2021
627,North-eastern Federal UniversityRussia,,4825.00,950.00,525.00,1050.00,200.00,300.00,1800.00,2021
628,Escuela Agricola Panamericana ZamoranoHonduras,,4825.00,700.00,525.00,975.00,450.00,1250.00,925.00,2021
629,Bolu Abant Izzet Baysal University (BAIBU)Turkey,,4825.00,825.00,450.00,900.00,550.00,875.00,1225.00,2021
630,University of KirkukIraq,,4800.00,450.00,1075.00,450.00,650.00,1300.00,875.00,2021
631,Kto Karatay UniversityTurkey,,4800.00,475.00,900.00,600.00,550.00,1425.00,850.00,2021
632,Don State Technical UniversityRussia,,4800.00,825.00,875.00,525.00,400.00,1425.00,750.00,2021
633,Sharif University of TechnologyIran,,4800.00,425.00,825.00,825.00,400.00,1200.00,1125.00,2021
634,Igdir UniversitesiTurkey,,4800.00,750.00,750.00,825.00,400.00,950.00,1125.00,2021
635,University of GdanskPoland,,4800.00,725.00,700.00,1050.00,550.00,475.00,1300.00,2021
636,Universidad Nacional Del LitoralArgentina,,4800.00,1075.00,700.00,750.00,400.00,900.00,975.00,2021
637,Burapha UniversityThailand,,4800.00,800.00,700.00,675.00,700.00,1100.00,825.00,2021
638,Sukhothai Thammathirat Open UniversityThailand,,4800.00,700.00,625.00,900.00,600.00,1075.00,900.00,2021
639,NED University of Engineering & TechnologyPakistan,,4775.00,650.00,1025.00,450.00,600.00,1325.00,725.00,2021
640,Technical University Of KošiceSlovakia,,4750.00,825.00,950.00,450.00,500.00,725.00,1300.00,2021
641,Universidade Estadual do Norte do Parana UENPBrazil,,4750.00,850.00,600.00,825.00,300.00,1000.00,1175.00,2021
642,Palacky University OlomoucCzech Republic,,4725.00,650.00,800.00,1050.00,550.00,675.00,1000.00,2021
643,Osmaniye Korkut Ata UniversityTurkey,,4725.00,925.00,750.00,825.00,450.00,975.00,800.00,2021
644,Politeknik Sultan Idris ShahMalaysia,,4725.00,850.00,650.00,1050.00,500.00,800.00,875.00,2021
645,Universitas DinamikaIndonesia,,4725.00,925.00,550.00,975.00,750.00,700.00,825.00,2021
646,Centro Federal de Educao Tecnológica Celso Suckow da Fonseca - CEFET/RJBrazil,,4725.00,575.00,425.00,1125.00,450.00,950.00,1200.00,2021
647,Tver State Technical UniversityRussia,,4700.00,925.00,975.00,675.00,200.00,900.00,1025.00,2021
648,IAIN SalatigaIndonesia,,4700.00,625.00,925.00,750.00,500.00,1225.00,675.00,2021
649,MIT World Peace UniversityIndia,,4700.00,1000.00,675.00,900.00,400.00,625.00,1100.00,2021
650,Georgia College & State UniversityUSA,,4700.00,675.00,575.00,1050.00,700.00,825.00,875.00,2021
651,Bilkent UniversityTurkey,,4700.00,875.00,275.00,1050.00,450.00,1325.00,725.00,2021
652,Universitas Negeri MedanIndonesia,,4675.00,675.00,950.00,825.00,550.00,825.00,850.00,2021
653,Middle East University (MEU)Jordan,,4675.00,900.00,950.00,750.00,600.00,925.00,550.00,2021
654,Amman Arab UniversityJordan,,4675.00,950.00,900.00,675.00,450.00,650.00,1050.00,2021
655,Kyrgyz Turkish Manas UniversityKyrgyzstan,,4675.00,950.00,575.00,675.00,400.00,1025.00,1050.00,2021
656,Universitas Kristen Krida WacanaIndonesia,,4650.00,600.00,975.00,750.00,600.00,950.00,775.00,2021
657,Shaheed Benazir Bhutto Women University Peshawar PakistanPakistan,,4650.00,1050.00,925.00,525.00,200.00,1000.00,950.00,2021
658,Dow University of Health Sciences KarachiPakistan,,4650.00,775.00,750.00,825.00,500.00,1075.00,725.00,2021
659,Abai Kazakh National Pedagogical UniversityKazakhstan,,4650.00,625.00,725.00,300.00,450.00,1425.00,1125.00,2021
660,Xavier University Ateneo De CagayanPhilippines,,4650.00,700.00,525.00,1050.00,550.00,900.00,925.00,2021
661,National Institute of Technology HamirpurIndia,,4650.00,875.00,425.00,825.00,750.00,975.00,800.00,2021
662,University Politechnica of BucharestRomania,,4625.00,650.00,1175.00,675.00,200.00,950.00,975.00,2021
663,Ateneo de Davao UniversityPhilippines,,4625.00,600.00,825.00,900.00,500.00,1050.00,750.00,2021
664,President UniversityIndonesia,,4625.00,575.00,775.00,525.00,350.00,1200.00,1200.00,2021
665,Universitas BakrieIndonesia,,4600.00,350.00,1075.00,525.00,600.00,1100.00,950.00,2021
666,Pibulsongkram Rajabhat UniversityThailand,,4600.00,800.00,800.00,525.00,500.00,1100.00,875.00,2021
667,Bashkir State UniversityRussia,,4600.00,875.00,575.00,675.00,450.00,1100.00,925.00,2021
668,Maykop State Technological UniversityRussia,,4575.00,650.00,1350.00,900.00,500.00,825.00,350.00,2021
669,Universitas Muhammadiyah SurakartaIndonesia,,4575.00,725.00,1050.00,750.00,350.00,925.00,775.00,2021
670,Sumy National Agrarian UniversityUkraine,,4575.00,1025.00,825.00,525.00,250.00,850.00,1100.00,2021
671,Universidad Autónoma de QuerétaroMexico,,4575.00,1050.00,600.00,675.00,350.00,1150.00,750.00,2021
672,Shahrood University of TechnologyIran,,4550.00,775.00,750.00,750.00,650.00,1000.00,625.00,2021
673,Guru Ghasidas VishwavidyalayaIndia,,4550.00,900.00,750.00,525.00,700.00,925.00,750.00,2021
674,Universidad Nacional de San Martin ArgentinaArgentina,,4550.00,950.00,550.00,525.00,200.00,1225.00,1100.00,2021
675,Institut Teknologi Telkom JakartaIndonesia,,4525.00,775.00,925.00,975.00,400.00,1075.00,375.00,2021
676,Universitas Pembangunan Nasional Veteran YogyakartaIndonesia,,4525.00,750.00,850.00,900.00,350.00,750.00,925.00,2021
677,Universitaria AgustinianaColombia,,4525.00,675.00,700.00,1275.00,800.00,150.00,925.00,2021
678,Lahore Garrison UniveristyPakistan,,4525.00,350.00,675.00,1200.00,600.00,675.00,1025.00,2021
679,Sari Agricultural Sciences And Natural Resources UniversityIran,,4525.00,975.00,425.00,375.00,600.00,875.00,1275.00,2021
680,Yala Rajabhat UniversityThailand,,4525.00,650.00,275.00,900.00,800.00,875.00,1025.00,2021
681,Universidad Catolica San Antonio De MurciaSpain,,4500.00,575.00,650.00,1350.00,400.00,625.00,900.00,2021
682,Universidad De San Carlos De GuatemalaGuatemala,,4500.00,875.00,550.00,900.00,300.00,1100.00,775.00,2021
683,Universitas Negeri ManadoIndonesia,,4500.00,1175.00,550.00,600.00,350.00,825.00,1000.00,2021
684,Integral UniversityIndia,,4475.00,850.00,950.00,675.00,400.00,725.00,875.00,2021
685,Tomsk State UniversityRussia,,4475.00,1150.00,400.00,600.00,300.00,800.00,1225.00,2021
686,Federal University of GoiásBrazil,,4450.00,975.00,675.00,975.00,500.00,550.00,775.00,2021
687,Universitas Hang TuahIndonesia,,4450.00,900.00,575.00,750.00,500.00,525.00,1200.00,2021
688,Valahia University of TargovisteRomania,,4425.00,700.00,1225.00,600.00,350.00,700.00,850.00,2021
689,NFC Institute of Engineering and TechnologyPakistan,,4425.00,750.00,1050.00,450.00,500.00,900.00,775.00,2021
690,Saint-Petersburg State Forest Technical University named after S.M. KirovRussia,,4425.00,950.00,650.00,525.00,400.00,925.00,975.00,2021
691,Kohat University of Science & TechnologyPakistan,,4400.00,900.00,775.00,375.00,550.00,825.00,975.00,2021
692,Mykolas Romeris UniversityLithuania,,4400.00,825.00,750.00,450.00,250.00,950.00,1175.00,2021
693,Western Caspian UniversityAzerbaijan,,4400.00,425.00,600.00,825.00,350.00,950.00,1250.00,2021
694,Universidad Católica Andrs Bello Extensin GuayanaVenezuela,,4400.00,825.00,600.00,825.00,550.00,650.00,950.00,2021
695,Universidad Popular De La ChontalpaMexico,,4400.00,1075.00,600.00,825.00,500.00,650.00,750.00,2021
696,Antalya Bilim ÜniversitesiTurkey,,4400.00,925.00,225.00,825.00,550.00,950.00,925.00,2021
697,Universitas UdayanaIndonesia,,4375.00,900.00,950.00,975.00,500.00,350.00,700.00,2021
698,Atma Jaya Yogyakarta UniversityIndonesia,,4375.00,600.00,925.00,825.00,450.00,700.00,875.00,2021
699,Università di FoggiaItaly,,4375.00,475.00,800.00,1575.00,400.00,100.00,1025.00,2021
700,Platov South-Russian State Polytechnic University (NPI)Russia,,4375.00,650.00,775.00,1050.00,400.00,500.00,1000.00,2021
701,Colegio de Estudios Superiores de Administracion CESAColombia,,4350.00,525.00,875.00,525.00,500.00,1100.00,825.00,2021
702,Universitas TarumanagaraIndonesia,,4350.00,825.00,450.00,1200.00,550.00,475.00,850.00,2021
703,National UniversityUkraine,,4325.00,525.00,850.00,675.00,500.00,975.00,800.00,2021
704,Universitas Maritim Raja Ali Haji (UMRAH)Indonesia,,4325.00,650.00,725.00,675.00,450.00,1000.00,825.00,2021
705,King Khalid UniversitySaudi Arabia,,4325.00,850.00,625.00,525.00,500.00,875.00,950.00,2021
706,Tambov State Technical UniversityRussia,,4325.00,950.00,600.00,375.00,250.00,575.00,1575.00,2021
707,Indian Institute of Management AhmedabadIndia,,4325.00,650.00,575.00,825.00,500.00,1300.00,475.00,2021
708,Government College Women University Faisalabad PakistanPakistan,,4300.00,650.00,1075.00,300.00,450.00,900.00,925.00,2021
709,Al-Nahrain UniversityIraq,,4300.00,650.00,900.00,450.00,400.00,950.00,950.00,2021
710,University of Al-AmeedIraq,,4275.00,725.00,1175.00,675.00,500.00,600.00,600.00,2021
711,Al-Karkh University of ScienceIraq,,4275.00,750.00,675.00,975.00,350.00,675.00,850.00,2021
712,Universidad de CartagenaColombia,,4275.00,775.00,650.00,900.00,100.00,1200.00,650.00,2021
713,Universitas SurabayaIndonesia,,4275.00,625.00,575.00,975.00,550.00,900.00,650.00,2021
714,Universitas KuninganIndonesia,,4275.00,975.00,575.00,750.00,450.00,675.00,850.00,2021
715,Tyumen Industrial UniversityRussia,,4275.00,550.00,550.00,975.00,350.00,825.00,1025.00,2021
716,"University of Sargodha, SargodhaPakistan",,4275.00,925.00,550.00,300.00,50.00,1150.00,1300.00,2021
717,Maranhao State UniversityBrazil,,4275.00,750.00,500.00,750.00,300.00,800.00,1175.00,2021
718,Scuola Superiore Sant'annaItaly,,4275.00,500.00,400.00,1350.00,350.00,475.00,1200.00,2021
719,Manila Central UniversityPhilippines,,4275.00,825.00,375.00,1350.00,500.00,825.00,400.00,2021
720,Moscow State University of Civil EngineeringRussia,,4250.00,975.00,675.00,300.00,300.00,650.00,1350.00,2021
721,POLITEKNIK KUCHING SARAWAKMalaysia,,4250.00,800.00,625.00,825.00,200.00,1000.00,800.00,2021
722,University of South AfricaSouth Africa,,4225.00,950.00,525.00,975.00,200.00,850.00,725.00,2021
723,Middle Technical University (MTU)Iraq,,4200.00,525.00,975.00,600.00,350.00,1150.00,600.00,2021
724,Universitas TrisaktiIndonesia,,4200.00,650.00,675.00,750.00,450.00,525.00,1150.00,2021
725,Open University of Sri LankaSri Lanka,,4200.00,875.00,425.00,750.00,300.00,925.00,925.00,2021
726,Kazan State Medical UniversityRussia,,4175.00,875.00,650.00,825.00,150.00,550.00,1125.00,2021
727,Kadir Has UniversityTurkey,,4175.00,850.00,450.00,525.00,300.00,1200.00,850.00,2021
728,Marmara UniversityTurkey,,4175.00,750.00,350.00,900.00,450.00,1050.00,675.00,2021
729,Tadeusz Kosciuszko Cracow University of TechnologyPoland,,4150.00,500.00,1100.00,750.00,500.00,600.00,700.00,2021
730,UIN Sultan Aji Muhammad Idris SamarindaIndonesia,,4150.00,600.00,1025.00,750.00,450.00,975.00,350.00,2021
731,Minhaj University LahorePakistan,,4150.00,800.00,900.00,600.00,550.00,825.00,475.00,2021
732,Northern Technical UniversityIraq,,4150.00,775.00,725.00,525.00,400.00,900.00,825.00,2021
733,Dicle UniversityTurkey,,4150.00,925.00,250.00,900.00,350.00,1200.00,525.00,2021
734,Madonna UniversityUSA,,4100.00,800.00,1050.00,750.00,300.00,500.00,700.00,2021
735,"University of Engineering and Technology, TaxilaPakistan",,4100.00,750.00,650.00,450.00,200.00,1300.00,750.00,2021
736,"Universidad de Puerto Rico, Mayag-+ez CampusUSA",,4100.00,275.00,550.00,1050.00,400.00,1175.00,650.00,2021
737,Bataan Peninsula State UniversityPhilippines,,4100.00,775.00,550.00,600.00,350.00,850.00,975.00,2021
738,Taif UniversitySaudi Arabia,,4100.00,950.00,475.00,675.00,150.00,1175.00,675.00,2021
739,Polytechnical University of BariItaly,,4075.00,200.00,1200.00,750.00,300.00,1100.00,525.00,2021
740,University of Mazandaran BabolsarIran,,4075.00,700.00,1025.00,525.00,500.00,825.00,500.00,2021
741,Bayburt UniversityTurkey,,4075.00,825.00,875.00,750.00,200.00,750.00,675.00,2021
742,Imam Al-Kadhum CollegeIraq,,4075.00,550.00,825.00,525.00,350.00,1225.00,600.00,2021
743,Kharazmi UniversityIran,,4075.00,725.00,800.00,825.00,450.00,1050.00,225.00,2021
744,King Edward Medical UniversityPakistan,,4075.00,700.00,550.00,450.00,550.00,900.00,925.00,2021
745,Dunarea de Jos University of GalatiRomania,,4075.00,950.00,425.00,225.00,450.00,700.00,1325.00,2021
746,Ankara UniversityTurkey,,4075.00,1025.00,250.00,600.00,400.00,800.00,1000.00,2021
747,Al-Mustafa University CollegeIraq,,4050.00,675.00,800.00,1050.00,250.00,450.00,825.00,2021
748,Karamanoglu Mehmetbey UniversitesiTurkey,,4050.00,600.00,700.00,825.00,250.00,950.00,725.00,2021
749,Universidad Autónoma Del Estado De HidalgoMexico,,4050.00,750.00,700.00,750.00,300.00,575.00,975.00,2021
750,Yanka Kupala State University of GrodnoBelarus,,4050.00,625.00,600.00,825.00,100.00,1100.00,800.00,2021
751,Universidade Federal do Oeste do Pará - UfopaBrazil,,4025.00,800.00,700.00,375.00,550.00,425.00,1175.00,2021
752,Universidad de la CostaColombia,,4025.00,350.00,650.00,825.00,450.00,500.00,1250.00,2021
753,Universidad La Gran ColombiaColombia,,4025.00,925.00,600.00,375.00,500.00,500.00,1125.00,2021
754,Rajamangala University of Technology RattanakosinThailand,,4025.00,550.00,450.00,825.00,400.00,1000.00,800.00,2021
755,University of MiskolcHungary,,4025.00,750.00,450.00,1275.00,250.00,950.00,350.00,2021
756,Al-zahrawi University CollegeIraq,,4000.00,900.00,1225.00,450.00,250.00,550.00,625.00,2021
757,Universidad Autónoma de ChiapasMexico,,4000.00,625.00,700.00,600.00,550.00,1375.00,150.00,2021
758,Gazi UniversityTurkey,,4000.00,775.00,375.00,600.00,400.00,1075.00,775.00,2021
759,Tomsk State University of Architecture and BuildingRussia,,4000.00,775.00,375.00,825.00,500.00,775.00,750.00,2021
760,Technical Institution of Al-ShatrahIraq,,3975.00,875.00,900.00,600.00,300.00,925.00,375.00,2021
761,Abbottabad University of Science and TechnologyPakistan,,3950.00,800.00,1000.00,600.00,350.00,550.00,650.00,2021
762,Universidad Autónoma de CoahuilaMexico,,3950.00,525.00,750.00,450.00,150.00,925.00,1150.00,2021
763,Namal InstitutePakistan,,3925.00,800.00,1075.00,75.00,150.00,1100.00,725.00,2021
764,Rezekne Academy of TechnologiesLatvia,,3925.00,750.00,850.00,450.00,250.00,875.00,750.00,2021
765,Mazaya University CollegeIraq,,3925.00,350.00,650.00,600.00,450.00,900.00,975.00,2021
766,Air University IslamabadPakistan,,3925.00,675.00,575.00,525.00,450.00,700.00,1000.00,2021
767,Al-Kut University CollegeIraq,,3925.00,775.00,575.00,525.00,450.00,725.00,875.00,2021
768,Universitas Muhammadiyah ParepareIndonesia,,3925.00,700.00,450.00,675.00,250.00,825.00,1025.00,2021
769,Ulyanovsk State Technical UniversityRussia,,3925.00,850.00,375.00,450.00,200.00,900.00,1150.00,2021
770,University of Warmia and Mazury in OlsztynPoland,,3925.00,875.00,225.00,750.00,250.00,725.00,1100.00,2021
771,South Valley UniversityEgypt,,3900.00,1025.00,825.00,525.00,350.00,550.00,625.00,2021
772,Tashkent Institute of Irrigation and Agricultural Mechanization EngineersUzbekistan,,3900.00,375.00,700.00,450.00,400.00,1125.00,850.00,2021
773,The Government Sadiq College Women University BahawalpurPakistan,,3900.00,575.00,600.00,975.00,500.00,1025.00,225.00,2021
774,Universidad Bernardo O'HigginsChile,,3900.00,825.00,525.00,225.00,400.00,675.00,1250.00,2021
775,Aqaba University of TechnologyJordan,,3900.00,825.00,525.00,450.00,550.00,950.00,600.00,2021
776,Universidade Federal de Sao PauloBrazil,,3900.00,550.00,475.00,675.00,600.00,525.00,1075.00,2021
777,Penza State UniversityRussia,,3900.00,975.00,400.00,600.00,350.00,600.00,975.00,2021
778,University of Sindh JamshoroPakistan,,3875.00,825.00,900.00,450.00,450.00,725.00,525.00,2021
779,BINUS UniversityIndonesia,,3875.00,800.00,575.00,525.00,400.00,725.00,850.00,2021
780,Narxoz UniversityKazakhstan,,3875.00,700.00,400.00,525.00,200.00,1025.00,1025.00,2021
781,Payame Noor University of IlamIran,,3850.00,450.00,800.00,450.00,200.00,1125.00,825.00,2021
782,International Sakharov Environmental Institute of Belarusian State UniversityBelarus,,3850.00,500.00,800.00,525.00,200.00,800.00,1025.00,2021
783,"University of Technology, IraqIraq",,3850.00,500.00,775.00,675.00,450.00,975.00,475.00,2021
784,Eskisehir Osmangazi UniversityTurkey,,3850.00,700.00,450.00,525.00,250.00,825.00,1100.00,2021
785,University of BirjandIran,,3825.00,350.00,700.00,525.00,400.00,950.00,900.00,2021
786,"Laucala Campus, University of the South PacificFiji",,3825.00,550.00,475.00,900.00,600.00,1075.00,225.00,2021
787,Sri Ramachandra Institute of Higher Education and Research (SRIHER)India,,3825.00,925.00,425.00,600.00,500.00,825.00,550.00,2021
788,University of Agricultural Sciences and Veterinary Medicine of Cluj-NapocaRomania,,3825.00,575.00,375.00,1050.00,200.00,1175.00,450.00,2021
789,Women University MardanPakistan,,3800.00,700.00,725.00,525.00,550.00,650.00,650.00,2021
790,Bukhara State Medical Institute named after Abu Ali ibn SinoUzbekistan,,3800.00,825.00,600.00,150.00,550.00,450.00,1225.00,2021
791,West University of TimisoaraRomania,,3800.00,550.00,525.00,450.00,400.00,800.00,1075.00,2021
792,Andijan Machine-Building InstituteUzbekistan,,3800.00,500.00,500.00,375.00,350.00,850.00,1225.00,2021
793,Universidad Catolica Del NorteChile,,3800.00,450.00,375.00,675.00,300.00,925.00,1075.00,2021
794,Wasit UniversityIraq,,3775.00,875.00,925.00,225.00,500.00,875.00,375.00,2021
795,Universidad Tecnológica de México - Campus AtizapánMexico,,3775.00,600.00,225.00,1125.00,250.00,800.00,775.00,2021
796,Bingöl UniversityTurkey,,3750.00,925.00,775.00,450.00,100.00,950.00,550.00,2021
797,Universidad Tecnologica de PanamaPanama,,3750.00,975.00,150.00,525.00,450.00,400.00,1250.00,2021
798,Dijlah University CollegeIraq,,3725.00,575.00,1025.00,600.00,400.00,950.00,175.00,2021
799,National University of PharmacyUkraine,,3725.00,725.00,725.00,600.00,250.00,625.00,800.00,2021
800,Associao Caruaruense de Ensino Superior e Técnico - Asces-unitaBrazil,,3725.00,700.00,625.00,375.00,400.00,775.00,850.00,2021
801,National Aviation UniversityUkraine,,3725.00,1050.00,600.00,600.00,150.00,950.00,375.00,2021
802,Cankaya UniversityTurkey,,3725.00,550.00,525.00,600.00,300.00,825.00,925.00,2021
803,Can Tho UniversityVietnam,,3700.00,725.00,875.00,375.00,350.00,450.00,925.00,2021
804,Ariel UniversityIsrael,,3700.00,475.00,450.00,525.00,500.00,575.00,1175.00,2021
805,"National Institute of Fashion Technology, BhubaneswarIndia",,3675.00,800.00,800.00,300.00,250.00,875.00,650.00,2021
806,Universidad del Valle de Mexico -  Campus TlalpanMexico,,3675.00,425.00,525.00,750.00,300.00,825.00,850.00,2021
807,The Ghazi UniversityPakistan,,3650.00,825.00,600.00,75.00,50.00,925.00,1175.00,2021
808,Uzhhorod National UniversityUkraine,,3650.00,725.00,350.00,450.00,300.00,975.00,850.00,2021
809,Kermanshah University of TechnologyIran,,3625.00,750.00,875.00,525.00,550.00,500.00,425.00,2021
810,Prince Sattam bin Abdulaziz UniversitySaudi Arabia,,3625.00,725.00,650.00,300.00,400.00,875.00,675.00,2021
811,Budapest Metropolitan UniversityHungary,,3625.00,525.00,350.00,1050.00,200.00,1250.00,250.00,2021
812,North-Caucasus Federal UniversityRussia,,3625.00,725.00,225.00,525.00,350.00,825.00,975.00,2021
813,University of Sistan and BaluchestanIran,,3600.00,650.00,900.00,300.00,250.00,825.00,675.00,2021
814,Ardakan UniversityIran,,3600.00,625.00,650.00,375.00,450.00,600.00,900.00,2021
815,"Northern University, NowsheraPakistan",,3575.00,825.00,875.00,300.00,250.00,825.00,500.00,2021
816,Instituio Toledo de EnsinoBrazil,,3575.00,550.00,775.00,675.00,350.00,475.00,750.00,2021
817,The Maria Grzegorzewska UniversityPoland,,3575.00,550.00,425.00,825.00,250.00,700.00,825.00,2021
818,Institut Teknologi Telkom PurwokertoIndonesia,,3525.00,500.00,950.00,750.00,450.00,375.00,500.00,2021
819,Universidade LusofonaPortugal,,3525.00,275.00,800.00,750.00,300.00,425.00,975.00,2021
820,Al-Turath University CollegeIraq,,3525.00,675.00,700.00,600.00,450.00,625.00,475.00,2021
821,Zanjan University of Medical Sciences and Health ServicesIran,,3525.00,475.00,575.00,525.00,550.00,800.00,600.00,2021
822,Ivan Franko National University of LvivUkraine,,3525.00,900.00,575.00,300.00,300.00,700.00,750.00,2021
823,Kharkiv National University of Radio ElectronicsUkraine,,3500.00,350.00,875.00,600.00,150.00,675.00,850.00,2021
824,Universitas WirarajaIndonesia,,3500.00,625.00,850.00,450.00,350.00,475.00,750.00,2021
825,Wroclaw Medical UniversityPoland,,3475.00,800.00,1000.00,75.00,200.00,900.00,500.00,2021
826,Mykolayiv National Agrarian UniversityUkraine,,3475.00,675.00,525.00,300.00,450.00,775.00,750.00,2021
827,"El Colegio de México, A.C.Mexico",,3450.00,350.00,825.00,450.00,500.00,750.00,575.00,2021
828,"Islamic Azad University, Science and Research Branch (srbiau)Iran",,3450.00,725.00,725.00,525.00,400.00,450.00,625.00,2021
829,Universitas Internasional Semen IndonesiaIndonesia,,3450.00,775.00,550.00,525.00,350.00,525.00,725.00,2021
830,Universidad Biblica De Las AmericasVenezuela,,3425.00,600.00,775.00,375.00,350.00,675.00,650.00,2021
831,Zhubanov UniversityKazakhstan,,3425.00,325.00,650.00,1125.00,250.00,450.00,625.00,2021
832,Al-nisour University CollegeIraq,,3425.00,650.00,425.00,525.00,550.00,550.00,725.00,2021
833,Sawa UniversityIraq,,3400.00,350.00,650.00,525.00,400.00,800.00,675.00,2021
834,Usak UniversityTurkey,,3400.00,975.00,650.00,300.00,200.00,525.00,750.00,2021
835,Arabian Gulf UniversityBahrain,,3375.00,500.00,900.00,525.00,350.00,300.00,800.00,2021
836,Institut Teknologi Telkom SurabayaIndonesia,,3375.00,925.00,825.00,75.00,200.00,650.00,700.00,2021
837,Institut Agama Islam Negeri LangsaIndonesia,,3375.00,750.00,575.00,450.00,300.00,850.00,450.00,2021
838,Universitas Kristen IndonesiaIndonesia,,3350.00,400.00,800.00,375.00,200.00,775.00,800.00,2021
839,Politeknik Sultan Haji Ahmad ShahMalaysia,,3350.00,450.00,575.00,600.00,500.00,525.00,700.00,2021
840,Rubtsov industrial Institute (branch) of the Federal state budgetary educational institution of higher professional educationRussia,,3325.00,250.00,800.00,825.00,250.00,600.00,600.00,2021
841,Manisa Celal Bayar UniversityTurkey,,3325.00,550.00,800.00,1125.00,100.00,750.00,0.00,2021
842,Rider UniversityUSA,,3325.00,375.00,625.00,600.00,100.00,925.00,700.00,2021
843,Universidad Central de VenezuelaVenezuela,,3325.00,450.00,550.00,375.00,350.00,750.00,850.00,2021
844,Denau Institute of Entrepreneurship and PedagogyUzbekistan,,3300.00,625.00,825.00,225.00,400.00,550.00,675.00,2021
845,Ukhta State Technical UniversityRussia,,3275.00,375.00,700.00,900.00,150.00,725.00,425.00,2021
846,Al Amara University CollegeIraq,,3275.00,350.00,575.00,525.00,450.00,675.00,700.00,2021
847,Kyiv National University Of Technologies And DesignUkraine,,3250.00,625.00,850.00,75.00,450.00,550.00,700.00,2021
848,STIE Muhammadiyah JakartaIndonesia,,3250.00,575.00,600.00,675.00,350.00,300.00,750.00,2021
849,Anadolu UniversityTurkey,,3250.00,750.00,450.00,1125.00,250.00,450.00,225.00,2021
850,Universitat de les Illes BalearsSpain,,3250.00,325.00,75.00,975.00,600.00,350.00,925.00,2021
851,Al-Ayen UniversityIraq,,3225.00,625.00,725.00,75.00,500.00,925.00,375.00,2021
852,Government College Women University SialkotPakistan,,3225.00,625.00,650.00,900.00,200.00,375.00,475.00,2021
853,KREA UniversityIndia,,3225.00,300.00,175.00,450.00,450.00,1050.00,800.00,2021
854,Punyashlok Ahilyadevi Holkar Solapur University SolapurIndia,,3200.00,450.00,900.00,675.00,200.00,250.00,725.00,2021
855,Tomas Bata UniversityCzech Republic,,3200.00,500.00,450.00,750.00,400.00,325.00,775.00,2021
856,Daneshpajoohan Pishro Higher Education Institute (DHEI)Iran,,3175.00,475.00,700.00,150.00,0.00,775.00,1075.00,2021
857,Gebze Techinal UniversityTurkey,,3175.00,650.00,300.00,0.00,0.00,1400.00,825.00,2021
858,"Islamia College Peshawar, PakistanPakistan",,3150.00,750.00,1050.00,450.00,100.00,350.00,450.00,2021
859,Universitas Pendidikan GaneshaIndonesia,,3150.00,475.00,825.00,375.00,400.00,425.00,650.00,2021
860,Tver State UniversityRussia,,3150.00,775.00,625.00,225.00,400.00,300.00,825.00,2021
861,"Islamic Azad University, Najafabad BranchIran",,3150.00,550.00,375.00,300.00,300.00,975.00,650.00,2021
862,Madenat Alelem University CollegeIraq,,3150.00,550.00,375.00,525.00,600.00,550.00,550.00,2021
863,Harokopio University Of AthensGreece,,3125.00,600.00,550.00,825.00,200.00,500.00,450.00,2021
864,Kherson State Maritime AcademyUkraine,,3125.00,425.00,375.00,975.00,100.00,575.00,675.00,2021
865,University of The State Fiscal Service of UkraineUkraine,,3100.00,975.00,100.00,375.00,50.00,600.00,1000.00,2021
866,Al-Esraa University CollegeIraq,,3075.00,400.00,700.00,375.00,750.00,475.00,375.00,2021
867,Sekolah Tinggi Manajemen IpmiIndonesia,,3075.00,550.00,675.00,450.00,250.00,175.00,975.00,2021
868,Nakhon Ratchasima Rajabhat UniversityThailand,,3075.00,500.00,650.00,600.00,200.00,275.00,850.00,2021
869,Corvinus University of BudapestHungary,,3075.00,300.00,350.00,1050.00,50.00,800.00,525.00,2021
870,Sivas Cumhuriyet UniversityTurkey,,3075.00,850.00,225.00,600.00,200.00,725.00,475.00,2021
871,Université de MonastirTunisia,,3050.00,350.00,700.00,450.00,250.00,550.00,750.00,2021
872,Zhetysu university named after I. ZhansugurovKazakhstan,,3050.00,600.00,425.00,300.00,250.00,575.00,900.00,2021
873,Nakhon Pathom Rajabhat UniversityThailand,,3050.00,350.00,300.00,750.00,450.00,725.00,475.00,2021
874,Universita di Macerata (Universita degli Studi di Macerata)Italy,,3025.00,125.00,775.00,750.00,50.00,550.00,775.00,2021
875,Al-Bayan UniversityIraq,,3025.00,500.00,675.00,300.00,200.00,600.00,750.00,2021
876,Azerbaijan State University of Economics (UNEC)Azerbaijan,,3025.00,375.00,625.00,600.00,300.00,550.00,575.00,2021
877,Technical And Vocational UniversityIran,,3000.00,425.00,1075.00,375.00,300.00,325.00,500.00,2021
878,Universitas Islam Negeri Alauddin MakassarIndonesia,,3000.00,600.00,400.00,375.00,250.00,625.00,750.00,2021
879,Akfa UniversityUzbekistan,,2975.00,650.00,700.00,75.00,300.00,675.00,575.00,2021
880,Catholic University In ErbilIraq,,2975.00,700.00,625.00,450.00,300.00,500.00,400.00,2021
881,Indus UniversityPakistan,,2950.00,450.00,1025.00,450.00,300.00,100.00,625.00,2021
882,Guru Nanak Dev Engineering CollegeIndia,,2950.00,375.00,725.00,525.00,350.00,450.00,525.00,2021
883,Universitas Teknologi SumbawaIndonesia,,2950.00,850.00,675.00,375.00,150.00,525.00,375.00,2021
884,Almaty Management UniversityKazakhstan,,2950.00,1000.00,450.00,300.00,50.00,550.00,600.00,2021
885,Shahid Beheshti UnivresityIran,,2925.00,750.00,350.00,375.00,600.00,400.00,450.00,2021
886,Politeknik NilaiMalaysia,,2925.00,725.00,225.00,450.00,200.00,500.00,825.00,2021
887,Universitas Katolik Widya Mandala SurabayaIndonesia,,2750.00,475.00,750.00,450.00,200.00,450.00,425.00,2021
888,Politeknik Banting Selangor (PBS)Malaysia,,2750.00,550.00,225.00,675.00,250.00,725.00,325.00,2021
889,University of KragujevacSerbia,,2725.00,200.00,650.00,525.00,350.00,425.00,575.00,2021
890,L.N. Gumilyov Eurasian National UniversityKazakhstan,,2725.00,700.00,175.00,0.00,150.00,650.00,1050.00,2021
891,University of ManoubaTunisia,,2675.00,575.00,450.00,375.00,100.00,375.00,800.00,2021
892,Songkhla Rajabhat UniversityThailand,,2675.00,650.00,325.00,450.00,250.00,475.00,525.00,2021
893,University of Education WinnebaGhana,,2650.00,350.00,750.00,450.00,250.00,400.00,450.00,2021
894,Gilgamesh Ahliya UniversityIraq,,2650.00,550.00,675.00,375.00,250.00,500.00,300.00,2021
895,Hawler Medical UniversityIraq,,2625.00,425.00,550.00,375.00,250.00,600.00,425.00,2021
896,Alsafwa University CollegeIraq,,2625.00,575.00,450.00,525.00,350.00,525.00,200.00,2021
897,Universidad LibreColombia,,2600.00,225.00,725.00,900.00,0.00,325.00,425.00,2021
898,Institut Teknologi KalimantanIndonesia,,2575.00,750.00,525.00,225.00,400.00,200.00,475.00,2021
899,Ion Mincu University of Architecture and UrbanismRomania,,2575.00,275.00,350.00,450.00,0.00,350.00,1150.00,2021
900,Alanya Alaaddin Keykubat UniversityTurkey,,2550.00,300.00,875.00,675.00,150.00,350.00,200.00,2021
901,South Ural State UniversityRussia,,2550.00,425.00,600.00,150.00,200.00,400.00,775.00,2021
902,"Instituto Federal de Educao, Ciência e Tecnologia do Sudeste de Minas Gerais e Tecnologia do Sudeste de Minas GeraisBrazil",,2550.00,650.00,175.00,450.00,450.00,275.00,550.00,2021
903,National University of Water And Environmental EngineeringUkraine,,2525.00,450.00,675.00,225.00,0.00,525.00,650.00,2021
904,Ninevah UniversityIraq,,2525.00,525.00,625.00,150.00,300.00,700.00,225.00,2021
905,Erzurum Technical UniversityTurkey,,2525.00,575.00,500.00,300.00,300.00,700.00,150.00,2021
906,Ibn Sina University of Medical and Pharmaceutical SciencesIraq,,2500.00,250.00,650.00,375.00,250.00,375.00,600.00,2021
907,Universitas Muria KudusIndonesia,,2500.00,550.00,425.00,450.00,250.00,250.00,575.00,2021
908,Meybod UniversityIran,,2500.00,600.00,400.00,225.00,200.00,700.00,375.00,2021
909,Alnoor University CollegeIraq,,2475.00,725.00,450.00,600.00,200.00,225.00,275.00,2021
910,Politeknik Teknologi Kimia Industri - MedanIndonesia,,2450.00,475.00,650.00,375.00,450.00,375.00,125.00,2021
911,Ufa State Aviation Technical UniversityRussia,,2450.00,750.00,175.00,225.00,300.00,250.00,750.00,2021
912,Aga Khan UniversityPakistan,,2350.00,275.00,575.00,450.00,300.00,575.00,175.00,2021
913,"Bahauddin Zakariya University, Multan PakistanPakistan",,2350.00,550.00,450.00,300.00,0.00,550.00,500.00,2021
914,Medical University - SofiaBulgaria,,2325.00,225.00,475.00,450.00,200.00,600.00,375.00,2021
915,Konya Teknik ÜniversitesiTurkey,,2325.00,450.00,275.00,375.00,150.00,675.00,400.00,2021
916,Kilis 7 Aralk UniversityTurkey,,2325.00,825.00,100.00,300.00,250.00,525.00,325.00,2021
917,University Of Applied Social SciencesLithuania,,2300.00,50.00,600.00,300.00,200.00,850.00,300.00,2021
918,Al Hikma University CollegeIraq,,2250.00,575.00,900.00,375.00,50.00,250.00,100.00,2021
919,Edo State University UzairueNigeria,,2200.00,525.00,575.00,525.00,300.00,275.00,0.00,2021
920,K. N. Toosi University of TechnologyIran,,2200.00,525.00,550.00,225.00,150.00,400.00,350.00,2021
921,University of FallujahIraq,,2175.00,300.00,150.00,525.00,300.00,200.00,700.00,2021
922,"International Islamic University, IslamabadPakistan",,2175.00,975.00,125.00,225.00,200.00,350.00,300.00,2021
923,University of Kwazulu NatalSouth Africa,,2175.00,575.00,100.00,300.00,250.00,650.00,300.00,2021
924,North Ossetian State UniversityRussia,,2150.00,400.00,500.00,225.00,100.00,425.00,500.00,2021
925,Cardinal Stefan Wyszynski University in WarsawPoland,,2125.00,250.00,500.00,375.00,50.00,450.00,500.00,2021
926,Imam Ja'afar Al-Sadiq UniversityIraq,,2125.00,350.00,300.00,150.00,350.00,550.00,425.00,2021
927,Poltekkes Kemenkes TanjungkarangIndonesia,,2100.00,550.00,375.00,150.00,250.00,125.00,650.00,2021
928,Tikrit UniversityIraq,,2075.00,475.00,400.00,225.00,200.00,650.00,125.00,2021
929,Al-Manara College of Medical SciencesIraq,,2025.00,475.00,375.00,0.00,50.00,350.00,775.00,2021
930,Rajamangala University of Technology KrungthepThailand,,2000.00,100.00,600.00,300.00,0.00,525.00,475.00,2021
931,Jabir ibn Hayyan Medical UniversityIraq,,2000.00,500.00,550.00,225.00,50.00,475.00,200.00,2021
932,Al-Hadi University CollageIraq,,1975.00,450.00,450.00,375.00,250.00,275.00,175.00,2021
933,Al-Zahraa University for WomenIraq,,1950.00,625.00,125.00,75.00,250.00,475.00,400.00,2021
934,Universitas Ma ChungIndonesia,,1900.00,450.00,250.00,375.00,50.00,575.00,200.00,2021
935,Astrakhan State UniversityRussia,,1825.00,375.00,325.00,0.00,0.00,550.00,575.00,2021
936,University of Information Technology and CommunicationsIraq,,1775.00,300.00,600.00,225.00,250.00,250.00,150.00,2021
937,Universidade do Estado do AmazonasBrazil,,1750.00,500.00,250.00,300.00,150.00,200.00,350.00,2021
938,Moscow University for the HumanitiesRussia,,1750.00,925.00,150.00,450.00,0.00,225.00,0.00,2021
939,North-west Institute of Management of the Russian Presidential Academy of National Economy and Public AdministrationRussia,,1725.00,350.00,225.00,75.00,200.00,550.00,325.00,2021
940,Bilad Al Rafidain University CollegeIraq,,1675.00,450.00,350.00,225.00,50.00,350.00,250.00,2021
941,Universitas Al Azhar IndonesiaIndonesia,,1600.00,75.00,500.00,75.00,0.00,125.00,825.00,2021
942,Al-Qasim Green UniversityIraq,,1600.00,250.00,275.00,0.00,100.00,150.00,825.00,2021
943,"Central University Of Technology, Free StateSouth Africa",,1450.00,50.00,425.00,225.00,100.00,375.00,275.00,2021
944,Universitas MataramIndonesia,,1450.00,200.00,250.00,75.00,100.00,425.00,400.00,2021
945,Alrasheed UniversityIraq,,1375.00,350.00,125.00,225.00,0.00,525.00,150.00,2021
946,Green International UniversityPakistan,,1325.00,325.00,425.00,0.00,50.00,275.00,250.00,2021
947,Faculdade Santo Agostinho (Unidade Itabuna-Bahia)Brazil,,1225.00,450.00,100.00,225.00,250.00,200.00,0.00,2021
948,Universitas Nusa MandiriIndonesia,,1200.00,225.00,200.00,225.00,150.00,0.00,400.00,2021
949,Sekolah Tinggi Ilmu Ekonomi Kesuma NegaraIndonesia,,1100.00,0.00,625.00,75.00,0.00,400.00,0.00,2021
950,"Tecnológico Nacional de México, Campus HermosilloMexico",,1075.00,350.00,0.00,75.00,50.00,200.00,400.00,2021
951,Universitas Cokroaminoto PalopoIndonesia,,875.00,100.00,350.00,0.00,0.00,325.00,100.00,2021
952,Universidad Francisco de Paula SantanderColombia,,775.00,775.00,0.00,0.00,0.00,0.00,0.00,2021
953,University of Al-hamdaniyaIraq,,600.00,50.00,50.00,0.00,0.00,0.00,500.00,2021
954,Basrah University CollegeIraq,,400.00,100.00,0.00,0.00,0.00,275.00,25.00,2021
955,STIE Indonesia Banking SchoolIndonesia,,400.00,250.00,0.00,0.00,50.00,0.00,100.00,2021
956,Universitas Harapan MedanIndonesia,,300.00,200.00,0.00,0.00,100.00,0.00,0.00,2021
1022,Al-Manara College of Medical SciencesIraq,,2050,500,415,0,10,350,775,2022
1,Wageningen University & ResearchNetherlands,,9300,1325,1825,1800,1000,1600,1750,2022
2,Nottingham Trent UniversityUnited%20Kingdom,,9175,1300,1975,1800,850,1500,1750,2022
3,University of NottinghamUnited%20Kingdom,,9175,1375,1700,1800,1000,1650,1650,2022
4,University of GroningenNetherlands,,9160,1325,1635,1800,1000,1750,1650,2022
5,"University of California, DavisUSA",,9150,1375,1775,1800,1000,1450,1750,2022
6,Umwelt-Campus Birkenfeld (Trier University of Applied Sciences)Germany,,9125,1175,1975,1575,950,1700,1750,2022
7,University College CorkIreland,,9075,1250,1800,1725,1000,1600,1700,2022
8,University of ConnecticutUSA,,9075,1400,1550,1725,1000,1650,1750,2022
9,Universitat BremenGermany,,9050,1300,1775,1650,900,1700,1725,2022
10,Universidade de Sao Paulo USPBrazil,,9050,1400,1600,1725,950,1700,1675,2022
11,Universita di BolognaItaly,,9050,1325,1550,1725,900,1800,1750,2022
12,Leiden UniversityNetherlands,,9025,925,1950,1800,1000,1750,1600,2022
13,University of Southern DenmarkDenmark,,9025,1100,1825,1800,1000,1600,1700,2022
14,Dublin City UniversityIreland,,9005,1130,1875,1800,1000,1500,1700,2022
15,Universidad Autónoma de Nuevo LeónMexico,,8975,1375,1625,1725,850,1650,1750,2022
16,Université de SherbrookeCanada,,8965,1225,1765,1725,1000,1525,1725,2022
17,Hame University of Applied SciencesFinland,,8950,1325,1700,1725,1000,1525,1675,2022
18,Leuphana Universitat LuneburgGermany,,8900,1075,1875,1725,850,1650,1725,2022
19,Luiss UniversityItaly,,8875,1175,1925,1575,850,1650,1700,2022
20,Politecnico di TorinoItaly,,8875,800,1775,1800,1000,1700,1800,2022
21,University of PécsHungary,,8830,1230,1675,1725,900,1600,1700,2022
22,Universita degli Studi di TorinoItaly,,8825,1175,1825,1575,900,1550,1800,2022
23,University of LimerickIreland,,8825,1300,1725,1650,900,1550,1700,2022
24,Universitas IndonesiaIndonesia,,8800,1175,1875,1575,950,1425,1800,2022
25,Universiti Putra MalaysiaMalaysia,,8800,1275,1700,1575,850,1625,1775,2022
26,RUDN UniversityRussia,,8785,1275,1610,1800,850,1650,1600,2022
27,National Pingtung University of Science & TechnologyChinese%20Taipei,,8775,1400,1575,1575,900,1600,1725,2022
28,Universidad del RosarioColombia,,8760,1135,1750,1725,900,1675,1575,2022
29,Universitas DiponegoroIndonesia,,8750,1150,1725,1500,900,1675,1800,2022
30,Universita degli Studi dell'AquilaItaly,,8750,1250,1650,1725,850,1500,1775,2022
31,Universidad Complutense De MadridSpain,,8725,1100,1900,1800,1000,1500,1425,2022
32,Universidad de AlcaláSpain,,8700,1225,2025,1575,850,1475,1550,2022
33,Weifang Institute of TechnologyChina,,8700,1375,1850,1650,800,1600,1425,2022
34,Universitas Gadjah MadaIndonesia,,8700,1300,1725,1425,850,1600,1800,2022
35,IPB UniversityIndonesia,,8685,1350,1460,1575,900,1625,1775,2022
36,University of WarwickUnited%20Kingdom,,8675,1200,1700,1650,750,1625,1750,2022
37,Universidade Federal de Lavras - UFLABrazil,,8675,1400,1650,1500,950,1375,1800,2022
38,King Abdulaziz UniversitySaudi%20Arabia,,8660,1375,1635,1650,900,1425,1675,2022
39,University of Eastern FinlandFinland,,8650,925,1850,1800,1000,1400,1675,2022
40,Kasetsart UniversityThailand,,8650,1175,1675,1575,900,1600,1725,2022
41,Institut Teknologi Sepuluh NopemberIndonesia,,8650,1325,1600,1575,900,1450,1800,2022
42,Universitas Negeri SemarangIndonesia,,8625,1250,1775,1500,900,1500,1700,2022
43,Universitas Sebelas MaretIndonesia,,8625,1175,1725,1650,850,1425,1800,2022
44,National Chi Nan UniversityChinese%20Taipei,,8600,1400,1625,1575,850,1525,1625,2022
45,Czech University of Life Sciences PragueCzech%20Republic,,8600,1100,1600,1725,950,1450,1775,2022
46,Mahidol UniversityThailand,,8585,1160,1600,1575,950,1675,1625,2022
47,Istanbul Technical UniversityTurkey,,8585,1275,1535,1575,900,1575,1725,2022
48,Universidad Autónoma de OccidenteColombia,,8575,1175,1675,1800,1000,1300,1625,2022
49,Carleton UniversityCanada,,8575,1075,1625,1800,1000,1500,1575,2022
50,Universiti MalayaMalaysia,,8560,1350,1235,1800,1000,1425,1750,2022
51,Universitat Autònoma de BarcelonaSpain,,8550,1100,1900,1725,850,1425,1550,2022
52,Lincoln UniversityNew%20Zealand,,8550,1325,1425,1575,800,1700,1725,2022
53,Universiti Malaysia Sabah (UMS)Malaysia,,8535,1010,1825,1575,950,1525,1650,2022
54,National Chin-Yi University of TechnologyChinese%20Taipei,,8525,1125,1650,1800,1000,1300,1650,2022
55,Riga Technical UniversityLatvia,,8500,1000,1700,1575,900,1700,1625,2022
56,Universidad De SantanderColombia,,8500,1350,1700,1350,850,1650,1600,2022
57,Al-Balqa Applied UniversityJordan,,8475,1250,1850,1350,800,1600,1625,2022
58,Benemérita Universidad Autónoma de PueblaMexico,,8450,1050,1775,1725,1000,1350,1550,2022
59,National Yunlin University of Science & TechnologyChinese%20Taipei,,8450,1225,1550,1500,850,1575,1750,2022
60,Universidad Nacional de ColombiaColombia,,8450,1150,1550,1725,1000,1525,1500,2022
61,Universitas Islam Negeri Raden Intan LampungIndonesia,,8375,1150,1875,1425,900,1475,1550,2022
62,Universidad Tecnologica de PereiraColombia,,8375,1100,1850,1575,950,1400,1500,2022
63,King Mongkut's University of Technology ThonburiThailand,,8375,1250,1675,1425,650,1700,1675,2022
64,Chaoyang University of TechnologyChinese%20Taipei,,8375,1225,1650,1500,850,1475,1675,2022
65,Da-Yeh UniversityChinese%20Taipei,,8375,1250,1600,1425,950,1475,1675,2022
66,University Of California San DiegoUSA,,8375,1175,1575,1500,950,1550,1625,2022
67,National Taitung UniversityChinese%20Taipei,,8375,1300,1550,1500,900,1550,1575,2022
68,Suranaree University of TechnologyThailand,,8375,1325,1425,1650,850,1525,1600,2022
69,Universidad De AntioquiaColombia,,8350,1175,1700,1425,900,1350,1800,2022
70,"Instituto Federal de Educacao, Ciencia e Tecnologia do Sul de Minas GeraisBrazil",,8350,1225,1575,1650,900,1425,1575,2022
71,Cyprus International UniversityTurkey,,8350,1250,1575,1425,1000,1450,1650,2022
72,Nanhua University TaiwanChinese%20Taipei,,8335,1200,1310,1800,900,1525,1600,2022
73,University of SzegedHungary,,8330,1330,1475,1650,850,1550,1475,2022
74,University of CampinasBrazil,,8325,1025,1475,1650,900,1600,1675,2022
75,Universidad de CaldasColombia,,8310,1085,1500,1725,900,1450,1650,2022
76,Universidad de GranadaSpain,,8300,975,1825,1500,850,1600,1550,2022
77,Telkom UniversityIndonesia,,8300,975,1700,1425,900,1525,1775,2022
78,Siberian Federal UniversityRussia,,8300,1275,1650,1350,850,1625,1550,2022
79,Universidad Nacional Autónoma de MéxicoMexico,,8300,1200,1375,1650,900,1450,1725,2022
80,Shinshu UniversityJapan,,8285,1160,1450,1725,700,1550,1700,2022
81,University of SharjahUnited%20Arab%20Emirates,,8285,1400,1385,1650,1000,1175,1675,2022
82,Universidad Pontificia BolivarianaColombia,,8275,1400,1725,1575,750,1550,1275,2022
83,Airlangga UniversityIndonesia,,8275,1275,1525,1350,800,1575,1750,2022
84,Fundación Universidad del Norte BarranquillaColombia,,8275,1175,1475,1725,1000,1325,1575,2022
85,Politecnico Di MilanoItaly,,8265,800,1365,1800,950,1650,1700,2022
86,Erciyes UniversityTurkey,,8260,1325,1535,1425,800,1600,1575,2022
87,National Cheng Kung UniversityChinese%20Taipei,,8255,1205,1675,1500,700,1600,1575,2022
88,Universidad Autonoma De YucatanMexico,,8250,1500,1825,1425,850,1150,1500,2022
89,Universidad El BosqueColombia,,8250,1100,1750,1425,950,1500,1525,2022
90,University of A CoruñaSpain,,8250,1075,1600,1725,900,1250,1700,2022
91,Universiti Tunku Abdul RahmanMalaysia,,8250,1250,1550,1500,1000,1200,1750,2022
92,Universitas PadjadjaranIndonesia,,8235,1175,1535,1575,750,1525,1675,2022
93,Universidad de los Andes ColombiaColombia,,8235,1150,1500,1650,850,1410,1675,2022
94,Ozyegin UniversityTurkey,,8225,1000,1675,1500,800,1500,1750,2022
95,Yildiz Technical UniversityTurkey,,8225,1175,1625,1350,900,1625,1550,2022
96,Universidade do MinhoPortugal,,8225,1125,1525,1800,800,1300,1675,2022
97,Omnes EducationFrance,,8220,660,1750,1800,850,1510,1650,2022
98,Chang Jung Christian UniversityChinese%20Taipei,,8210,1050,1385,1650,850,1550,1725,2022
99,Università Degli Studi Gabriele D'Annunzio Chieti e PescaraItaly,,8210,1150,1260,1800,800,1500,1700,2022
100,Universitas Islam IndonesiaIndonesia,,8200,1150,1550,1500,950,1475,1575,2022
101,Mahasarakham UniversityThailand,,8200,1300,1525,1275,800,1550,1750,2022
102,Siam UniversityThailand,,8200,1125,1450,1425,850,1600,1750,2022
103,Universiti Malaysia PahangMalaysia,,8200,1225,1425,1425,900,1475,1750,2022
104,Universitas LampungIndonesia,,8175,1025,1725,1500,800,1375,1750,2022
105,D. Serikbayev East Kazakhstan technical universityKazakhstan,,8175,1300,1700,1275,750,1500,1650,2022
106,Yeditepe UniversityTurkey,,8175,1200,1525,1650,800,1425,1575,2022
107,University of ZanjanIran,,8165,1230,1450,1500,1000,1335,1650,2022
108,Ege UniversityTurkey,,8150,1250,1550,1575,800,1425,1550,2022
109,Hasanuddin UniversityIndonesia,,8140,1325,1315,1350,900,1525,1725,2022
110,Institut Teknologi SumateraIndonesia,,8125,1275,1525,1350,850,1450,1675,2022
111,Walailak UniversityThailand,,8125,1350,1475,1425,850,1650,1375,2022
112,Tunghai UniversityChinese%20Taipei,,8125,1325,1425,1425,750,1575,1625,2022
113,National Taipei University of TechnologyChinese%20Taipei,,8120,975,1435,1800,660,1650,1600,2022
114,Ton Duc Thang UniversityVietnam,,8100,1025,1600,1650,900,1400,1525,2022
115,Masaryk UniversityCzech%20Republic,,8100,1000,1500,1500,800,1650,1650,2022
116,An-Najah National UniversityPalestine,,8075,1075,1925,1050,900,1400,1725,2022
117,Universidad PanamericanaMexico,,8075,1150,1800,1575,900,1200,1450,2022
118,"ITESO, Universidad Jesuita de GuadalajaraMexico",,8070,1035,1800,1800,950,1160,1325,2022
119,Mae Fah Luang UniversityThailand,,8060,1300,1360,1350,850,1550,1650,2022
120,Glasgow Caledonian UniversityUnited%20Kingdom,,8055,680,1750,1800,900,1650,1275,2022
121,Manipal Academy of Higher EducationIndia,,8050,1025,1525,1500,900,1625,1475,2022
122,Brawijaya UniversityIndonesia,,8035,1225,1735,1425,750,1350,1550,2022
123,Universidad IcesiColombia,,8025,1125,1775,1350,750,1400,1625,2022
124,Rajamangala University of Technology Thanyaburi (RMUTT)Thailand,,8025,1100,1625,1500,950,1450,1400,2022
125,Universidad Rey Juan CarlosSpain,,8025,900,1450,1800,750,1400,1725,2022
126,Yogyakarta State UniversityIndonesia,,8000,1075,1850,1425,800,1425,1425,2022
127,Università degli Studi di GenovaItaly,,8000,1125,1725,1500,800,1450,1400,2022
128,UiTM SHAH ALAMMalaysia,,7985,950,1285,1725,900,1325,1800,2022
129,University of PassauGermany,,7980,905,1750,1650,800,1600,1275,2022
130,Universitas Muhammadiyah YogyakartaIndonesia,,7975,1150,1775,1275,750,1425,1600,2022
131,Universita degli Studi di PadovaItaly,,7975,1150,1625,1650,800,1050,1700,2022
132,Universiti Pendidikan Sultan IdrisMalaysia,,7975,1250,1575,1350,750,1575,1475,2022
133,American University of Beirut (AUB)Lebanon,,7975,1250,1550,1350,750,1450,1625,2022
134,American University in CairoEgypt,,7965,940,1425,1575,950,1400,1675,2022
135,Middle East Technical UniversityTurkey,,7950,1400,1225,1350,700,1475,1800,2022
136,Universidad Autónoma de MadridSpain,,7935,1125,1500,1725,750,1160,1675,2022
137,Gdansk University of TechnologyPoland,,7935,1175,1485,1500,600,1550,1625,2022
138,Tra Vinh UniversityVietnam,,7925,1125,1450,1275,800,1650,1625,2022
139,Universidade Federal De Mato Grosso Do SulBrazil,,7925,1250,1400,1425,800,1325,1725,2022
140,Universitas Sultan Ageng TirtayasaIndonesia,,7900,1075,1575,1275,850,1475,1650,2022
141,Universitas SriwijayaIndonesia,,7875,1225,1700,1350,700,1325,1575,2022
142,Universiti Teknikal Malaysia MelakaMalaysia,,7875,1250,1400,1125,800,1575,1725,2022
143,Tzu Chi UniversityChinese%20Taipei,,7865,1300,1365,1575,800,1375,1450,2022
144,Immanuel Kant Baltic Federal UniversityRussia,,7850,1225,1800,1425,600,1300,1500,2022
145,Universidad Iberoamericana PueblaMexico,,7850,900,1725,1575,850,1225,1575,2022
146,University Of AnbarIraq,,7850,1150,1700,1200,700,1525,1575,2022
147,Universidad Politecnica de ValenciaSpain,,7850,825,1625,1650,750,1325,1675,2022
148,Universitas Multimedia NusantaraIndonesia,,7850,1125,1600,1425,950,1275,1475,2022
149,Universita Politecnica delle MarcheItaly,,7850,1275,1600,1350,850,1250,1525,2022
150,Al-Mustaqbal University CollegeIraq,,7850,1200,1550,1425,800,1575,1300,2022
151,Universitas Teuku UmarIndonesia,,7850,1225,1475,1350,750,1450,1600,2022
152,Mangalore UniversityIndia,,7850,1325,1400,1275,800,1525,1525,2022
153,Qassim UniversitySaudi%20Arabia,,7845,1060,1135,1725,1000,1300,1625,2022
154,Dhurakij Pundit UniversityThailand,,7835,960,1575,1575,750,1375,1600,2022
155,Universitas Sumatera UtaraIndonesia,,7835,1125,1235,1500,900,1400,1675,2022
156,Kashan University of Medical Sciences and Health ServicesIran,,7825,1225,1650,1500,850,1525,1075,2022
157,Maejo UniversityThailand,,7825,1250,1450,1200,750,1500,1675,2022
158,Universidad EAFITColombia,,7810,935,1575,1575,850,1300,1575,2022
159,Bartin UniversityTurkey,,7810,1150,1360,1350,800,1525,1625,2022
160,Perm National Research Polytechnic UniversityRussia,,7800,1400,1775,1275,550,1425,1375,2022
161,National Pingtung UniversityChinese%20Taipei,,7800,1175,1375,1275,750,1600,1625,2022
162,Aksaray UniversityTurkey,,7800,1250,1275,1575,700,1425,1575,2022
163,University of KashanIran,,7795,895,1950,1350,850,1525,1225,2022
164,University of BabylonIraq,,7785,1375,1525,1350,900,1335,1300,2022
165,Universiti Tun Hussein Onn MalaysiaMalaysia,,7785,1050,1335,1275,900,1450,1775,2022
166,University of PhayaoThailand,,7775,1150,1550,1275,800,1475,1525,2022
167,S R M University (Institute of Science and Technology)India,,7775,1025,1475,1650,900,1400,1325,2022
168,Al Ain UniversityUnited%20Arab%20Emirates,,7775,1300,1350,1650,800,1200,1475,2022
169,University of Mohaghegh ArdabiliIran,,7770,1250,1110,1350,950,1435,1675,2022
170,Universidad CESColombia,,7755,1055,1700,1275,950,1100,1675,2022
171,Università degli Studi di SalernoItaly,,7750,1075,1750,1725,500,1225,1475,2022
172,Universitas Medan AreaIndonesia,,7750,1025,1700,1200,700,1475,1650,2022
173,Universidade de AveiroPortugal,,7750,950,1625,1575,750,1225,1625,2022
174,Pir Mehr Ali Shah Arid Agriculture University RawalpindiPakistan,,7750,1275,1625,975,850,1475,1550,2022
175,Universidad Miguel Hernandez de ElcheSpain,,7750,1125,1600,1575,550,1500,1400,2022
176,King Mongkut's Institute of Technology LadkrabangThailand,,7750,1175,1400,1425,700,1500,1550,2022
177,Universiti Sains MalaysiaMalaysia,,7735,1225,1700,1350,710,1150,1600,2022
178,Jordan University of Science and TechnologyJordan,,7725,1175,1575,1200,950,1425,1400,2022
179,Universiti Malaysia Terengganu (UMT)Malaysia,,7725,1040,1385,1200,950,1500,1650,2022
180,Chettinad Academy of Research and EducationIndia,,7700,1125,1850,1200,650,1525,1350,2022
181,Al-Zaytoonah University of Jordan (zuj)Jordan,,7700,1150,1650,1275,800,1550,1275,2022
182,Universitas Muhammadiyah MalangIndonesia,,7700,1050,1575,1200,750,1375,1750,2022
183,National University of Sciences and TechnologyPakistan,,7700,1225,1350,1200,800,1375,1750,2022
184,Universitat De GironaSpain,,7675,950,1800,1575,500,1275,1575,2022
185,Tokat Gaziosmanpasa UniversityTurkey,,7675,1200,1625,1275,750,1625,1200,2022
186,Sakarya UniversityTurkey,,7675,1225,1525,1125,850,1400,1550,2022
187,Pontificia Universidad Javeriana-BogotaColombia,,7675,975,1475,1275,950,1450,1550,2022
188,Alzahra UniversityIran,,7670,985,1260,1500,750,1450,1725,2022
189,Sunway UniversityMalaysia,,7665,840,1575,1125,800,1650,1675,2022
190,Pontificia Universidad Catolica De ChileChile,,7665,1055,1285,1425,700,1600,1600,2022
191,Daffodil International UniversityBangladesh,,7660,975,1435,1275,800,1525,1650,2022
192,Khwaja Fareed University of Engineering and Information TechnologyPakistan,,7650,1325,1750,975,650,1525,1425,2022
193,Hungkuang UniversityChinese%20Taipei,,7650,1075,1500,1350,800,1500,1425,2022
194,Universidad Autonoma MetropolitanaMexico,,7650,925,1275,1575,900,1300,1675,2022
195,Razi University KermanshahIran,,7635,1150,1310,1200,850,1525,1600,2022
196,San Jose State UniversityUSA,,7630,1005,1350,1500,950,1300,1525,2022
197,Izmir Institute of TechnologyTurkey,,7630,1080,1275,1500,750,1550,1475,2022
198,Centro Universitário FacensBrazil,,7625,950,1800,1275,800,1250,1550,2022
199,Baskent UniversityTurkey,,7625,1225,1625,1350,650,1375,1400,2022
200,Universidad Iberoamericana TorreónMexico,,7625,1150,1425,1575,950,1075,1450,2022
201,Universidad de OviedoSpain,,7615,1055,1560,1500,750,1175,1575,2022
202,Escuela Superior Politecnica del LitoralEcuador,,7605,1090,1065,1425,900,1525,1600,2022
203,"Muhammad Nawaz Shareef University of Agriculture, Multan PakistanPakistan",,7600,1200,1500,1275,700,1475,1450,2022
204,Irkutsk National Research Technical UniversityRussia,,7600,1200,1475,1050,550,1575,1750,2022
205,National Institute of Technology SilcharIndia,,7600,1050,1325,1350,850,1500,1525,2022
206,University of SopronHungary,,7575,935,1490,1200,850,1500,1600,2022
207,Dokuz Eylul UniversityTurkey,,7575,1250,1300,1200,750,1575,1500,2022
208,Inonu University MalatyaTurkey,,7550,1175,1575,1050,750,1450,1550,2022
209,Valaya Alongkorn Rajabhat University Under the Royal PatronageThailand,,7550,1175,1550,1050,750,1450,1575,2022
210,Providence UniversityChinese%20Taipei,,7550,1075,1475,1350,750,1525,1375,2022
211,Universita degli Studi di Milano La StataleItaly,,7550,1075,1450,1800,600,1250,1375,2022
212,Russian State Agrarian University - Moscow Timiryazev Agricultural AcademyRussia,,7550,1350,850,1200,800,1575,1775,2022
213,Afyon Kocatepe UniversityTurkey,,7545,980,1440,1725,650,1575,1175,2022
214,Fo Guang UniversityChinese%20Taipei,,7535,1200,1110,1650,900,1250,1425,2022
215,Jadara UniversityJordan,,7525,1225,1375,1350,850,1500,1225,2022
216,Universidad de SonoraMexico,,7525,1200,1300,1425,800,1375,1425,2022
217,National Chung Hsing UniversityChinese%20Taipei,,7525,1205,1285,1725,710,975,1625,2022
218,Universita degli Studi di Bari Aldo MoroItaly,,7525,975,1075,1650,1000,1300,1525,2022
219,Università di TriesteItaly,,7520,915,1295,1800,950,1060,1500,2022
220,Phetchaburi Rajabhat UniversityThailand,,7500,1100,1115,1575,800,1335,1575,2022
221,Maynooth UniversityIreland,,7485,910,1600,1800,750,1125,1300,2022
222,Volgograd State UniversityRussia,,7485,1125,1385,1350,650,1650,1325,2022
223,National Taipei UniversityChinese%20Taipei,,7485,975,1350,1425,850,1235,1650,2022
224,Ukrainian National Forestry UniversityUkraine,,7485,1100,1200,1350,560,1550,1725,2022
225,Università degli Studi di FirenzeItaly,,7485,1175,1060,1650,700,1250,1650,2022
226,Loughborough UniversityUnited%20Kingdom,,7450,975,1700,1575,550,1200,1450,2022
227,Hochschule AnhaltGermany,,7450,1125,1325,1575,700,1550,1175,2022
228,Babes Bolyai UniversityRomania,,7445,1030,1340,1275,650,1650,1500,2022
229,Eötvös Loránd University BudapestHungary,,7440,900,1165,1650,800,1400,1525,2022
230,National Chiayi UniversityChinese%20Taipei,,7435,1300,1260,1200,800,1375,1500,2022
231,Naresuan UniversityThailand,,7430,1030,1100,1425,850,1450,1575,2022
232,Tecnologico de MonterreyMexico,,7425,950,1400,1275,900,1175,1725,2022
233,Centro Universitario do Rio Grande do Norte UNI-RNBrazil,,7410,1125,1435,1425,950,1000,1475,2022
234,Slovak University of Agriculture in NitraSlovakia,,7400,1000,1275,1275,850,1400,1600,2022
235,Universiti Teknologi MalaysiaMalaysia,,7395,1200,1110,1425,360,1550,1750,2022
236,Holy Spirit University of Kaslik (USEK)Lebanon,,7390,880,1650,1500,560,1225,1575,2022
237,American University of the Middle East (AUM)Kuwait,,7385,975,1085,1350,850,1500,1625,2022
238,University of CamerinoItaly,,7375,1300,1300,1500,700,1400,1175,2022
239,Universidad del ValleColombia,,7360,1225,1285,1275,800,1300,1475,2022
240,Universidade Federal de ItajubaBrazil,,7350,950,1450,1350,800,1300,1500,2022
241,University of KelaniyaSri%20Lanka,,7350,900,1350,1500,700,1275,1625,2022
242,Universitas Negeri SurabayaIndonesia,,7335,1025,1650,1200,800,985,1675,2022
243,Università Degli Studi di Modena e Reggio EmiliaItaly,,7330,1055,1125,1725,400,1550,1475,2022
244,Universitas Budi LuhurIndonesia,,7325,875,1500,1425,800,1425,1300,2022
245,King Mongkut's University of Technology North BangkokThailand,,7325,950,1500,1275,750,1500,1350,2022
246,Acharya Nagarjuna UniversityIndia,,7325,1225,1475,1050,750,1500,1325,2022
247,University of BaghdadIraq,,7325,1175,1400,1125,800,1425,1400,2022
248,Ming Chi University of TechnologyChinese%20Taipei,,7325,1175,1150,1575,900,1275,1250,2022
249,Trakya UniversityTurkey,,7320,1225,1085,1500,550,1435,1525,2022
250,Sri Sri UniversityIndia,,7300,1300,1425,1200,750,1400,1225,2022
251,The University of LahorePakistan,,7285,960,1525,1050,800,1500,1450,2022
252,Universidade do Vale do Taquari - UNIVATESBrazil,,7275,1025,1475,1275,850,1250,1400,2022
253,University of Milano-BicoccaItaly,,7260,660,1250,1650,750,1525,1425,2022
254,International University of Business Agriculture and TechnologyBangladesh,,7245,910,1435,1050,700,1625,1525,2022
255,Universitas PancasilaIndonesia,,7235,885,1625,1125,600,1375,1625,2022
256,Universidad de SalamancaSpain,,7230,930,1500,1125,800,1250,1625,2022
257,Universita degli Studi di FerraraItaly,,7230,1030,1175,1725,700,1250,1350,2022
258,Nitte (Deemed to be University)India,,7225,1150,1325,975,700,1475,1600,2022
259,Bilecik Şeyh Edebali UniversityTurkey,,7225,1050,1250,1350,550,1450,1575,2022
260,M. Auezov South Kazakhstan State UniversityKazakhstan,,7210,1125,1310,1275,600,1450,1450,2022
261,Universitas Islam Negeri Sultan Thaha Saifuddin JambiIndonesia,,7210,1100,1310,1125,750,1250,1675,2022
262,University of ColomboSri%20Lanka,,7200,1125,1400,1050,700,1500,1425,2022
263,Universitas Halu OleoIndonesia,,7200,850,1350,1425,700,1250,1625,2022
264,"California State University, SacramentoUSA",,7185,760,1525,1575,650,1225,1450,2022
265,University of NavarraSpain,,7185,1060,1325,1650,600,1300,1250,2022
266,University of DebrecenHungary,,7185,925,885,1575,550,1700,1550,2022
267,Universidad EIAColombia,,7175,1000,1500,1575,800,1000,1300,2022
268,University of PetraJordan,,7175,850,1425,1275,950,1300,1375,2022
269,Universitat Rovira i VirgiliSpain,,7155,880,1450,1725,600,1100,1400,2022
270,Cairo UniversityEgypt,,7150,1075,1275,1200,650,1300,1650,2022
271,Universitas Islam Negeri Walisongo SemarangIndonesia,,7135,800,1510,1200,750,1425,1450,2022
272,Universidade Federal do Rio Grande do Sul - UFRGSBrazil,,7130,1055,1500,1350,550,1375,1300,2022
273,Kutahya Dumlupinar UniversityTurkey,,7125,1175,1400,975,650,1425,1500,2022
274,De La Salle University - DasmarinasPhilippines,,7100,900,1525,1275,700,1225,1475,2022
275,Benha UniversityEgypt,,7085,835,1775,1050,700,1175,1550,2022
276,Kafrelsheikh UniversityEgypt,,7085,735,1625,1275,850,1175,1425,2022
277,CETYS University (Centro de Ensenanza Tecnica y Superior)Mexico,,7085,1125,1425,1275,1000,885,1375,2022
278,Moscow State University of Food ProductionRussia,,7080,1005,1225,1125,750,1375,1600,2022
279,Universidad de Bogota Jorge Tadeo LozanoColombia,,7075,950,1750,1050,550,1400,1375,2022
280,Universidad Politécnica Estatal del CarchiEcuador,,7075,1225,1575,1125,550,1425,1175,2022
281,Thaksin UniversityThailand,,7070,1085,1235,1275,800,1300,1375,2022
282,University of MalakandPakistan,,7055,1030,1550,975,650,1250,1600,2022
283,Alexandria UniversityEgypt,,7045,870,1525,1125,900,1275,1350,2022
284,The National University of Ostroh AcademyUkraine,,7045,1100,1185,1575,360,1650,1175,2022
285,Pontificia Universidad Javeriana CaliColombia,,7035,860,1525,1275,800,1050,1525,2022
286,Kutahya Health Sciences UniversityTurkey,,7035,1125,1185,1200,700,1375,1450,2022
287,Hochschule Weihenstephan-triesdorfGermany,,7035,1100,1035,1725,350,1350,1475,2022
288,Universitas Negeri MalangIndonesia,,7025,900,1725,825,700,1400,1475,2022
289,SSM Institute of Engineering and TechnologyIndia,,7010,960,1575,825,750,1475,1425,2022
290,Universitas Esa UnggulIndonesia,,7005,780,1350,1275,700,1150,1750,2022
291,University Of Information Technology And Management In RzeszowPoland,,7000,1025,1475,1575,300,1275,1350,2022
292,Università Ca' Foscari VeneziaItaly,,7000,815,1335,1350,500,1450,1550,2022
293,King Faisal UniversitySaudi%20Arabia,,7000,1125,1200,1125,700,1325,1525,2022
294,Centro Universitário da Fundação Hermínio OmettoBrazil,,6995,900,1550,1575,760,810,1400,2022
295,University of IoanninaGreece,,6990,1105,925,1800,700,1335,1125,2022
296,University of PeradeniyaSri%20Lanka,,6985,1200,1275,1050,750,1285,1425,2022
297,"University of Central Punjab,Lahore, PakistanPakistan",,6975,1175,1500,975,550,1275,1500,2022
298,Hasan Kalyoncu UniversityTurkey,,6975,1100,1425,1200,750,1300,1200,2022
299,"Adam Mickiewicz University, PoznanPoland",,6975,840,1385,1350,650,1275,1475,2022
300,Universidade de VigoSpain,,6975,1075,1290,1425,800,1060,1325,2022
301,Universitat Internacional de CatalunyaSpain,,6970,695,1700,1725,550,1200,1100,2022
302,De La Salle University ManilaPhilippines,,6970,810,1235,1500,650,1350,1425,2022
303,Universiti Malaysia PerlisMalaysia,,6965,1030,1425,1425,650,885,1550,2022
304,Pontifícia Universidade Católica de CampinasBrazil,,6960,1100,1325,1575,650,985,1325,2022
305,Soochow University TaiwanChinese%20Taipei,,6955,955,1325,1425,650,1100,1500,2022
306,Northeastern UniversityThailand,,6950,1000,1450,1125,700,1475,1200,2022
307,Iqra UniversityPakistan,,6950,1150,1400,1125,550,1400,1325,2022
308,Ubon Ratchathani UniversityThailand,,6950,1250,1175,1050,750,1150,1575,2022
309,Rajamangala University of Technology IsanThailand,,6950,1175,1000,1275,500,1350,1650,2022
310,Universidad Militar Nueva GranadaColombia,,6935,1025,1510,975,550,1425,1450,2022
311,Imam Abdulrahman Bin Faisal UniversitySaudi%20Arabia,,6935,1000,960,1500,800,1250,1425,2022
312,University of Agriculture FaisalabadPakistan,,6930,1180,1150,975,600,1300,1725,2022
313,Universidad Tecnica Federico Santa MariaChile,,6925,775,1600,1200,650,1400,1300,2022
314,Saveetha Institute of Medical and Technical SciencesIndia,,6925,900,1375,1050,700,1350,1550,2022
315,Arab American UniversityPalestine,,6910,875,1700,1200,660,950,1525,2022
316,Ain Shams UniversityEgypt,,6910,765,1510,1275,550,1160,1650,2022
317,Tarlac Agricultural UniversityPhilippines,,6910,1185,1275,1050,450,1275,1675,2022
318,State Islamic University Syarif Hidayatullah JakartaIndonesia,,6910,1050,1210,1425,650,1150,1425,2022
319,National University of KaohsiungChinese%20Taipei,,6900,1225,1300,750,750,1600,1275,2022
320,Indian Institute of Technology RoorkeeIndia,,6895,1155,1000,975,950,1450,1365,2022
321,Università degli Studi della TusciaItaly,,6885,1225,1300,1125,650,1235,1350,2022
322,Politeknik Merlimau MelakaMalaysia,,6865,930,1285,1425,700,1300,1225,2022
323,Mugla Sitki Kocman UniversityTurkey,,6860,960,1375,1350,400,1275,1500,2022
324,Ataturk UniversityTurkey,,6860,1200,1135,975,700,1425,1425,2022
325,Al-Furat Al-Awsat Technical UniversityIraq,,6855,875,1440,1050,700,1625,1165,2022
326,Universidad Tecnologica ECOTECEcuador,,6850,975,1475,1275,500,1325,1300,2022
327,Jizzakh Polytechnic InstituteUzbekistan,,6850,950,1350,1350,750,1200,1250,2022
328,October 6 UniversityEgypt,,6850,840,1335,1050,700,1325,1600,2022
329,Hitit UniversityTurkey,,6840,915,1525,1500,600,1425,875,2022
330,University of Basrah ; University of Basra ; University:BASRAHIraq,,6835,1075,1610,900,600,1325,1325,2022
331,Allama Iqbal Open UniversityPakistan,,6825,1225,1575,900,550,1150,1425,2022
332,Sabanci UniversityTurkey,,6825,1225,1300,1500,750,1025,1025,2022
333,Yenepoya UniversityIndia,,6825,1150,1225,1125,800,1300,1225,2022
334,Teesside UniversityUnited%20Kingdom,,6820,495,1775,1500,700,1075,1275,2022
335,Istanbul Sabahattin Zaim UniversityTurkey,,6820,760,1175,1800,360,1200,1525,2022
336,Universidad de Ciencias Aplicadas y Ambientales UDCAColombia,,6820,975,935,1725,1000,910,1275,2022
337,Universiti Selangor (Unisel)Malaysia,,6820,1125,860,1200,560,1575,1500,2022
338,Sumy State UniversityUkraine,,6810,1000,1310,1050,700,1375,1375,2022
339,British Columbia Institute of TechnologyCanada,,6810,685,1300,1425,850,1050,1500,2022
340,GITAM : Gandhi Institute of Technology And ManagementIndia,,6805,930,1400,1125,700,1275,1375,2022
341,Capital University Of Science And TechnologyPakistan,,6800,1075,1550,1200,550,1050,1375,2022
342,Universidade Federal do Triângulo MineiroBrazil,,6800,1200,1025,1275,600,1000,1700,2022
343,Asia University TaiwanChinese%20Taipei,,6795,935,1275,1575,810,1025,1175,2022
344,Universidad Metropolitana CaracasVenezuela,,6795,1100,1235,1200,850,1010,1400,2022
345,Universiti Sultan Zainal AbidinMalaysia,,6795,1100,1185,825,700,1485,1500,2022
346,Universitas Sam RatulangiIndonesia,,6795,925,1135,1350,460,1325,1600,2022
347,Bhagat Phool Singh Mahila VishwavidyalayaIndia,,6790,1130,1225,1650,700,1260,825,2022
348,Kastamonu UniversityTurkey,,6770,1375,935,1200,500,1085,1675,2022
349,Firat UniversityTurkey,,6760,1175,1450,975,660,1225,1275,2022
350,Phranakhon Si Ayutthaya Rajabhat UniversityThailand,,6760,925,1110,1425,450,1450,1400,2022
351,Batangas State UniversityPhilippines,,6760,975,1010,1425,500,1250,1600,2022
352,Cappadocia UniversityTurkey,,6755,815,1265,1350,500,1475,1350,2022
353,University of Technology SarawakMalaysia,,6750,950,1200,1125,800,1375,1300,2022
354,Khon Kaen UniversityThailand,,6750,1300,1175,1200,750,1275,1050,2022
355,Sohag UniversityEgypt,,6745,1150,1360,1050,550,1235,1400,2022
356,Mariano Marcos State UniversityPhilippines,,6740,1005,1560,1050,350,1175,1600,2022
357,Bursa Uludag UniversityTurkey,,6740,1230,900,1275,310,1275,1750,2022
358,Instituto Tecnologico MetropolitanoColombia,,6735,860,1550,975,700,1350,1300,2022
359,Gorgan University Of Agricultural Sciences And Natural ResourcesIran,,6735,1125,1460,675,600,1425,1450,2022
360,University of IsfahanIran,,6735,1350,1450,1050,560,1275,1050,2022
361,"Hazara University Mansehra, Khyber Pakhtunkhwa (KP) PakistanPakistan",,6725,975,1525,975,700,1325,1225,2022
362,Universidade De Passo FundoBrazil,,6725,1075,1175,1350,800,925,1400,2022
363,University of BahrainBahrain,,6725,1275,925,1050,900,900,1675,2022
364,Universidad De GuadalajaraMexico,,6710,785,1425,975,600,1350,1575,2022
365,Tashkent State University of EconomicsUzbekistan,,6700,840,1550,975,750,1360,1225,2022
366,Costa Rica Institute of TechnologyCosta%20Rica,,6700,890,975,1575,560,1350,1350,2022
367,Kalasalingam Academy of Research and EducationIndia,,6700,975,950,1350,750,1675,1000,2022
368,National Chung Cheng UniversityChinese%20Taipei,,6695,805,1040,1500,1000,1075,1275,2022
369,Voronezh State UniversityRussia,,6690,780,1300,1350,460,1300,1500,2022
370,Lunghwa University of Science and TechnologyChinese%20Taipei,,6685,585,1700,1350,800,1050,1200,2022
371,Universidad de ZaragozaSpain,,6685,510,1525,1275,550,1125,1700,2022
372,Universidad Santo TomasColombia,,6685,750,1160,1350,650,1150,1625,2022
373,University of Western MacedoniaGreece,,6685,1100,1125,1650,350,935,1525,2022
374,Beni-Suef UniversityEgypt,,6675,815,1625,1275,700,1010,1250,2022
375,Universidade De Santiago De CompostelaSpain,,6665,780,1450,1500,260,1000,1675,2022
376,Universitas Syiah KualaIndonesia,,6660,1200,1160,900,650,1400,1350,2022
377,Universita IUAV di VeneziaItaly,,6655,720,1400,1425,700,960,1450,2022
378,Ferdowsi University of MashhadIran,,6635,875,1175,1200,560,1350,1475,2022
379,Universidad de JaénSpain,,6630,880,1250,1125,700,1300,1375,2022
380,Srinakharinwirot UniversityThailand,,6620,1000,835,1275,660,1550,1300,2022
381,Hebrew University Of JerusalemIsrael,,6615,1000,1140,1125,600,1425,1325,2022
382,Düzce UniversityTurkey,,6610,1125,1235,1050,350,1275,1575,2022
383,"Mehran University of Engineering & Technology, JamshoroPakistan",,6610,935,1200,1050,650,1275,1500,2022
384,University at AlbanyUSA,,6605,945,1160,1275,750,1000,1475,2022
385,Bashkir State Agrarian UniversityRussia,,6600,1200,1400,975,600,1225,1200,2022
386,Escuela Superior Politecnica de ChimborazoEcuador,,6600,1050,1225,1425,600,1125,1175,2022
387,University of West AtticaGreece,,6595,900,1500,1425,210,1260,1300,2022
388,Yazd UniversityIran,,6590,730,1260,1125,600,1425,1450,2022
389,Senac University CenterBrazil,,6585,910,1050,1500,900,1075,1150,2022
390,Iscte - Instituto Universitário de LisboaPortugal,,6580,555,1525,1500,500,1175,1325,2022
391,The University of FaisalabadPakistan,,6575,950,1675,750,800,1425,975,2022
392,Universita Degli Studi Di CagliariItaly,,6575,1025,700,1500,650,1125,1575,2022
393,"George Emil Palade University of Medicine, Pharmacy, Science, and Technology of Targu MuresRomania",,6570,1000,1360,1500,160,1225,1325,2022
394,Universidad Catolica De ManizalesColombia,,6570,935,1160,1200,650,1275,1350,2022
395,Mersin UniversityTurkey,,6565,1130,860,1425,550,1150,1450,2022
396,University of Al-QadisiyahIraq,,6560,1125,1375,1500,700,1085,775,2022
397,Misr University for Science and TechnologyEgypt,,6555,835,1485,1125,550,1110,1450,2022
398,Semmelweis UniversityHungary,,6555,670,1175,1500,650,1600,960,2022
399,Lviv Polytechnic National UniversityUkraine,,6525,775,1300,1050,350,1450,1600,2022
400,NOVA University LisbonPortugal,,6510,925,1325,1200,450,1060,1550,2022
401,Altai State UniversityRussia,,6510,1050,1260,1200,550,1300,1150,2022
402,Azarbaijan Shahid Madani UniversityIran,,6510,790,845,1125,950,1400,1400,2022
403,Ziauddin UniversityPakistan,,6485,1000,1575,750,800,1235,1125,2022
404,Silpakorn UniversityThailand,,6485,950,1400,1050,460,1300,1325,2022
405,Universidade Federal De Sao CarlosBrazil,,6485,835,1165,1200,510,1125,1650,2022
406,Kun Shan UniversityChinese%20Taipei,,6480,830,1450,825,700,1225,1450,2022
407,Applied Science UniversityBahrain,,6475,1000,1500,1050,700,1050,1175,2022
408,Islamic University of GazaPalestine,,6475,900,1375,975,650,1175,1400,2022
409,Birzeit UniversityPalestine,,6470,835,1625,1200,750,885,1175,2022
410,University of Sri JayewardenepuraSri%20Lanka,,6465,825,1515,975,500,1175,1475,2022
411,Alrafidain University CollegeIraq,,6460,610,1475,1050,850,1050,1425,2022
412,Universidade de SorocabaBrazil,,6460,985,1325,975,750,1300,1125,2022
413,Universitas Katolik Indonesia Atma JayaIndonesia,,6460,1175,1035,600,700,1425,1525,2022
414,Universidad Autonoma Del Estado De MexicoMexico,,6455,1080,1275,1200,550,1100,1250,2022
415,University of OkaraPakistan,,6450,1325,1450,900,650,1075,1050,2022
417,University of BengkuluIndonesia,,6440,655,1500,1125,600,1035,1525,2022
418,South Eastern University of Sri LankaSri%20Lanka,,6435,1100,1000,1050,710,1350,1225,2022
419,Süleyman Demirel UniversityTurkey,,6425,1105,1275,1650,310,1225,860,2022
420,Perm State UniversityRussia,,6425,900,1175,1125,650,1325,1250,2022
421,Universitas Ahmad DahlanIndonesia,,6420,1100,1070,1200,800,1000,1250,2022
422,Liepaja UniversityLatvia,,6415,635,1415,1575,300,1400,1090,2022
423,Minin UniversityRussia,,6405,725,1160,1575,310,1725,910,2022
424,Universidad de AlicanteSpain,,6405,780,1140,1650,750,885,1200,2022
425,Universitas Teknokrat IndonesiaIndonesia,,6385,760,1425,1050,600,1025,1525,2022
426,Cukurova UniversityTurkey,,6380,1305,1075,600,550,1375,1475,2022
427,Universiti Malaysia Kelantan (UMK)Malaysia,,6380,1130,550,1350,650,1450,1250,2022
428,Mustansiriyah UniversityIraq,,6375,950,1500,900,600,1200,1225,2022
429,University of SumerIraq,,6375,840,1435,975,550,1225,1350,2022
430,Gunadarma UniversityIndonesia,,6370,975,1160,1050,500,1185,1500,2022
431,Selcuk UniversityTurkey,,6365,940,1275,1125,500,1200,1325,2022
432,University Lucian Blaga of SibiuRomania,,6365,1130,710,1425,550,1400,1150,2022
433,Damietta UniversityEgypt,,6360,790,1210,1200,600,1060,1500,2022
434,Universitas RiauIndonesia,,6360,1175,1125,975,750,1010,1325,2022
435,Mendel University in BrnoCzech%20Republic,,6360,1065,885,1050,600,1360,1400,2022
436,Al-Kitab UniversityIraq,,6350,880,1285,825,750,1160,1450,2022
437,Universidad Publica De NavarraSpain,,6345,860,1135,1500,350,1000,1500,2022
438,Hakim Sabzevari UniversityIran,,6340,1055,800,1050,710,1400,1325,2022
439,Universidad Tecnica del NorteEcuador,,6335,1200,1300,975,460,1175,1225,2022
440,Zonguldak Bulent Ecevit UniversityTurkey,,6335,975,1000,1275,510,1500,1075,2022
441,Al Istiqlal UniversityPalestine,,6330,1155,1050,900,800,1125,1300,2022
442,Niğde Ömer Halisdemir UniversityTurkey,,6325,925,1325,1425,550,1075,1025,2022
443,Universiti Kebangsaan MalaysiaMalaysia,,6325,1050,1025,975,550,1375,1350,2022
444,Al-Farabi Kazakh National UniversityKazakhstan,,6325,980,970,975,600,1225,1575,2022
445,Polytechnic of MersingMalaysia,,6320,1250,985,1050,650,1035,1350,2022
446,Universidad de ValladolidSpain,,6315,805,1475,1200,460,1000,1375,2022
447,Universidad de Costa RicaCosta%20Rica,,6310,710,1265,1200,650,1235,1250,2022
448,Universitas Islam Negeri Raden FatahIndonesia,,6310,1075,1235,750,750,1200,1300,2022
449,Universidad De Castilla La ManchaSpain,,6300,900,1475,1200,550,1000,1175,2022
450,University of SamarraIraq,,6300,875,1325,1275,650,1125,1050,2022
451,The Institute of Telecommunications and Informatics of TurkmenistanTurkmenistan,,6300,935,1140,1125,750,1125,1225,2022
452,The Catholic University of AmericaUSA,,6290,945,1110,1275,700,1225,1035,2022
453,Universidad Del CaucaColombia,,6290,855,850,1275,560,1375,1375,2022
454,KaragandaTechnical UniversityKazakhstan,,6285,1000,1400,825,460,1125,1475,2022
455,Amirkabir University of TechnologyIran,,6285,685,1150,750,750,1550,1400,2022
456,Tashkent State University Of LawUzbekistan,,6285,1175,1110,1125,600,1150,1125,2022
457,Universidad Iberoamericana Ciudad de MéxicoMexico,,6270,595,1300,1500,900,950,1025,2022
458,Al-Muthanna UniversityIraq,,6270,775,1235,975,600,1285,1400,2022
459,Universidade Estadual de MaringáBrazil,,6270,1060,1025,825,800,1150,1410,2022
460,University of Arkansas at Little RockUSA,,6270,950,885,1500,1000,1050,885,2022
461,Universita Degli Studi Della BasilicataItaly,,6265,1125,1115,1275,300,1150,1300,2022
462,Indian Institute of Management IndoreIndia,,6260,835,1175,1275,750,1250,975,2022
463,Gaziantep UniversityTurkey,,6235,855,1040,1425,550,1275,1090,2022
464,"Chitkara University, PunjabIndia",,6225,760,1000,1275,950,1150,1090,2022
465,I-Shou UniversityChinese%20Taipei,,6220,950,1335,1275,850,985,825,2022
466,Osmaniye Korkut Ata UniversityTurkey,,6220,835,1200,1125,550,1285,1225,2022
467,Universita della CalabriaItaly,,6220,1150,900,1425,310,1060,1375,2022
468,Earlham CollegeUSA,,6215,1065,525,1425,750,1150,1300,2022
469,Ondokuz Mayis UniversityTurkey,,6210,1250,785,900,750,1285,1240,2022
470,Universidade Federal de Santa MariaBrazil,,6170,875,1170,1050,850,1200,1025,2022
471,Universidad Catolica Andres BelloVenezuela,,6160,850,1525,975,700,935,1175,2022
472,University of MariborSlovenia,,6150,650,1350,1125,750,900,1375,2022
473,University of KerbalaIraq,,6135,950,1110,900,650,1150,1375,2022
474,Yasouj UniversityIran,,6135,1000,750,1050,560,1425,1350,2022
475,Tarbiat Modares UniversityIran,,6130,920,750,1350,700,1275,1135,2022
476,Huachiew Chalermprakiet UniversityThailand,,6125,925,1450,1200,400,1050,1100,2022
477,Irkutsk State Agrarian University named after A.A. EzhevskyRussia,,6125,1075,1000,750,450,1450,1400,2022
478,Universitàdegli Studi di PerugiaItaly,,6125,840,750,1350,510,1350,1325,2022
479,Universitat de ValenciaSpain,,6120,575,1225,1275,510,1100,1435,2022
480,Sndt Women's UniversityIndia,,6110,875,1600,1200,500,1010,925,2022
481,Hacettepe UniversityTurkey,,6110,1175,875,900,210,1425,1525,2022
482,Juraj Dobrila University of PulaCroatia,,6105,780,1225,1500,350,1275,975,2022
483,Loei Rajabhat UniversityThailand,,6105,955,1000,900,650,1400,1200,2022
484,Politeknik Sultan Idris ShahMalaysia,,6100,875,1150,975,550,1100,1450,2022
485,Tanta UniversityEgypt,,6090,770,1450,825,210,1410,1425,2022
486,Ghulam Ishaq Khan Institute of Engineering Sciences and TechnologyPakistan,,6090,930,985,975,650,1250,1300,2022
487,Al Aqsa UniversityPalestine,,6085,785,1350,825,650,1375,1100,2022
488,University of Thi-qarIraq,,6075,925,990,975,410,1475,1300,2022
489,Sukhothai Thammathirat Open UniversityThailand,,6070,910,1075,1050,750,1175,1110,2022
490,Prince of Songkla UniversityThailand,,6065,1030,960,900,750,1100,1325,2022
491,Tashkent State Technical Universitiy Named After Islam KarimovUzbekistan,,6060,975,1250,1050,600,1225,960,2022
492,Universiti Sains Islam MalaysiaMalaysia,,6055,845,1110,900,500,1275,1425,2022
493,Universitat de Vic - Universitat Central de CatalunyaSpain,,6050,615,1260,1500,310,1450,915,2022
494,Arak UniversityIran,,6050,860,1240,750,800,1500,900,2022
495,Pibulsongkram Rajabhat UniversityThailand,,6050,1075,1200,750,700,1325,1000,2022
496,National Institute of Development AdministrationThailand,,6045,950,860,1200,560,1075,1400,2022
497,Islamic UniversityIraq,,6035,875,1350,975,600,1275,960,2022
498,Sukkur IBA UniversityPakistan,,6025,825,1475,825,400,1375,1125,2022
499,Tel Aviv UniversityIsrael,,6025,690,1350,1350,360,1275,1000,2022
500,Universidad Nacional Abierta y a Distancia ColombiaColombia,,6020,595,1125,1200,750,1100,1250,2022
501,University of AlKafeelIraq,,6015,630,1400,825,550,1235,1375,2022
502,Atyrau UniversityKazakhstan,,6010,875,1160,750,700,1525,1000,2022
503,Guru Ghasidas VishwavidyalayaIndia,,6010,1085,1150,675,700,1250,1150,2022
504,University of Warith Al-AnbiyaaIraq,,6010,975,1100,1050,650,1110,1125,2022
505,Centro Federal de Educação Tecnológica Celso Suckow da Fonseca - CEFET/RJBrazil,,6005,635,1135,1275,650,1010,1300,2022
506,Seinäjoki University of Applied SciencesFinland,,6005,830,950,1200,600,1100,1325,2022
507,Alisher Navo'i Tashkent State University of Uzbek Language and LiteratureUzbekistan,,6000,850,1375,675,650,1125,1325,2022
508,Avantika UniversityIndia,,6000,1090,1050,1050,650,1300,860,2022
509,National Dong Hwa UniversityChinese%20Taipei,,6000,1150,625,1425,450,975,1375,2022
510,Ryazan State Medical UniversityRussia,,5995,1125,1060,1050,110,1100,1550,2022
511,Jamia Millia IslamiaIndia,,5985,950,1185,900,650,1075,1225,2022
512,University of MosulIraq,,5975,1100,1050,900,650,1225,1050,2022
513,Universita degli Studi di ParmaItaly,,5975,885,790,1425,400,1300,1175,2022
514,Rajamangala University of Technology SuvarnabhumiThailand,,5970,1060,1000,1350,700,810,1050,2022
515,University of OradeaRomania,,5950,850,1400,975,550,1125,1050,2022
516,Middle East University (MEU)Jordan,,5950,875,1350,900,700,1175,950,2022
517,Petrozavodsk State UniversityRussia,,5910,850,1125,975,260,1375,1325,2022
518,Universitas 'Aisyiyah YogyakartaIndonesia,,5910,950,1035,975,500,1150,1300,2022
519,University of PannoniaHungary,,5905,805,1325,1125,450,900,1300,2022
520,Hawassa UniversityEthiopia,,5905,905,1100,450,550,1400,1500,2022
521,Arak University of TechnologyIran,,5895,685,1285,975,500,1325,1125,2022
522,Instituto Politecnico De LisboaPortugal,,5895,510,1160,1425,550,1125,1125,2022
523,Universita degli Studi del Piemonte OrientaleItaly,,5875,825,1025,1350,550,1025,1100,2022
524,Igdir UniversitesiTurkey,,5875,775,965,975,750,1185,1225,2022
525,University of JordanJordan,,5860,860,1250,675,550,1150,1375,2022
526,FURG - Universidade Federal do Rio GrandeBrazil,,5860,990,635,1500,600,885,1250,2022
527,University of Management and TechnologyPakistan,,5855,885,1260,750,400,985,1575,2022
528,University of GdanskPoland,,5855,860,1185,1275,500,535,1500,2022
529,Università Degli Studi di BergamoItaly,,5835,590,1575,1350,260,985,1075,2022
530,Akdeniz UniversityTurkey,,5835,1100,575,1275,310,1275,1300,2022
531,New Jersey City UniversityUSA,,5830,725,1345,1200,310,1275,975,2022
532,University of LucerneSwitzerland,,5825,890,1050,1425,410,1350,700,2022
533,Bilkent UniversityTurkey,,5815,1080,485,1425,450,1275,1100,2022
534,Hatyai UniversityThailand,,5810,1175,1025,975,550,785,1300,2022
535,Institución Universitaria Politecnico GrancolombianoColombia,,5805,685,1360,1200,800,850,910,2022
536,University of WahPakistan,,5805,830,1325,900,500,900,1350,2022
537,Universitas Pendidikan Muhammadiyah SorongIndonesia,,5805,1100,985,975,660,935,1150,2022
538,Nakhon Si Thammarat Rajabhat UniversityThailand,,5800,940,935,1125,700,1050,1050,2022
539,Mardin Artuklu ÜniversitesiTurkey,,5795,1010,885,1125,400,1160,1215,2022
540,Universitas Muhammadiyah Prof Dr HamkaIndonesia,,5785,840,1235,975,360,1150,1225,2022
541,Budapest Business SchoolHungary,,5770,650,1225,975,560,960,1400,2022
542,Bursa Technical UniversityTurkey,,5755,705,1200,975,550,1100,1225,2022
543,Institut Bio Scientia Internasional IndonesiaIndonesia,,5750,590,1110,1050,900,975,1125,2022
544,Orel State University named after I.S.TurgenevRussia,,5745,800,985,750,550,1110,1550,2022
545,Institute of Business ManagementPakistan,,5740,480,1200,1200,610,1350,900,2022
546,Palacky University OlomoucCzech%20Republic,,5735,690,1060,1125,600,1150,1110,2022
547,Atilim UniversityTurkey,,5730,955,1100,1275,500,960,940,2022
548,Universidad Nacional Del LitoralArgentina,,5730,1135,1025,900,310,1110,1250,2022
549,Universidad del MagdalenaColombia,,5725,950,1125,675,600,950,1425,2022
550,Universitas Pendidikan IndonesiaIndonesia,,5725,900,1040,600,700,1085,1400,2022
551,Politeknik Seberang PeraiMalaysia,,5725,1065,760,1350,750,1100,700,2022
552,Kazakh National Agrarian Research UniversityKazakhstan,,5720,830,1175,1050,350,1200,1115,2022
553,Bukhara State UniversityUzbekistan,,5720,935,985,900,700,1150,1050,2022
554,Minia UniversityEgypt,,5715,825,1190,600,500,1325,1275,2022
555,Pontificia Universidad Catolica Del PerúPeru,,5675,640,1175,1125,160,1075,1500,2022
556,Universidad Católica Andrés Bello Extensión GuayanaVenezuela,,5675,1100,800,975,550,1100,1150,2022
557,Pontificia Universidade Catolica Do Rio De Janeiro Puc-rioBrazil,,5670,910,475,1050,460,1425,1350,2022
558,University of 17 Agustus 1945 SurabayaIndonesia,,5665,880,1025,975,510,1100,1175,2022
559,Universidade Federal FluminenseBrazil,,5655,960,600,900,410,1375,1410,2022
560,Novosibirsk State University Of Economics And ManagementRussia,,5645,615,835,1575,610,860,1150,2022
561,Chung Hua UniversityChinese%20Taipei,,5635,925,1075,1425,550,885,775,2022
562,Universitas PattimuraIndonesia,,5625,975,1250,750,650,1075,925,2022
563,Federal University of AlfenasBrazil,,5625,885,965,1050,600,1050,1075,2022
564,Piri Reis UniversityTurkey,,5605,625,1220,1350,700,1075,635,2022
565,Pascual Bravo UniversityColombia,,5600,850,1100,1125,410,1125,990,2022
566,Open University of Sri LankaSri%20Lanka,,5600,950,1050,750,350,1250,1250,2022
567,Bataan Peninsula State UniversityPhilippines,,5595,595,1225,825,350,1250,1350,2022
568,Government College Women University Faisalabad PakistanPakistan,,5585,750,1475,600,550,1060,1150,2022
569,Universidad Autonoma De San Luis PotosiMexico,,5570,695,975,900,450,1025,1525,2022
570,Mykolas Romeris UniversityLithuania,,5560,775,1150,825,560,1050,1200,2022
571,State University of Land Use PlanningRussia,,5560,790,985,675,350,1310,1450,2022
572,Institut Teknologi Nasional BandungIndonesia,,5555,635,1045,675,450,1225,1525,2022
573,Samara State Technical UniversityRussia,,5555,745,575,975,400,1160,1700,2022
574,Universidad de PamplonaColombia,,5545,1010,950,1200,260,1125,1000,2022
575,Domus AcademyItaly,,5545,585,850,1200,460,1450,1000,2022
576,Universitas Katolik ParahyanganIndonesia,,5540,980,1050,975,510,1350,675,2022
577,Corvinus University of BudapestHungary,,5535,665,785,1350,260,1225,1250,2022
578,Kohat University of Science & TechnologyPakistan,,5530,1050,1010,825,600,985,1060,2022
579,Minhaj University LahorePakistan,,5525,930,910,975,800,1035,875,2022
580,University of DiyalaIraq,,5515,605,1250,825,600,1160,1075,2022
581,Stavropol State Agrarian UniversityRussia,,5515,1010,755,675,350,1000,1725,2022
582,University of Hradec KraloveCzech%20Republic,,5510,815,1210,1275,410,950,850,2022
583,Universitas TerbukaIndonesia,,5510,925,1000,975,360,975,1275,2022
584,The Islamia University of BahawalpurPakistan,,5505,930,1100,825,550,1100,1000,2022
585,Ufa University of Science and TechnologyRussia,,5505,820,935,975,600,1200,975,2022
586,"Laucala Campus, University of the South PacificFiji",,5495,850,1135,975,600,985,950,2022
587,Voronezh State University of Forestry and Technologies named after G.F. MorozovRussia,,5495,890,1085,900,260,1185,1175,2022
588,University of KirkukIraq,,5485,560,1275,675,550,1150,1275,2022
589,Universidad Autónoma de QuerétaroMexico,,5485,785,950,1050,550,1125,1025,2022
590,Universitaria AgustinianaColombia,,5480,730,1425,1350,700,300,975,2022
591,Al-Nahrain UniversityIraq,,5475,655,1110,825,600,1060,1225,2022
592,Izmir Bakircay UniversityTurkey,,5470,925,1425,900,210,710,1300,2022
593,Babol Noshirvani University of TechnologyIran,,5455,835,960,1275,510,1025,850,2022
594,Uman National University of HorticultureUkraine,,5445,700,1250,975,510,975,1035,2022
595,Politeknik MukahMalaysia,,5440,845,685,1125,700,1000,1085,2022
596,Shahid Rajaee Teacher Training UniversityIran,,5415,730,1350,675,410,1025,1225,2022
597,Persian Gulf UniversityIran,,5415,1030,850,900,600,860,1175,2022
598,University of MazandaranIran,,5405,835,1235,750,550,1035,1000,2022
599,Universidade Federal Do Rio De JaneiroBrazil,,5405,720,625,900,600,1135,1425,2022
600,TOBB University of Economy and TechnologyTurkey,,5405,935,585,1050,510,1100,1225,2022
601,Western Caspian UniversityAzerbaijan,,5385,325,1275,900,550,960,1375,2022
602,Universidad de CordobaColombia,,5385,950,550,1425,360,1100,1000,2022
603,TIIAME National Research UniversityUzbekistan,,5375,750,1100,600,550,1050,1325,2022
604,President UniversityIndonesia,,5375,550,825,975,600,1100,1325,2022
605,Hindustan Institute of Technology & ScienceIndia,,5370,660,1200,900,560,1100,950,2022
606,Kakatiya UniversityIndia,,5370,835,885,900,600,1175,975,2022
607,"Guru Jambheshwar University of Science and Technology,Hisar, HaryanaIndia",,5365,830,1075,825,650,1010,975,2022
608,Universidad Autónoma Del Estado De HidalgoMexico,,5360,515,1225,1050,310,910,1350,2022
609,Benazir Bhutto Shaheed University of Technology & Skill DevelopmentPakistan,,5360,900,1150,675,410,1275,950,2022
610,Amman Arab UniversityJordan,,5360,840,1135,900,550,710,1225,2022
611,Sergo Ordzhonikidze Russian State University For Geological Prospecting (MGRI)Russia,,5345,975,1085,675,310,1325,975,2022
612,Politeknik Kuching SarawakMalaysia,,5345,910,825,900,360,1450,900,2022
613,Antalya Bilim ÜniversitesiTurkey,,5335,950,810,900,550,1175,950,2022
614,Universidade Estadual do Norte do Paraná - UENPBrazil,,5335,1040,775,1125,310,735,1350,2022
615,Universidad de La SabanaColombia,,5330,910,985,1050,600,860,925,2022
616,Institut Teknologi Telkom JakartaIndonesia,,5320,710,1135,975,450,1225,825,2022
617,Tashkent State Agrarian UniversityUzbekistan,,5310,975,1175,300,560,1325,975,2022
618,Al-Azhar UniversityEgypt,,5305,740,1190,600,250,1100,1425,2022
619,Suratthani Rajabhat UniversityThailand,,5305,950,910,975,360,975,1135,2022
620,Universidad Iberoamericana LeónMexico,,5295,880,1165,825,450,1025,950,2022
621,Periyar Maniammai Institute of Science & TechnologyIndia,,5290,980,1160,750,700,1110,590,2022
622,King Khalid UniversitySaudi%20Arabia,,5285,950,1160,600,450,1175,950,2022
623,University of KurdistanIran,,5285,900,1025,600,310,1225,1225,2022
624,The Hang Seng University of Hong KongHong%20Kong,,5280,510,1160,900,460,1350,900,2022
625,Azerbaijan University of Architecture and ConstructionAzerbaijan,,5280,710,935,825,750,760,1300,2022
626,Air University IslamabadPakistan,,5275,700,1050,675,500,1175,1175,2022
627,Kadir Has UniversityTurkey,,5275,690,700,900,160,1475,1350,2022
628,Eskisehir Technical UniversityTurkey,,5265,820,535,1500,550,775,1085,2022
629,Western Kentucky UniversityUSA,,5260,615,1025,1500,360,885,875,2022
630,Northern Technical UniversityIraq,,5250,1075,875,675,350,1000,1275,2022
631,Universidade Federal de Santa Catarina (UFSC)Brazil,,5245,815,725,1350,310,860,1185,2022
632,Estonian University of Life SciencesEstonia,,5245,820,390,1200,410,850,1575,2022
633,Universidad Tecnologica de BolivarColombia,,5235,715,1010,825,500,985,1200,2022
634,Bayburt UniversityTurkey,,5230,880,1065,750,350,1110,1075,2022
635,Andijan Machine-Building InstituteUzbekistan,,5225,850,825,600,650,1150,1150,2022
636,Gazi UniversityTurkey,,5220,900,1050,675,310,1185,1100,2022
637,Oguz han Engineering and Technology University of TurkmenistanTurkmenistan,,5220,1000,995,450,400,1400,975,2022
638,Tashkent University Of Information TechnologiesUzbekistan,,5220,1025,900,1200,250,1210,635,2022
639,Universitas UdayanaIndonesia,,5215,1000,1190,975,450,600,1000,2022
640,Urmia UniversityIran,,5215,930,1050,675,460,975,1125,2022
641,National University of Uzbekistan named after Mirzo UlugbekUzbekistan,,5215,855,1025,600,310,1175,1250,2022
642,Ferghana Medical Institute of Public HealthUzbekistan,,5205,605,1100,825,500,1050,1125,2022
643,University of Sadat CityEgypt,,5205,535,885,900,650,885,1350,2022
644,Tver State Technical UniversityRussia,,5200,930,1185,675,200,1085,1125,2022
645,Instituto Politecnico do Cavado e do AvePortugal,,5200,755,1060,900,510,1025,950,2022
646,Universitas Negeri ManadoIndonesia,,5200,1200,940,750,350,810,1150,2022
647,Manisa Celal Bayar UniversityTurkey,,5195,750,1035,975,450,1085,900,2022
648,Van Yuzuncu Yil UniversityTurkey,,5180,895,1025,900,310,1175,875,2022
649,Valahia University of TargovisteRomania,,5175,905,1450,750,210,735,1125,2022
650,Mindanao State University Iligan Institute of TechnologyPhilippines,,5160,660,1140,675,160,1225,1300,2022
651,Universidad de Vina Del MarChile,,5160,860,1115,975,600,835,775,2022
652,National University of Science and TechnologyIraq,,5160,750,825,1050,660,925,950,2022
653,Andalas UniversityIndonesia,,5160,1075,750,1425,200,685,1025,2022
654,Rajamangala University of Technology RattanakosinThailand,,5160,775,535,975,700,975,1200,2022
655,University of SialkotPakistan,,5150,1150,1250,675,600,925,550,2022
656,Islamic university of LebanonLebanon,,5145,1025,1250,600,310,985,975,2022
657,Universite De SousseTunisia,,5140,785,1160,600,560,885,1150,2022
658,Management and Science UniversityMalaysia,,5140,605,950,900,450,835,1400,2022
659,Universidad Catolica De CordobaArgentina,,5135,1125,1150,1050,150,785,875,2022
660,Universidad La Gran ColombiaColombia,,5135,950,800,900,450,910,1125,2022
661,Universitas Negeri PadangIndonesia,,5130,620,1125,975,310,750,1350,2022
662,North-eastern Federal UniversityRussia,,5125,880,885,1125,50,410,1775,2022
663,Mizoram UniversityIndia,,5120,890,1160,825,460,960,825,2022
664,Xavier University Ateneo De CagayanPhilippines,,5115,730,475,1200,600,1060,1050,2022
665,Universidad HemisferiosEcuador,,5095,1225,750,825,210,835,1250,2022
666,Universidad de ManizalesColombia,,5090,500,1185,975,460,1010,960,2022
667,Universitas JemberIndonesia,,5090,1005,1075,675,400,885,1050,2022
668,Derzhavin Tambov State UniversityRussia,,5090,545,960,900,360,1350,975,2022
669,Burapha UniversityThailand,,5090,800,865,750,600,925,1150,2022
670,Artvin Çoruh UniversityTurkey,,5090,1050,845,1425,60,735,975,2022
671,University of TehranIran,,5090,755,775,900,510,1150,1000,2022
672,Karamanoğlu Mehmetbey ÜniversityTurkey,,5085,935,865,1125,310,925,925,2022
673,Universidad Católica De OrienteColombia,,5080,820,1050,1050,510,700,950,2022
674,Indian Institute of Technology BhubaneswarIndia,,5080,1200,860,975,510,860,675,2022
675,University of HormozganIran,,5080,1060,660,750,500,1010,1100,2022
676,"University of Technology, IraqIraq",,5075,685,1250,675,500,1175,790,2022
677,University Oil Gas PloiestiRomania,,5070,610,1175,600,510,950,1225,2022
678,Państwowa Akademia Nauk Stosowanych w NysiePoland,,5065,440,1090,1200,210,900,1225,2022
679,International Sakharov Environmental Institute of Belarusian State UniversityBelarus,,5065,715,915,600,160,1375,1300,2022
680,Yanka Kupala State University of GrodnoBelarus,,5065,665,550,1350,300,1025,1175,2022
681,Omsk State Agrarian UniversityRussia,,5065,840,450,975,300,1100,1400,2022
682,Al-zahrawi University CollegeIraq,,5060,950,1215,975,460,735,725,2022
683,Universidad Santiago de CaliColombia,,5060,600,1175,1275,760,575,675,2022
684,UIN SalatigaIndonesia,,5045,825,1145,825,450,1135,665,2022
685,Adiyaman UniversityTurkey,,5040,935,1110,975,210,760,1050,2022
686,Universidade Federal Do CearaBrazil,,5040,1025,730,675,460,925,1225,2022
687,"The University of Agriculture, Peshawar - PakistanPakistan",,5025,1015,1125,525,210,1200,950,2022
688,University of RuhunaSri%20Lanka,,5025,955,700,900,310,1060,1100,2022
689,Universidade Estadual De LondrinaBrazil,,5020,885,990,975,410,900,860,2022
690,Universitas Bangka BelitungIndonesia,,5020,860,965,600,360,1160,1075,2022
691,Universitas SamudraIndonesia,,5010,1000,1010,525,450,875,1150,2022
692,Dicle UniversityTurkey,,5010,935,550,1125,500,1225,675,2022
693,The Women University MultanPakistan,,5005,1055,1250,375,350,1100,875,2022
694,Atma Jaya Yogyakarta UniversityIndonesia,,5005,650,785,1275,510,760,1025,2022
695,"University of Engineering and Technology, TaxilaPakistan",,5005,805,775,450,250,1375,1350,2022
696,Al-Farahidi UniversityIraq,,4990,1005,1225,525,500,760,975,2022
697,University of Al-AmeedIraq,,4975,675,1250,900,600,850,700,2022
698,Ahvaz Jundishapur University of Medical SciencesIran,,4975,705,685,975,360,1275,975,2022
699,Ulyanovsk State Technical UniversityRussia,,4975,1105,660,750,210,1100,1150,2022
700,Global Humanistic UniversityCuracao,,4970,750,900,1200,360,810,950,2022
701,Al-Esraa University CollegeIraq,,4965,505,1100,675,750,885,1050,2022
702,Universitas TrisaktiIndonesia,,4960,665,1035,825,500,685,1250,2022
703,Universidad Autónoma De CoahuilaMexico,,4955,595,1165,525,260,885,1525,2022
704,Nakhon Pathom Rajabhat UniversityThailand,,4950,705,1035,750,400,960,1100,2022
705,Kolej Komuniti SelayangMalaysia,,4950,655,985,600,210,1200,1300,2022
706,Universitas TarumanagaraIndonesia,,4940,880,675,1200,450,685,1050,2022
707,Technical University of KošiceSlovakia,,4935,740,1275,525,360,685,1350,2022
708,Universidad de San Buenaventura CaliColombia,,4930,810,1185,825,900,835,375,2022
709,Bolu Abant Izzet Baysal University (BAIBU)Turkey,,4930,880,575,900,500,785,1290,2022
710,Kyrgyz Turkish Manas UniversityKyrgyzstan,,4875,990,800,675,210,1075,1125,2022
711,The Maria Grzegorzewska UniversityPoland,,4875,615,535,1050,500,900,1275,2022
712,Integral UniversityIndia,,4870,585,425,1350,850,685,975,2022
713,Universitas Kristen Krida WacanaIndonesia,,4865,755,1060,750,500,950,850,2022
714,National University of Science and Technology MISISRussia,,4860,415,935,750,360,1200,1200,2022
715,Advanced Studies In Basic SciencesIran,,4855,960,885,450,460,1325,775,2022
716,Universidad Centroamericana Jose Simeon CanasEl%20Salvador,,4850,830,1200,975,410,560,875,2022
717,Escuela Agricola Panamericana ZamoranoHonduras,,4850,715,575,975,410,1250,925,2022
718,West Ukrainian National UniversityUkraine,,4845,550,935,675,360,1075,1250,2022
719,Universidad Pontificia ComillasSpain,,4835,675,1150,1125,550,285,1050,2022
720,University of Warmia and Mazury in OlsztynPoland,,4830,900,435,1200,60,885,1350,2022
721,Universitas Islam Sultan AgungIndonesia,,4825,1125,525,525,450,1225,975,2022
722,Universidad Autonoma De TamaulipasMexico,,4820,590,960,600,410,885,1375,2022
723,Yala Rajabhat UniversityThailand,,4820,555,630,900,750,1010,975,2022
724,Zanjan University of Medical Sciences and Health ServicesIran,,4800,755,1035,525,700,1010,775,2022
725,Bharathiar UniversityIndia,,4800,800,915,525,360,1125,1075,2022
726,Sri Padmavati Mahila Visvavidyalayam (Women's University)India,,4800,1025,775,375,150,1175,1300,2022
727,Bezmialem Vakıf UniversityTurkey,,4800,880,525,900,110,1325,1060,2022
728,Institut Ilmu Kesehatan Bhakti Wiyata KediriIndonesia,,4785,425,1260,900,450,1100,650,2022
729,Sharif University of TechnologyIran,,4785,450,825,825,360,1200,1125,2022
730,Rubtsovsk Institute (branch) of Altai State UniversityRussia,,4770,825,1035,750,260,1050,850,2022
731,The Institute of Engineering-technical and transport communications of TurkmenistanTurkmenistan,,4770,765,210,1050,260,1525,960,2022
732,National Skills University IslamabadPakistan,,4765,875,835,900,360,910,885,2022
733,Universidad Bernardo O'HigginsChile,,4740,820,1110,375,360,725,1350,2022
734,Saratov State UniversityRussia,,4720,645,775,750,200,1125,1225,2022
735,Peruvian University Cayetano HerediaPeru,,4715,695,1050,825,260,760,1125,2022
736,Universitas BosowaIndonesia,,4710,880,845,975,310,800,900,2022
737,Istanbul Gelisim UniversityTurkey,,4700,790,1150,750,450,910,650,2022
738,Abai Kazakh National Pedagogical UniversityKazakhstan,,4695,645,740,300,450,1435,1125,2022
739,Middle Technical University (MTU)Iraq,,4685,690,1175,600,210,1210,800,2022
740,Galatasaray UniversityTurkey,,4680,545,910,1275,210,1350,390,2022
741,Universitas BakrieIndonesia,,4680,495,810,675,500,1050,1150,2022
742,Tambov State Technical UniversityRussia,,4680,880,700,750,200,575,1575,2022
743,Don State Technical UniversityRussia,,4675,830,885,525,260,1425,750,2022
744,Indian Institute of Management BangaloreIndia,,4665,790,865,975,700,785,550,2022
745,Tyumen Industrial UniversityRussia,,4640,520,735,900,450,860,1175,2022
746,Government College Women University SialkotPakistan,,4635,775,860,825,450,650,1075,2022
747,Karadeniz Technical UniversityTurkey,,4630,800,835,825,450,960,760,2022
748,Tomas Bata UniversityCzech%20Republic,,4620,700,710,1200,350,710,950,2022
749,Universitas JambiIndonesia,,4610,900,775,525,450,560,1400,2022
750,Universidad Popular De La ChontalpaMexico,,4605,735,1175,975,450,410,860,2022
751,Politeknik Negeri MalangIndonesia,,4600,570,1085,600,310,735,1300,2022
752,Universidad Nacional de San Martin ArgentinaArgentina,,4595,660,860,600,250,1175,1050,2022
753,Universitas DinamikaIndonesia,,4595,925,600,975,560,700,835,2022
754,Marmara UniversityTurkey,,4585,790,660,900,110,1185,940,2022
755,Sivas Cumhuriyet UniversityTurkey,,4575,915,425,750,400,735,1350,2022
756,University of EducationPakistan,,4570,935,900,450,400,635,1250,2022
757,Bansomdejchaopraya Rajabhat UniversityThailand,,4570,575,860,675,160,1175,1125,2022
758,Ateneo de Davao UniversityPhilippines,,4570,610,850,900,410,1050,750,2022
759,Universitas SurabayaIndonesia,,4565,905,575,975,450,810,850,2022
760,BINUS UniversityIndonesia,,4565,705,385,900,600,1050,925,2022
761,University of MiskolcHungary,,4555,1105,640,1275,60,860,615,2022
762,MIT World Peace UniversityIndia,,4550,1005,700,900,210,635,1100,2022
763,Sumy National Agrarian UniversityUkraine,,4545,1025,835,525,210,850,1100,2022
764,National Institute of Technology HamirpurIndia,,4545,885,460,825,600,975,800,2022
765,Colegio de Estudios Superiores de Administracion CESAColombia,,4540,495,885,525,360,1150,1125,2022
766,Saint-Petersburg State Forest Technical University named after S.M. KirovRussia,,4540,850,770,600,210,960,1150,2022
767,Imam Ja'afar Al-Sadiq UniversityIraq,,4510,775,1000,600,500,810,825,2022
768,Universitas Negeri MedanIndonesia,,4505,675,960,825,360,835,850,2022
769,Can Tho UniversityVietnam,,4505,810,900,525,310,685,1275,2022
770,Mazaya University CollegeIraq,,4505,565,740,750,350,1000,1100,2022
771,Ağrı İbrahim Çeçen ÜniversitesiTurkey,,4505,915,715,525,410,1250,690,2022
772,Al-Turath University CollegeIraq,,4490,420,1135,675,400,835,1025,2022
773,Al-Maarif University CollegeIraq,,4485,760,1190,600,300,435,1200,2022
774,University of BalochistanPakistan,,4485,565,1060,750,360,1000,750,2022
775,Shahrood University of TechnologyIran,,4485,775,775,750,560,1000,625,2022
776,Kyiv National University of Technologies and DesignUkraine,,4485,840,710,600,250,785,1300,2022
777,Payame Noor UniversityIran,,4455,460,1035,675,460,1175,650,2022
778,Songkhla Rajabhat UniversityThailand,,4455,805,575,525,500,1250,800,2022
779,Lahore Garrison UniveristyPakistan,,4450,375,695,1200,460,685,1035,2022
780,KOLEJ KOMUNITI JASIN (KKJS)Malaysia,,4440,750,960,750,210,835,935,2022
781,Imam Al-Kadhum CollegeIraq,,4430,670,975,600,300,1085,800,2022
782,Phuket Rajabhat UniversityThailand,,4420,700,510,600,450,785,1375,2022
783,Federal University of GoiásBrazil,,4415,995,685,975,410,560,790,2022
784,Scuola Superiore Sant'annaItaly,,4410,430,560,1350,160,635,1275,2022
785,NFC Institute of Engineering and TechnologyPakistan,,4405,760,1050,450,460,910,775,2022
786,Sari Agricultural Sciences And Natural Resources UniversityIran,,4395,975,475,375,410,885,1275,2022
787,Anadolu UniversityTurkey,,4380,820,845,1275,350,625,465,2022
788,Universitas Pembangunan Nasional Veteran YogyakartaIndonesia,,4375,545,860,675,210,935,1150,2022
789,Usak UniversityTurkey,,4370,720,675,525,400,1100,950,2022
790,Universidad De San Carlos De GuatemalaGuatemala,,4360,885,575,900,110,1100,790,2022
791,Shaheed Benazir Bhutto Women University Peshawar PakistanPakistan,,4355,765,1010,525,160,1285,610,2022
792,Wasit UniversityIraq,,4350,850,1100,450,450,1025,475,2022
793,Universitas TanjungpuraIndonesia,,4345,785,800,450,400,635,1175,2022
794,Platov South-Russian State Polytechnic University (NPI)Russia,,4330,670,790,1050,210,560,1050,2022
795,"Islamia College Peshawar, PakistanPakistan",,4315,805,985,750,550,700,525,2022
796,Universitas Lancang KuningIndonesia,,4315,715,975,675,450,700,800,2022
797,Universitas Hang TuahIndonesia,,4315,905,625,750,310,525,1200,2022
798,Universidade do Vale do Itajai UNIVALIBrazil,,4310,915,525,975,160,510,1225,2022
799,Lagos State UniversityNigeria,,4295,725,885,375,360,950,1000,2022
800,University of South AfricaSouth%20Africa,,4290,950,560,975,160,910,735,2022
801,Istanbul Atlas UniversityTurkey,,4285,465,910,825,410,1035,640,2022
802,University of TelaferIraq,,4285,975,700,150,700,510,1250,2022
803,Tomsk State UniversityRussia,,4285,1150,425,600,110,775,1225,2022
804,Manila Central UniversityPhilippines,,4285,840,385,1350,600,835,275,2022
805,Technical University Of Cluj NapocaRomania,,4275,615,975,675,110,810,1090,2022
806,Universitas Islam Negeri Alauddin MakassarIndonesia,,4275,780,810,600,300,785,1000,2022
807,"University of Sargodha, SargodhaPakistan",,4265,930,575,300,10,1150,1300,2022
808,Dunarea de Jos University of GalatiRomania,,4250,930,575,450,260,710,1325,2022
809,Universitas Muhammadiyah SurakartaIndonesia,,4245,750,810,750,210,725,1000,2022
810,Maranhao State UniversityBrazil,,4245,925,425,1125,160,435,1175,2022
811,Madenat Alelem University CollegeIraq,,4240,780,775,675,550,835,625,2022
812,Catholic University In ErbilIraq,,4235,765,900,900,310,510,850,2022
813,National University of Computer & Emerging SciencesPakistan,,4215,685,1350,300,10,810,1060,2022
814,Al-nisour University CollegeIraq,,4205,800,460,525,460,785,1175,2022
815,Ilam universityIran,,4200,875,890,525,550,910,450,2022
816,Roi Et Rajabhat UniversityThailand,,4200,830,485,600,700,1135,450,2022
817,Universidade Federal do Oeste do Pará - UfopaBrazil,,4195,910,1040,375,160,560,1150,2022
818,"National University of Science and Technology, OmanOman",,4190,535,685,450,360,810,1350,2022
819,Politeknik Banting Selangor (PBS)Malaysia,,4190,730,675,525,450,910,900,2022
820,Madonna UniversityUSA,,4185,825,1050,750,350,510,700,2022
821,Uzhhorod National UniversityUkraine,,4180,770,975,525,210,610,1090,2022
822,UIN Sultan Aji Muhammad Idris SamarindaIndonesia,,4175,605,1025,750,460,985,350,2022
823,Russian-Armenian UniversityArmenia,,4170,760,825,300,400,660,1225,2022
824,Universidad Tecnologica de PanamaPanama,,4165,810,710,600,310,485,1250,2022
825,Taif UniversitySaudi%20Arabia,,4165,970,500,675,160,1185,675,2022
826,Institut Teknologi Telkom SurabayaIndonesia,,4160,825,985,450,400,600,900,2022
827,Alnoor University CollegeIraq,,4145,710,760,675,400,660,940,2022
828,Al al-Bayt UniversityJordan,,4145,1075,750,825,460,485,550,2022
829,Al-Mustafa University CollegeIraq,,4140,585,935,1050,310,685,575,2022
830,Cag UniversityTurkey,,4125,1065,240,600,110,810,1300,2022
831,Muban Chombueng Rajabhat UniversityThailand,,4115,560,695,450,160,975,1275,2022
832,Voronezh State Technical UniversityRussia,,4100,550,815,675,310,835,915,2022
833,"National University ""Yuri Kondratyuk Poltava polytechnic""Ukraine",,4095,640,845,450,400,885,875,2022
834,Universidad Catolica San Antonio De MurciaSpain,,4095,665,760,1125,160,560,825,2022
835,West University of TimisoaraRomania,,4090,605,800,525,210,900,1050,2022
836,The Ghazi UniversityPakistan,,4080,725,960,150,260,960,1025,2022
837,"Northern University, NowsheraPakistan",,4075,975,1090,375,210,925,500,2022
838,Mohammed V University In RabatMorocco,,4075,465,1015,450,260,735,1150,2022
839,Universitas KuninganIndonesia,,4045,1025,585,750,160,575,950,2022
840,Al Taff University CollegeIraq,,4045,710,575,675,450,735,900,2022
841,Penza State UniversityRussia,,4040,1105,475,525,10,800,1125,2022
842,Kharazmi UniversityIran,,4035,740,810,825,360,1050,250,2022
843,University of GujratPakistan,,4030,1025,985,375,160,385,1100,2022
844,Università Telematica E-campusItaly,,4025,835,410,1200,10,885,685,2022
845,Institut Teknologi Telkom PurwokertoIndonesia,,4015,395,860,1050,400,485,825,2022
846,Al-Zahraa University for WomenIraq,,4005,495,810,525,500,875,800,2022
847,Kemerovo State UniversityRussia,,4000,440,575,525,350,510,1600,2022
848,Universidad de la CostaColombia,,3995,375,675,825,360,510,1250,2022
849,Universidad Autónoma de ChiapasMexico,,3990,635,715,600,500,1375,165,2022
850,King Edward Medical UniversityPakistan,,3990,715,575,450,400,910,940,2022
851,Palestine Polytechnic UniversityPalestine,,3975,505,1450,375,100,560,985,2022
852,Università di FoggiaItaly,,3975,480,740,1500,210,210,835,2022
853,Southern Technical UniversityIraq,,3970,875,910,600,260,935,390,2022
854,"Cardinal Stefan Wyszynski University in Warsaw, PolandPoland",,3960,625,950,450,210,800,925,2022
855,Instituiçío Toledo de EnsinoBrazil,,3955,550,935,750,210,710,800,2022
856,Erzurum Technical UniversityTurkey,,3940,930,835,525,110,800,740,2022
857,Dow University of Health Sciences KarachiPakistan,,3930,580,550,525,500,1075,700,2022
858,Dijlah University CollegeIraq,,3920,660,475,675,450,910,750,2022
859,Namal InstitutePakistan,,3910,815,1085,75,100,1110,725,2022
860,University of PeshawarPakistan,,3910,875,650,375,160,850,1000,2022
861,Al-Hadba University CollegeIraq,,3910,500,560,1350,200,275,1025,2022
862,University of BirjandIran,,3880,370,715,525,410,950,910,2022
863,Budapest Metropolitan UniversityHungary,,3880,575,625,900,110,1160,510,2022
864,Universidad Tecnológica de México - Campus AtizapánMexico,,3880,600,270,1125,300,810,775,2022
865,South Valley UniversityEgypt,,3875,965,950,525,250,435,750,2022
866,Azerbaijan State University of Economics (UNEC)Azerbaijan,,3855,910,860,300,300,735,750,2022
867,Hilla University CollegeIraq,,3855,450,720,525,350,685,1125,2022
868,Universidad del Valle de Mexico - Campus TlalpanMexico,,3855,455,560,750,400,825,865,2022
869,University of DubaiUnited%20Arab%20Emirates,,3840,455,875,675,600,610,625,2022
870,Universitas Muhammadiyah ParepareIndonesia,,3840,710,495,675,110,825,1025,2022
871,Tomsk State University of Architecture and BuildingRussia,,3835,700,425,825,360,775,750,2022
872,Abbottabad University of Science and TechnologyPakistan,,3830,800,1010,600,210,560,650,2022
873,The Government Sadiq College Women University BahawalpurPakistan,,3830,600,620,975,350,1035,250,2022
874,Universitas Maritim Raja Ali Haji (UMRAH)Indonesia,,3825,815,1050,0,10,750,1200,2022
875,Meybod UniversityIran,,3820,525,885,525,310,1125,450,2022
876,National Aviation UniversityUkraine,,3820,1060,640,600,160,960,400,2022
877,Technical and Vocational UniversityIran,,3800,305,1085,525,450,735,700,2022
878,Rezekne Academy of TechnologiesLatvia,,3800,880,935,450,60,725,750,2022
879,Cihan University SulaimaniyaIraq,,3800,715,835,450,210,950,640,2022
880,University of Sistan and BaluchestanIran,,3760,660,900,300,400,825,675,2022
881,Sri Ramachandra Institute of Higher Education and Research (SRIHER)India,,3760,925,450,600,450,835,500,2022
882,Eskisehir Osmangazi UniversityTurkey,,3755,710,485,525,110,825,1100,2022
883,Universita di Macerata (Universita degli Studi di Macerata)Italy,,3750,495,800,900,10,560,985,2022
884,Aqaba University of TechnologyJordan,,3750,840,550,450,360,950,600,2022
885,University of Sindh JamshoroPakistan,,3730,840,910,450,260,735,535,2022
886,National University of PharmacyUkraine,,3715,735,735,600,210,635,800,2022
887,Al-Karkh University of ScienceIraq,,3705,680,775,975,160,625,490,2022
888,Fatima Jinnah Women UniversityPakistan,,3695,445,675,75,250,975,1275,2022
889,Universitas PapuaIndonesia,,3675,830,535,375,60,1000,875,2022
890,Karabuk UniversityTurkey,,3670,885,1350,300,300,460,375,2022
891,"Vignan's Foundation for Science, Technology and ResearchIndia",,3665,595,585,450,550,885,600,2022
892,Women University MardanPakistan,,3655,720,740,525,360,660,650,2022
893,Kermanshah University of TechnologyIran,,3630,760,900,525,510,510,425,2022
894,King Saud bin Abdulaziz University for Health SciencesSaudi%20Arabia,,3630,810,610,225,800,585,600,2022
895,Ariel UniversityIsrael,,3600,490,475,525,360,575,1175,2022
896,Associação Caruaruense de Ensino Superior e Técnico - Asces-unitaBrazil,,3590,720,650,375,210,785,850,2022
897,Almaty Technological UniversityKazakhstan,,3585,305,835,1050,10,800,585,2022
898,Al-Kut University CollegeIraq,,3570,480,540,450,300,975,825,2022
899,Kharkiv National University of Radio ElectronicsUkraine,,3565,385,885,600,160,685,850,2022
900,Wroclaw Medical UniversityPoland,,3545,765,990,75,250,900,565,2022
901,Ivan Franko National University of LvivUkraine,,3530,910,600,300,260,710,750,2022
902,"National Institute of Fashion Technology, BhubaneswarIndia",,3525,755,810,375,210,725,650,2022
903,University Of Medicine And Pharmacy Grigore T PopaRomania,,3510,290,1010,450,200,560,1000,2022
904,Armenian State University of EconomicsArmenia,,3500,715,525,150,250,1010,850,2022
905,Alsafwa University CollegeIraq,,3485,535,590,525,260,700,875,2022
906,Moscow State University of Civil EngineeringRussia,,3485,930,585,300,110,435,1125,2022
907,Universitas WirarajaIndonesia,,3480,610,885,525,210,325,925,2022
908,Universitas Bina Sarana InformatikaIndonesia,,3465,585,935,300,410,410,825,2022
909,Al Amara University CollegeIraq,,3465,430,800,600,350,385,900,2022
910,Ardakan UniversityIran,,3460,640,675,375,260,610,900,2022
911,Medical University - SofiaBulgaria,,3440,570,925,675,350,535,385,2022
912,Sawa UniversityIraq,,3430,385,685,525,360,800,675,2022
913,Almaty Management UniversityKazakhstan,,3420,865,960,300,10,560,725,2022
914,Bingöl UniversityTurkey,,3420,810,800,450,60,735,565,2022
915,Universidade Federal de Sao PauloBrazil,,3415,550,445,675,110,485,1150,2022
916,Universidade LusofonaPortugal,,3405,195,690,1050,260,110,1100,2022
917,Universitas Internasional Semen IndonesiaIndonesia,,3405,775,585,525,260,535,725,2022
918,Almaaqal UniversityIraq,,3385,290,700,600,410,950,435,2022
919,Cankaya UniversityTurkey,,3380,785,250,600,160,735,850,2022
920,Universidad de PanamaPanama,,3375,580,500,600,210,560,925,2022
921,Institut Informatika dan Bisnis DarmajayaIndonesia,,3370,440,785,600,360,560,625,2022
922,Denau Institute of Entrepreneurship and PedagogyUzbekistan,,3355,750,835,225,310,560,675,2022
923,North-Caucasus Federal UniversityRussia,,3355,885,375,450,110,635,900,2022
924,Bukhara State Medical Institute named after Abu Ali ibn SinoUzbekistan,,3345,800,525,225,360,450,985,2022
925,Ukhta State Technical UniversityRussia,,3340,395,660,900,200,735,450,2022
926,Universidad de CartagenaColombia,,3340,645,485,375,10,1250,575,2022
927,Universidad Biblica De Las AmericasUSA,,3335,600,775,375,260,675,650,2022
928,Al-Bayan UniversityIraq,,3325,590,400,375,350,685,925,2022
929,Arabian Gulf UniversityBahrain,,3320,525,910,525,250,310,800,2022
930,"Islamic Azad University, Science and Research Branch (srbiau)Iran",,3310,735,745,525,210,460,635,2022
931,KREA UniversityIndia,,3310,315,235,450,460,1050,800,2022
932,Tadeusz Kosciuszko Cracow University of TechnologyPoland,,3305,520,890,450,310,610,525,2022
933,Institut Agama Islam Negeri LangsaIndonesia,,3285,765,600,450,160,850,460,2022
934,Indus UniversityPakistan,,3260,440,1050,525,410,110,725,2022
935,Egyptian Russian UniversityEgypt,,3255,495,710,750,400,435,465,2022
936,Sekolah Tinggi Manajemen IpmiIndonesia,,3255,470,675,450,200,385,1075,2022
937,Kirikkale UniversityTurkey,,3240,840,325,450,310,875,440,2022
938,Prince Sattam bin Abdulaziz UniversitySaudi%20Arabia,,3195,700,545,300,350,750,550,2022
939,Kherson State Maritime AcademyUkraine,,3195,460,400,975,100,585,675,2022
940,Tver State UniversityRussia,,3190,560,760,225,310,510,825,2022
941,Universidad Catolica Del NorteChile,,3190,460,460,450,110,835,875,2022
942,Universitas Pendidikan GaneshaIndonesia,,3170,490,860,375,360,435,650,2022
943,Ninevah UniversityIraq,,3155,620,1075,300,200,710,250,2022
944,National University Of Science & TechnologyZimbabwe,,3150,635,660,225,60,1060,510,2022
945,University of FallujahIraq,,3150,500,200,600,260,900,690,2022
946,Zhetysu university named after I. ZhansugurovKazakhstan,,3125,615,525,300,210,575,900,2022
947,Universidad de La LagunaSpain,,3120,525,700,825,10,235,825,2022
948,University Of ZilinaSlovakia,,3120,865,485,150,60,535,1025,2022
949,University of The State Fiscal Service of UkraineUkraine,,3115,980,150,375,10,600,1000,2022
950,"Islamic Azad University, Najafabad BranchIran",,3110,570,405,300,210,975,650,2022
951,Pantheon-Assas University Paris IIFrance,,3085,380,750,525,60,760,610,2022
952,Kabardino-Balkarian State University named after H.M. BerbekovRussia,,3030,950,385,0,10,160,1525,2022
953,Universitas Teknologi Muhammadiyah JakartaIndonesia,,3020,290,810,675,310,210,725,2022
954,Nakhon Ratchasima Rajabhat UniversityThailand,,3020,515,660,600,110,285,850,2022
955,Universitas Teknologi SumbawaIndonesia,,3015,830,665,300,160,485,575,2022
956,Ankara UniversityTurkey,,3005,935,550,75,10,660,775,2022
957,Muhammad Nawaz Sharif University Of Engineering & TechnologyPakistan,,2990,495,835,150,300,735,475,2022
958,Universitas Sanata DharmaIndonesia,,2985,540,750,375,310,660,350,2022
959,Kharkiv National Automobile And Highway UniversityUkraine,,2985,630,535,300,210,750,560,2022
960,Akfa UniversityUzbekistan,,2975,665,735,75,250,675,575,2022
961,Universitas Dumoga KotamobaguIndonesia,,2965,460,810,525,160,485,525,2022
962,Buriram Rajabhat UniversityThailand,,2965,395,595,450,200,850,475,2022
963,Universitas PakuanIndonesia,,2955,575,160,0,160,1010,1050,2022
964,"Kolej Komuniti Bukit Beruang, Melaka, MalaysiaMalaysia",,2950,470,685,300,110,750,635,2022
965,Politeknik NilaiMalaysia,,2940,735,260,450,160,500,835,2022
966,Shahid Beheshti UnivresityIran,,2895,760,390,375,510,410,450,2022
967,Universal Business SchoolIndia,,2885,940,720,300,10,500,415,2022
968,Daneshpajoohan Pishro Higher Education Institute (DHEI)Iran,,2875,355,610,75,10,875,950,2022
969,Poltekkes Kemenkes TanjungkarangIndonesia,,2875,480,410,600,200,560,625,2022
970,Phetchabun Rajabhat UniversityThailand,,2855,375,375,450,210,610,835,2022
971,"International Islamic University, IslamabadPakistan",,2830,765,685,0,10,885,485,2022
972,Universitas Pembangunan JayaIndonesia,,2820,690,510,300,210,110,1000,2022
973,Universitat De Les Illes Balears (UIB)Spain,,2775,430,375,675,110,660,525,2022
974,Politeknik Manufaktur AstraIndonesia,,2755,515,790,375,300,275,500,2022
975,Universitas Islam Negeri Fatmawati Sukarno BengkuluIndonesia,,2750,535,660,525,210,335,485,2022
976,University of ManoubaTunisia,,2745,590,485,375,110,385,800,2022
977,University of MashreqIraq,,2730,570,675,375,160,610,340,2022
978,Karshi State UniversityUzbekistan,,2710,640,675,225,10,735,425,2022
979,Vistula UniversityPoland,,2705,475,635,525,10,385,675,2022
980,Chirchik State Pedagogical InstituteUzbekistan,,2695,415,735,300,160,610,475,2022
981,Universitas Katolik Widya Mandala SurabayaIndonesia,,2690,485,760,450,110,460,425,2022
982,Ashur University CollegeIraq,,2690,285,595,825,200,385,400,2022
983,Ion Mincu University of Architecture and UrbanismRomania,,2690,315,395,450,10,360,1160,2022
984,Gilgamesh Ahliya UniversityIraq,,2665,560,685,375,210,510,325,2022
985,Bilad Al Rafidain University CollegeIraq,,2660,555,600,375,360,335,435,2022
986,University of Education WinnebaGhana,,2650,375,765,450,210,400,450,2022
987,L.N. Gumilyov Eurasian National UniversityKazakhstan,,2645,700,225,0,10,660,1050,2022
988,Hawler Medical UniversityIraq,,2630,445,550,375,210,600,450,2022
989,Jabir ibn Hayyan Medical UniversityIraq,,2625,470,625,450,60,485,535,2022
990,Al-Ayen UniversityIraq,,2605,415,745,75,210,410,750,2022
991,Université de MonastirTunisia,,2550,280,575,375,160,485,675,2022
992,"Instituto Federal de Educacao, Ciencia e Tecnologia de Sao Paulo - IFSPBrazil",,2490,630,690,0,110,660,400,2022
993,South Ural State UniversityRussia,,2490,455,625,150,110,410,740,2022
994,Al-Mansour University CollegeIraq,,2480,400,635,450,160,335,500,2022
995,Ufa State Aviation Technical UniversityRussia,,2475,605,575,225,110,260,700,2022
996,Fazaia Bilquis College of Education for WomenPakistan,,2460,515,575,375,210,160,625,2022
997,"Bahauddin Zakariya University, Multan PakistanPakistan",,2460,580,485,300,10,560,525,2022
998,"Central University Of Technology, Free StateSouth%20Africa",,2455,200,675,225,260,710,385,2022
999,Idlib UniversitySyria,,2440,110,495,450,200,710,475,2022
1000,Kilis 7 Aralk UniversityTurkey,,2420,835,150,300,260,535,340,2022
1001,Politeknik Teknologi Kimia Industri - MedanIndonesia,,2410,480,660,375,360,385,150,2022
1002,Institut Teknologi KalimantanIndonesia,,2380,770,550,225,200,210,425,2022
1003,University of MostarBosnia%20and%20Herzegovina,,2375,335,485,450,310,485,310,2022
1004,Universidad Privada Dr. Rafael Belloso ChacinVenezuela,,2370,160,650,375,160,600,425,2022
1005,Ibn Sina University of Medical and Pharmaceutical SciencesIraq,,2360,280,660,375,60,385,600,2022
1006,Universitas YARSIIndonesia,,2340,435,310,525,10,10,1050,2022
1007,Al Hikma University CollegeIraq,,2265,595,900,375,10,260,125,2022
1008,Navoi state university of mining and technologiesUzbekistan,,2250,560,770,75,160,235,450,2022
1009,University of Kwazulu NatalSouth%20Africa,,2250,585,310,375,10,660,310,2022
1010,Universitas KlabatIndonesia,,2245,540,410,375,110,585,225,2022
1011,K. N. Toosi University of TechnologyIran,,2235,545,580,225,110,410,365,2022
1012,Edo State University UzairueNigeria,,2230,540,595,525,260,285,25,2022
1013,Al-iraqia UniversityIraq,,2215,545,560,75,60,500,475,2022
1014,Universitas Dhyana PuraIndonesia,,2175,660,495,75,110,410,425,2022
1015,Universitas HamzanwadiIndonesia,,2160,415,585,225,10,635,290,2022
1016,Universitas Muria KudusIndonesia,,2155,475,760,225,60,160,475,2022
1017,Universitas Pendidikan NasionalIndonesia,,2125,470,785,75,10,60,725,2022
1018,Tikrit UniversityIraq,,2120,500,425,225,160,660,150,2022
1019,Astrakhan State UniversityRussia,,2100,405,500,0,10,635,550,2022
1020,Universidad Autonoma De NayaritMexico,,2080,500,575,0,10,460,535,2022
1021,Universitas Islam Negeri Maulana Malik Ibrahim MalangIndonesia,,2065,225,595,375,110,485,275,2022
1023,Konya Technical UniversityTurkey,,2035,455,575,75,310,385,235,2022
1024,Faculdade Santo Agostinho (Unidade Itabuna-Bahia)Brazil,,2020,385,265,675,260,310,125,2022
1025,Shatt Al-Arab  University CollegeIraq,,2015,470,475,225,110,210,525,2022
1026,Universitas Nusa MandiriIndonesia,,2010,340,300,225,10,110,1025,2022
1027,Al-Hadi University CollageIraq,,1990,365,565,375,160,285,240,2022
1028,Universitas Al Azhar IndonesiaIndonesia,,1950,145,585,75,10,235,900,2022
1029,Lighthouse AcademySyria,,1850,250,265,225,60,725,325,2022
1030,Moscow University for the HumanitiesRussia,,1830,915,195,450,10,235,25,2022
1031,Universidade do Estado do AmazonasBrazil,,1825,400,705,300,260,10,150,2022
1032,University of Information Technology and CommunicationsIraq,,1775,320,600,225,210,260,160,2022
1033,Universitas GaluhIndonesia,,1760,570,385,75,10,260,460,2022
1034,Institut Agama Islam Negeri PonorogoIndonesia,,1735,505,485,75,10,485,175,2022
1035,North-west Institute of Management of the Russian Presidential Academy of National Economy and Public AdministrationRussia,,1675,420,335,75,10,560,275,2022
1036,Al-Qasim Green UniversityIraq,,1640,285,310,0,60,160,825,2022
1037,Tashkent Medical AcademyUzbekistan,,1585,685,405,0,10,360,125,2022
1038,Universitas Sains dan Teknologi Komputer (Universitas STEKOM)Indonesia,,1495,190,760,150,160,210,25,2022
1039,Al-Zaytoonah International UniversitySyria,,1360,200,185,75,100,385,415,2022
1040,Tashkent Institute Of FinanceUzbekistan,,1280,400,370,75,10,360,65,2022
1041,University of Parna RayaIndonesia,,1270,140,525,225,10,260,110,2022
1042,Sekolah Tinggi Ilmu Ekonomi Kesuma NegaraIndonesia,,1230,60,650,75,10,410,25,2022
1043,"Tecnológico Nacional de México, Campus HermosilloMexico",,1205,390,60,75,60,210,410,2022
1044,Sekolah Tinggi Teknologi BandungIndonesia,,1175,455,350,75,10,135,150,2022
1045,Mari Private UniversitySyria,,1005,125,60,75,10,535,200,2022
1046,Universidad Francisco de Paula Santander OcañaColombia,,890,785,60,0,10,10,25,2022
1047,University of Al-hamdaniyaIraq,,795,100,400,0,110,60,125,2022
1048,Sekolah Tinggi Ilmu Ekonomi Eben Haezer ManadoIndonesia,,690,150,195,75,110,10,150,2022
1049,Basrah University CollegeIraq,,555,150,60,0,10,285,50,2022
1050,STIE Indonesia Banking SchoolIndonesia,,475,290,60,0,0,10,115,2022
1,Wageningen University & ResearchNetherlands,,9500,1350,1825,1800,1000,1750,1775,2023
2,Nottingham Trent UniversityUnited%20Kingdom,,9475,1375,1850,1800,950,1700,1800,2023
3,Umwelt-campus Birkenfeld (trier University of Applied Sciences)Germany,,9450,1275,1925,1800,1000,1700,1750,2023
4,University of GroningenNetherlands,,9450,1325,1775,1800,1000,1800,1750,2023
5,"University of California, DavisUSA",,9425,1400,1900,1800,1000,1575,1750,2023
6,University College CorkIreland,,9425,1250,1875,1800,1000,1700,1800,2023
7,University of NottinghamUnited%20Kingdom,,9425,1375,1825,1800,1000,1750,1675,2023
8,Universidade De Sao Paulo UspBrazil,,9425,1450,1775,1800,950,1700,1750,2023
9,University of ConnecticutUSA,,9400,1375,1775,1725,1000,1750,1775,2023
10,Universitat BremenGermany,,9375,1325,1775,1725,1000,1750,1800,2023
11,Dublin City UniversityIreland,,9355,1205,1950,1800,1000,1700,1700,2023
12,Universita Di BolognaItaly,,9300,1325,1675,1800,900,1800,1800,2023
13,University of Southern DenmarkDenmark,,9225,1200,1825,1800,1000,1650,1750,2023
14,Leiden UniversityNetherlands,,9200,975,1950,1800,1000,1800,1675,2023
15,Luiss UniversityItaly,,9175,1125,1975,1575,1000,1700,1800,2023
16,Universidad Autónoma De Nuevo LeónMexico,,9125,1375,1625,1800,900,1650,1775,2023
17,Université De SherbrookeCanada,,9115,1325,1815,1725,950,1550,1750,2023
19,Hame University of Applied SciencesFinland,,9050,1325,1775,1800,1000,1525,1625,2023
20,Politecnico Di TorinoItaly,,9005,855,1850,1800,950,1750,1800,2023
21,Leuphana Universitat LuneburgGermany,,8975,1050,1950,1800,800,1650,1725,2023
22,University of LimerickIreland,,8975,1275,1775,1725,900,1550,1750,2023
23,University of PécsHungary,,8950,1200,1675,1800,900,1600,1775,2023
24,Universitas IndonesiaIndonesia,,8925,1325,1850,1575,950,1425,1800,2023
25,Universiti Putra MalaysiaMalaysia,,8900,1375,1700,1575,900,1625,1725,2023
26,Rudn UniversityRussia,,8885,1175,1685,1800,900,1650,1675,2023
27,Universitas DiponegoroIndonesia,,8875,1250,1750,1500,900,1675,1800,2023
28,National Pingtung University of Science & TechnologyChinese%20Taipei,,8875,1475,1600,1575,900,1550,1775,2023
29,Universita degli Studi dell'AquilaItaly,,8850,1250,1850,1575,900,1500,1775,2023
30,Universitas Gadjah MadaIndonesia,,8850,1350,1725,1425,900,1650,1800,2023
31,University of WarwickUnited%20Kingdom,,8850,1200,1700,1725,850,1625,1750,2023
32,Universidad del RosarioColombia,,8835,1160,1750,1725,1000,1725,1475,2023
33,Weifang Institute of TechnologyChina,,8825,1325,1850,1725,800,1700,1425,2023
34,IPB UniversityIndonesia,,8825,1375,1475,1575,950,1650,1800,2023
35,Universidad Complutense De MadridSpain,,8800,1075,1900,1725,1000,1500,1600,2023
36,Czech University of Life Sciences PragueCzech%20Republic,,8800,1150,1650,1725,1000,1500,1775,2023
37,Universitas Negeri SemarangIndonesia,,8775,1275,1775,1575,900,1550,1700,2023
38,Kasetsart UniversityThailand,,8775,1275,1675,1575,900,1750,1600,2023
39,University of Eastern FinlandFinland,,8760,860,1850,1800,1000,1500,1750,2023
40,Universidade Federal de Lavras - UFLABrazil,,8750,1400,1650,1575,950,1375,1800,2023
41,Aalborg UniversityDenmark,,8700,925,1900,1800,900,1400,1775,2023
42,Benemérita Universidad Autónoma de PueblaMexico,,8700,1075,1825,1725,1000,1525,1550,2023
43,Universitas Sebelas MaretIndonesia,,8650,1225,1725,1575,900,1425,1800,2023
44,Institut Teknologi Sepuluh NopemberIndonesia,,8650,1350,1725,1500,900,1375,1800,2023
45,Riga Technical UniversityLatvia,,8650,1175,1700,1575,900,1700,1600,2023
46,Istanbul Technical UniversityTurkiye,,8635,1275,1585,1575,900,1575,1725,2023
47,Universidad Autónoma de OccidenteColombia,,8625,1175,1950,1650,850,1300,1700,2023
48,National Chi Nan UniversityChinese%20Taipei,,8625,1375,1675,1575,850,1525,1625,2023
49,Mahidol UniversityThailand,,8625,1200,1600,1575,950,1625,1675,2023
50,King Mongkut's University of Technology ThonburiThailand,,8625,1275,1550,1575,800,1700,1725,2023
51,Universiti Malaysia SabahMalaysia,,8625,1325,1550,1575,950,1600,1625,2023
52,Al-Balqa Applied UniversityJordan,,8600,1225,1850,1275,800,1650,1800,2023
53,Universidad De SantanderColombia,,8600,1400,1775,1425,850,1650,1500,2023
54,National Chin-Yi University of TechnologyChinese%20Taipei,,8600,1125,1725,1800,950,1350,1650,2023
55,Da-Yeh UniversityChinese%20Taipei,,8600,1250,1700,1500,950,1525,1675,2023
56,Chaoyang University of TechnologyChinese%20Taipei,,8600,1350,1650,1575,900,1450,1675,2023
57,Airlangga UniversityIndonesia,,8600,1350,1600,1425,850,1625,1750,2023
58,National Taitung UniversityChinese%20Taipei,,8600,1300,1550,1575,900,1600,1675,2023
59,National Cheng Kung UniversityChinese%20Taipei,,8595,1180,1565,1650,800,1700,1700,2023
60,Universiti MalayaMalaysia,,8585,1175,1485,1800,1000,1375,1750,2023
61,Universidad de GranadaSpain,,8575,1050,1825,1575,900,1600,1625,2023
62,Qassim UniversitySaudi%20Arabia,,8575,1225,1800,1350,1000,1525,1675,2023
63,Yildiz Technical UniversityTurkiye,,8575,1225,1750,1350,900,1675,1675,2023
64,"Instituto Federal de Educacao, Ciencia e Tecnologia do Sul de Minas GeraisBrazil",,8575,1325,1650,1650,900,1425,1625,2023
65,Suranaree University of TechnologyThailand,,8575,1350,1600,1650,850,1475,1650,2023
66,Universidad Nacional de ColombiaColombia,,8575,1275,1600,1650,1000,1475,1575,2023
67,National Yunlin University of Science & TechnologyChinese%20Taipei,,8575,1250,1550,1500,900,1625,1750,2023
68,Universiti Malaysia PahangMalaysia,,8575,1350,1550,1575,900,1425,1775,2023
69,Cyprus International UniversityTurkiye,,8575,1350,1550,1500,1000,1525,1650,2023
70,Politecnico Di MilanoItaly,,8560,760,1550,1800,950,1750,1750,2023
71,Universitas Islam Negeri Raden Intan LampungIndonesia,,8550,1100,1875,1425,900,1550,1700,2023
72,Siberian Federal UniversityRussia,,8550,1400,1650,1350,900,1675,1575,2023
73,University of CampinasBrazil,,8550,1100,1475,1725,900,1600,1750,2023
74,Universidade Federal De Mato Grosso Do SulBrazil,,8525,1375,1725,1425,850,1475,1675,2023
75,Universidad Pontificia BolivarianaColombia,,8525,1400,1675,1575,800,1500,1575,2023
76,Siam UniversityThailand,,8525,1175,1525,1425,900,1700,1800,2023
77,University of SzegedHungary,,8505,1280,1400,1725,850,1550,1700,2023
78,Universitat Autònoma de BarcelonaSpain,,8500,1050,1925,1800,800,1425,1500,2023
79,Universidad de AlcaláSpain,,8500,1175,1875,1575,850,1550,1475,2023
80,Universidad De AntioquiaColombia,,8500,1175,1700,1575,900,1450,1700,2023
81,Universitas PadjadjaranIndonesia,,8500,1175,1650,1575,850,1575,1675,2023
82,Universidad Tecnologica de PereiraColombia,,8475,1125,1900,1350,950,1600,1550,2023
83,Walailak UniversityThailand,,8475,1400,1550,1425,900,1700,1500,2023
84,Universidad Nacional Autónoma de MéxicoMexico,,8475,1200,1450,1650,900,1550,1725,2023
85,Erciyes UniversityTurkiye,,8460,1350,1610,1425,800,1600,1675,2023
86,University of SharjahUnited%20Arab%20Emirates,,8460,1450,1385,1650,1000,1225,1750,2023
87,"California State University, SacramentoUSA",,8450,875,1900,1800,1000,1300,1575,2023
88,Tunghai UniversityChinese%20Taipei,,8450,1375,1550,1425,800,1575,1725,2023
89,Ozyegin UniversityTurkiye,,8425,1025,1800,1725,850,1225,1800,2023
90,Universidad El BosqueColombia,,8425,1100,1800,1575,1000,1500,1450,2023
91,Ton Duc Thang UniversityVietnam,,8425,1025,1725,1650,950,1500,1575,2023
92,Universidad de CaldasColombia,,8425,1125,1575,1800,950,1400,1575,2023
93,Universidad de los Andes ColombiaColombia,,8425,1075,1450,1650,950,1600,1700,2023
94,Lincoln UniversityNew%20Zealand,,8425,1350,1425,1575,800,1700,1575,2023
95,Telkom UniversityIndonesia,,8400,1050,1625,1425,900,1600,1800,2023
96,Ege UniversityTurkiye,,8400,1225,1550,1650,900,1425,1650,2023
97,Nanhua University TaiwanChinese%20Taipei,,8385,1200,1335,1800,900,1575,1575,2023
98,Yeditepe UniversityTurkiye,,8375,1125,1650,1650,850,1525,1575,2023
99,Lampung UniversityIndonesia,,8350,1075,1800,1500,800,1375,1800,2023
100,D. Serikbayev East Kazakhstan technical universityKazakhstan,,8350,1275,1800,1350,700,1550,1675,2023
101,Hasanuddin UniversityIndonesia,,8350,1325,1650,1275,900,1475,1725,2023
102,Mahasarakham UniversityThailand,,8335,1350,1625,1350,800,1460,1750,2023
103,Mae Fah Luang UniversityThailand,,8325,1300,1675,1275,850,1550,1675,2023
104,Institut Teknologi SumateraIndonesia,,8325,1325,1575,1200,950,1575,1700,2023
105,Universidade do MinhoPortugal,,8325,1175,1475,1800,900,1300,1675,2023
106,Universiti Teknikal Malaysia MelakaMalaysia,,8325,1225,1400,1500,850,1625,1725,2023
107,Universita Politecnica delle MarcheItaly,,8300,1350,1725,1350,850,1300,1725,2023
108,An-Najah National UniversityPalestine,,8275,1125,1875,1125,900,1475,1775,2023
109,Universitas Islam IndonesiaIndonesia,,8275,1225,1650,1350,950,1475,1625,2023
110,University of A CoruñaSpain,,8275,1050,1525,1800,900,1300,1700,2023
111,UiTM SHAH ALAMMalaysia,,8275,900,1500,1800,950,1325,1800,2023
112,"ITESO, Universidad Jesuita de GuadalajaraMexico",,8270,1135,1825,1800,950,1160,1400,2023
113,Universidad Autonoma De YucatanMexico,,8250,1500,1825,1425,850,1150,1500,2023
114,Rajamangala University of Technology Thanyaburi (RMUTT)Thailand,,8250,1100,1550,1500,950,1550,1600,2023
115,Universiti Tunku Abdul RahmanMalaysia,,8250,1300,1500,1575,950,1300,1625,2023
116,Chang Jung Christian UniversityChinese%20Taipei,,8250,1050,1475,1650,900,1550,1625,2023
117,Fundación Universidad del Norte BarranquillaColombia,,8250,1075,1475,1800,1000,1325,1575,2023
118,Escuela Superior Politecnica del LitoralEcuador,,8250,1140,1235,1650,1000,1500,1725,2023
119,Masaryk UniversityCzech%20Republic,,8235,1010,1550,1575,850,1600,1650,2023
120,Universitas Negeri YogyakartaIndonesia,,8225,1050,1850,1500,850,1475,1500,2023
121,Manipal Academy of Higher EducationIndia,,8225,1050,1675,1425,800,1550,1725,2023
122,Universiti Pendidikan Sultan IdrisMalaysia,,8225,1325,1600,1350,800,1675,1475,2023
123,Middle East Technical UniversityTurkiye,,8225,1375,1350,1275,850,1575,1800,2023
124,National Taipei University of TechnologyChinese%20Taipei,,8220,1035,1550,1725,660,1650,1600,2023
125,Università Degli Studi Gabriele D'Annunzio Chieti e PescaraItaly,,8210,1175,1135,1800,850,1500,1750,2023
126,University of KashanIran,,8200,1200,1875,1350,850,1575,1350,2023
127,Universitas Sultan Ageng TirtayasaIndonesia,,8200,1100,1750,1275,900,1375,1800,2023
128,Universita degli Studi di PadovaItaly,,8200,1075,1700,1725,800,1150,1750,2023
129,Immanuel Kant Baltic Federal UniversityRussia,,8200,1350,1700,1425,600,1500,1625,2023
130,University of SopronHungary,,8200,935,1565,1425,900,1700,1675,2023
131,University of PhayaoThailand,,8200,1225,1525,1350,850,1625,1625,2023
132,Universiti Tun Hussein Onn MalaysiaMalaysia,,8200,1150,1425,1350,900,1575,1800,2023
133,University of BabylonIraq,,8185,1375,1475,1350,800,1435,1750,2023
134,University of PassauGermany,,8180,855,1775,1725,900,1600,1325,2023
135,Universitas Muhammadiyah YogyakartaIndonesia,,8175,1100,1725,1425,750,1550,1625,2023
136,Universitas SriwijayaIndonesia,,8175,1075,1675,1425,700,1525,1775,2023
137,Mangalore UniversityIndia,,8175,1350,1650,1275,850,1550,1500,2023
138,American University of BeirutLebanon,,8175,1300,1550,1125,850,1600,1750,2023
139,Tra Vinh UniversityVietnam,,8175,1225,1500,1275,850,1700,1625,2023
140,Brawijaya UniversityIndonesia,,8160,1250,1685,1500,750,1350,1625,2023
141,University Of AnbarIraq,,8150,1250,1800,1125,800,1575,1600,2023
142,Chettinad Academy of Research and EducationIndia,,8150,1200,1725,1350,750,1575,1550,2023
143,Maejo UniversityThailand,,8150,1175,1650,1350,750,1550,1675,2023
144,Universitas Teuku UmarIndonesia,,8150,1275,1550,1350,750,1500,1725,2023
145,National Pingtung UniversityChinese%20Taipei,,8150,1225,1450,1425,900,1600,1550,2023
146,Universitas Multimedia NusantaraIndonesia,,8135,1060,1725,1500,900,1275,1675,2023
147,S R M University (Institute of Science and Technology)India,,8135,925,1510,1800,950,1525,1425,2023
148,Universitat De GironaSpain,,8125,925,1875,1725,550,1400,1650,2023
149,Perm National Research Polytechnic UniversityRussia,,8125,1375,1850,1275,750,1475,1400,2023
150,Universitas Medan AreaIndonesia,,8125,1075,1750,1275,800,1450,1775,2023
151,Universitas Muhammadiyah MalangIndonesia,,8125,1175,1650,1275,900,1475,1650,2023
152,Baskent UniversityTurkiye,,8100,1300,1725,1425,700,1475,1475,2023
153,Izmir Institute of TechnologyTurkiye,,8100,1200,1375,1500,800,1625,1600,2023
154,Universidad Politecnica de ValenciaSpain,,8085,850,1635,1650,700,1550,1700,2023
155,Universitas Sumatera UtaraIndonesia,,8085,1075,1460,1575,900,1375,1700,2023
156,Inonu University MalatyaTurkiye,,8075,1325,1700,1050,800,1550,1650,2023
157,Pontificia Universidad Javeriana-BogotaColombia,,8075,1075,1600,1350,950,1450,1650,2023
158,Jordan University of Science and TechnologyJordan,,8075,1300,1525,1275,950,1425,1600,2023
159,Dokuz Eylul UniversityTurkiye,,8075,1250,1425,1200,850,1675,1675,2023
160,Phetchaburi Rajabhat UniversityThailand,,8050,1150,1265,1650,950,1385,1650,2023
161,Università degli Studi di SalernoItaly,,8025,1000,1750,1800,600,1300,1575,2023
162,Irkutsk National Research Technical UniversityRussia,,8025,1200,1675,1125,700,1575,1750,2023
163,Universidade de AveiroPortugal,,8025,1050,1500,1800,800,1225,1650,2023
164,Alzahra UniversityIran,,8025,975,1300,1650,800,1525,1775,2023
165,Babes Bolyai UniversityRomania,,8015,1075,1465,1350,750,1700,1675,2023
166,Dhurakij Pundit UniversityThailand,,8010,1010,1625,1350,850,1550,1625,2023
167,Universidad Autónoma de MadridSpain,,8010,1150,1525,1725,750,1210,1650,2023
168,Universidad del ValleColombia,,8010,1350,1335,1500,800,1450,1575,2023
169,Università degli Studi di GenovaItaly,,8000,975,1650,1650,850,1400,1475,2023
170,Volgograd State UniversityRussia,,7995,1150,1485,1500,550,1560,1750,2023
171,Sunway UniversityMalaysia,,7990,915,1575,1275,850,1650,1725,2023
172,University of ZanjanIran,,7990,1180,1350,1575,1000,1310,1575,2023
173,Università degli Studi di FirenzeItaly,,7985,1125,1260,1800,900,1250,1650,2023
174,Universitas Negeri SurabayaIndonesia,,7975,1100,1725,1350,850,1250,1700,2023
175,American University in CairoEgypt,,7970,1060,1285,1800,1000,1400,1425,2023
176,Al-Mustaqbal University CollegeIraq,,7950,1125,1575,1425,800,1575,1450,2023
177,University of BaghdadIraq,,7950,1325,1525,1200,850,1425,1625,2023
178,Slovak University of Agriculture in NitraSlovakia,,7950,1050,1275,1725,900,1400,1600,2023
179,Ukrainian National Forestry UniversityUkraine,,7935,1175,1335,1425,750,1500,1750,2023
180,Al-Zaytoonah University of JordanJordan,,7925,1175,1875,1275,800,1100,1700,2023
181,Universidad IcesiColombia,,7925,1100,1650,1275,800,1350,1750,2023
182,Jadara UniversityJordan,,7925,1275,1600,1275,850,1375,1550,2023
183,"Muhammad Nawaz Shareef University of Agriculture, Multan PakistanPakistan",,7925,1225,1525,1275,700,1575,1625,2023
184,Universidade Federal de Vicosa - UFVBrazil,,7925,1125,1525,1500,850,1275,1650,2023
185,Tzu Chi UniversityChinese%20Taipei,,7915,1300,1365,1575,800,1425,1450,2023
186,Universidad EAFITColombia,,7910,935,1750,1500,900,1250,1575,2023
187,Bartin UniversityTurkiye,,7910,1150,1385,1425,800,1525,1625,2023
188,Khwaja Fareed University of Engineering and Information TechnologyPakistan,,7900,1275,1725,1050,750,1575,1525,2023
189,Sakarya ÜniversitesiTurkiye,,7900,1250,1575,1200,850,1400,1625,2023
190,Universidad Iberoamericana TorreónMexico,,7900,1150,1550,1500,900,1325,1475,2023
191,University of CamerinoItaly,,7900,1325,1450,1575,750,1325,1475,2023
192,Naresuan UniversityThailand,,7900,1175,1375,1425,850,1500,1575,2023
193,University of Mohaghegh ArdabiliIran,,7895,1350,1385,1275,950,1260,1675,2023
194,Universidade Federal de ItajubaBrazil,,7875,1025,1525,1350,850,1450,1675,2023
195,Hochschule AnhaltGermany,,7875,975,1375,1650,800,1550,1525,2023
196,Kashan University of Medical Sciences and Health ServicesIran,,7850,1225,1650,1500,850,1525,1100,2023
197,Gdańsk University of TechnologyPoland,,7835,1100,1410,1575,600,1550,1600,2023
198,National Institute of Technology SilcharIndia,,7825,1125,1725,1200,800,1550,1425,2023
199,Universidad Rey Juan CarlosSpain,,7825,975,1350,1650,700,1400,1750,2023
200,Daffodil International UniversityBangladesh,,7810,975,1560,1275,800,1575,1625,2023
201,Universidad Iberoamericana PueblaMexico,,7800,900,1800,1425,850,1275,1550,2023
202,Universidad Politécnica Estatal del CarchiEcuador,,7800,1225,1600,1200,650,1525,1600,2023
203,Razi University KermanshahIran,,7800,1250,1500,1125,850,1525,1550,2023
204,Universidade do Vale do Taquari - UNIVATESBrazil,,7800,1075,1475,1350,850,1450,1600,2023
205,Universitas Islam Negeri Sultan Thaha Saifuddin JambiIndonesia,,7785,1250,1460,1200,800,1525,1550,2023
206,Universidad Tecnologica ECOTECEcuador,,7775,1050,1650,1425,750,1425,1475,2023
207,Alexandria UniversityEgypt,,7765,965,1575,1275,900,1375,1675,2023
208,Aksaray UniversityTurkiye,,7760,1200,1385,1650,750,1475,1300,2023
209,Benha UniversityEgypt,,7750,975,1900,1200,800,1325,1550,2023
210,Universitas Negeri MalangIndonesia,,7750,1150,1600,1125,800,1400,1675,2023
211,Providence UniversityChinese%20Taipei,,7750,1125,1550,1425,750,1525,1375,2023
212,Valaya Alongkorn Rajabhat University Under the Royal PatronageThailand,,7750,1125,1550,1200,800,1525,1550,2023
213,Centro Universitário FacensBrazil,,7725,950,1800,1350,800,1250,1575,2023
214,Universidad PanamericanaMexico,,7725,1000,1800,1350,850,1200,1525,2023
215,Universidad EIAColombia,,7720,1175,1410,1575,950,1060,1550,2023
216,The University of LahorePakistan,,7710,960,1600,1275,850,1550,1475,2023
217,Universidad CESColombia,,7705,980,1775,1200,950,1200,1600,2023
218,Universidad de SalamancaSpain,,7680,980,1575,1500,800,1275,1550,2023
219,Instituto Politecnico De Viana Do CasteloPortugal,,7675,1150,1800,1050,850,1400,1425,2023
220,Pir Mehr Ali Shah Arid Agriculture University RawalpindiPakistan,,7675,1275,1600,525,1000,1550,1725,2023
221,Universidad Militar Nueva GranadaColombia,,7675,1200,1575,1275,800,1425,1400,2023
222,Universita degli Studi di Milano La StataleItaly,,7675,1125,1400,1725,600,1350,1475,2023
223,Al Ain UniversityUnited%20Arab%20Emirates,,7675,1300,1350,1650,800,1200,1375,2023
224,Universiti Sains MalaysiaMalaysia,,7660,1225,1700,1350,710,1150,1525,2023
225,Tecnologico de MonterreyMexico,,7650,1050,1550,1200,900,1225,1725,2023
226,University of KelaniyaSri%20Lanka,,7650,900,1525,1500,750,1325,1650,2023
227,Universiti Malaysia Terengganu (UMT)Malaysia,,7640,1255,1260,1200,950,1375,1600,2023
228,Thaksin UniversityThailand,,7635,1225,1310,1275,750,1425,1650,2023
229,American University of the Middle East (AUM)Kuwait,,7635,1025,1085,1425,950,1600,1550,2023
230,De La Salle University - DasmarinasPhilippines,,7625,850,1750,1575,750,1425,1275,2023
231,Tokat Gaziosmanpasa UniversityTurkiye,,7625,1400,1650,1200,800,1475,1100,2023
232,Universitas Syiah KualaIndonesia,,7625,1325,1425,1350,750,1175,1600,2023
233,Sri Sri UniversityIndia,,7625,1300,1400,1350,800,1375,1400,2023
234,National University of Sciences and TechnologyPakistan,,7625,1225,1350,1200,800,1375,1675,2023
235,King Mongkut's University of Technology North BangkokThailand,,7625,1000,1275,1350,900,1600,1500,2023
236,Imam Abdulrahman Bin Faisal UniversitySaudi%20Arabia,,7610,1200,1510,975,900,1400,1625,2023
237,Universitas Budi LuhurIndonesia,,7610,910,1450,1500,850,1475,1425,2023
238,Universidad Miguel Hernandez de ElcheSpain,,7600,1125,1600,1500,550,1500,1325,2023
239,Centro Universitario do Rio Grande do Norte UNI-RNBrazil,,7585,1100,1460,1575,950,1200,1300,2023
240,Universitas Halu OleoIndonesia,,7575,1050,1600,1350,700,1275,1600,2023
241,GITAM : Gandhi Institute of Technology And ManagementIndia,,7575,975,1550,1200,750,1425,1675,2023
242,Al-Furat Al-Awsat Technical UniversityIraq,,7575,1100,1500,1125,800,1675,1375,2023
243,Pontificia Universidad Javeriana CaliColombia,,7575,1075,1475,1350,800,1350,1525,2023
244,Nitte (Deemed to be University)India,,7575,1225,1325,1050,750,1600,1625,2023
245,Universiti Sultan Zainal AbidinMalaysia,,7550,1375,1275,1050,650,1525,1675,2023
246,Russian State Agrarian University - Moscow Timiryazev Agricultural AcademyRussia,,7550,1350,850,1200,800,1575,1775,2023
247,Afyon Kocatepe UniversityTurkiye,,7545,980,1240,1800,750,1700,1075,2023
248,Hitit UniversityTurkiye,,7540,965,1700,1725,550,1375,1225,2023
249,Universitas PancasilaIndonesia,,7535,885,1725,1350,700,1425,1450,2023
250,Universidade De Passo FundoBrazil,,7535,1025,1300,1800,900,985,1525,2023
251,Mariano Marcos State UniversityPhilippines,,7525,1125,1850,1050,650,1300,1550,2023
252,Universidade de VigoSpain,,7525,1125,1475,1725,700,1100,1400,2023
253,M. Auezov South Kazakhstan UniversityKazakhstan,,7525,1125,1400,1350,650,1575,1425,2023
254,Universita degli Studi di Bari Aldo MoroItaly,,7525,850,1125,1575,1000,1400,1575,2023
255,Trakya UniversityTurkiye,,7520,1275,1135,1575,600,1435,1500,2023
256,Instituto Tecnologico MetropolitanoColombia,,7510,910,1575,1575,800,1250,1400,2023
257,Kutahya Health Sciences UniversityTurkiye,,7510,1225,1310,1200,850,1375,1550,2023
258,Atatürk ÜniversitesiTurkiye,,7510,1300,1060,1350,800,1475,1525,2023
259,"University of Central Punjab,Lahore, PakistanPakistan",,7500,1200,1575,1050,650,1500,1525,2023
260,Universitat Internacional de CatalunyaSpain,,7495,885,1635,1500,800,1475,1200,2023
261,Universitas Esa UnggulIndonesia,,7485,635,1450,1500,800,1300,1800,2023
262,Hasan Kalyoncu UniversityTurkiye,,7475,1125,1550,1350,750,1500,1200,2023
263,University of ColomboSri%20Lanka,,7475,975,1525,1275,800,1400,1500,2023
264,Pontificia Universidad Catolica De ChileChile,,7465,880,1435,1200,750,1650,1550,2023
265,Northeastern UniversityThailand,,7450,1000,1575,1200,750,1525,1400,2023
266,Jizzakh Polytechnic InstituteUzbekistan,,7450,1025,1575,1275,750,1275,1550,2023
267,Universidad Autonoma MetropolitanaMexico,,7450,800,1475,1500,900,1075,1700,2023
268,Universidad Santo TomasColombia,,7450,925,1450,1200,900,1325,1650,2023
269,Universidade De Santiago De CompostelaSpain,,7450,950,1425,1650,850,1225,1350,2023
270,King Faisal UniversitySaudi%20Arabia,,7450,1225,1100,1275,800,1375,1675,2023
271,Università degli Studi della TusciaItaly,,7435,1300,1400,1200,650,1260,1625,2023
272,Universidad Tecnica Federico Santa MariaChile,,7425,750,1725,1275,800,1400,1475,2023
273,University of PetraJordan,,7425,1000,1550,1275,950,1075,1575,2023
274,National Chiayi UniversityChinese%20Taipei,,7425,1050,1325,1500,900,1525,1125,2023
275,International University of Business Agriculture and TechnologyBangladesh,,7410,910,1600,1050,700,1625,1525,2023
276,Capital University Of Science And TechnologyPakistan,,7400,1100,1775,1200,550,1300,1475,2023
277,Saveetha Institute of Medical and Technical SciencesIndia,,7400,950,1525,1050,750,1475,1650,2023
278,Bilecik Şeyh Edebali UniversityTurkiye,,7400,1000,1500,1425,550,1400,1525,2023
279,University of PeradeniyaSri%20Lanka,,7400,1250,1475,1050,800,1350,1475,2023
280,Mugla Sitki Kocman UniversityTurkiye,,7385,960,1400,1650,550,1325,1500,2023
281,Universiti Malaysia PerlisMalaysia,,7375,1150,1550,1350,700,1125,1500,2023
282,Holy Spirit University of KaslikLebanon,,7365,1030,1675,1575,360,1325,1400,2023
283,Bashkir State Agrarian UniversityRussia,,7360,1300,1285,1125,800,1275,1575,2023
284,National Chung Hsing UniversityChinese%20Taipei,,7355,1205,1175,1575,800,1375,1225,2023
285,National University of KaohsiungChinese%20Taipei,,7350,1300,1250,1125,800,1550,1325,2023
286,Rajamangala University of Technology IsanThailand,,7350,1150,1100,1425,650,1425,1600,2023
287,Kastamonu UniversityTurkiye,,7345,1325,1160,1275,750,1110,1725,2023
288,NOVA University LisbonPortugal,,7335,1125,1525,1350,650,1185,1500,2023
289,National Taipei UniversityChinese%20Taipei,,7335,975,1350,1425,850,1235,1500,2023
290,Cairo UniversityEgypt,,7335,1125,1210,1125,800,1400,1675,2023
291,Firat UniversityTurkiye,,7325,1275,1600,975,750,1375,1350,2023
292,Universidad Metropolitana CaracasVenezuela,,7310,1200,1400,1275,900,1110,1425,2023
293,Allama Iqbal Open UniversityPakistan,,7300,1275,1600,900,650,1250,1625,2023
294,Liepaja UniversityLatvia,,7300,710,1465,1725,600,1650,1150,2023
295,University of Basrah ; University of Basra ; University:BASRAHIraq,,7285,1100,1535,1050,800,1400,1400,2023
296,Tashkent State University of EconomicsUzbekistan,,7280,930,1750,900,750,1500,1450,2023
297,Ziauddin UniversityPakistan,,7275,1050,1675,1050,800,1375,1325,2023
298,Acharya Nagarjuna UniversityIndia,,7275,1225,1475,1050,750,1500,1275,2023
299,Universiti SelangorMalaysia,,7275,1275,1075,1275,650,1425,1575,2023
300,"Batangas State University, The National Engineering UniversityPhilippines",,7270,885,1650,1275,650,1410,1400,2023
301,Beni-Suef UniversityEgypt,,7265,790,1750,1125,650,1175,1775,2023
302,Universidad de OviedoSpain,,7265,1055,1750,1125,510,1175,1650,2023
303,CETYS University (Centro de Ensenanza Tecnica y Superior)Mexico,,7260,1100,1300,1350,1000,1135,1375,2023
304,Ain Shams UniversityEgypt,,7255,810,1610,1200,550,1360,1725,2023
305,University of West AtticaGreece,,7250,1075,1675,1050,650,1450,1350,2023
306,Kafrelsheikh UniversityEgypt,,7250,975,1300,1125,850,1325,1675,2023
307,Ubon Ratchathani UniversityThailand,,7250,1250,1125,1200,800,1250,1625,2023
308,Hungkuang UniversityChinese%20Taipei,,7240,750,1550,1575,800,1225,1340,2023
309,Università Degli Studi di Modena e Reggio EmiliaItaly,,7240,940,1225,1800,350,1500,1425,2023
310,Hebrew University Of JerusalemIsrael,,7240,1050,1140,1725,700,1425,1200,2023
311,Istanbul Sabahattin Zaim UniversityTurkiye,,7235,725,1410,1800,600,1100,1600,2023
312,Hacettepe UniversityTurkiye,,7235,1400,1000,1650,210,1475,1500,2023
313,Pibulsongkram Rajabhat UniversityThailand,,7225,1075,1325,1275,850,1450,1250,2023
314,Düzce UniversityTurkiye,,7210,1300,1410,1200,400,1275,1625,2023
315,Universidad Catolica De ManizalesColombia,,7200,965,1460,1500,700,1325,1250,2023
316,Università Ca' Foscari VeneziaItaly,,7200,815,1385,1350,500,1450,1700,2023
317,Sabanci UniversityTurkiye,,7200,1175,1275,1275,850,1225,1400,2023
318,Universidade Federal do Triângulo MineiroBrazil,,7200,1275,1075,1650,600,900,1700,2023
319,Mersin UniversityTurkiye,,7195,1275,1335,1425,700,1185,1275,2023
320,Sohag UniversityEgypt,,7185,1200,1375,1050,700,1335,1525,2023
321,Universitas Islam Negeri Raden Fatah PalembangIndonesia,,7175,1225,1400,900,750,1350,1550,2023
322,Sumy State UniversityUkraine,,7160,950,1485,1275,700,1325,1425,2023
323,Kalasalingam Academy of Research and EducationIndia,,7155,980,1150,1275,750,1750,1250,2023
324,Iqra UniversityPakistan,,7150,1075,1575,1200,500,1400,1400,2023
325,University Of Information Technology And Management In RzeszowPoland,,7150,1100,1525,1425,400,1200,1500,2023
326,Senac University CenterBrazil,,7150,975,1500,1725,900,950,1100,2023
327,Khon Kaen UniversityThailand,,7150,1275,1200,1200,850,1225,1400,2023
328,"Chitkara University, PunjabIndia",,7140,880,1475,1275,900,1060,1550,2023
329,Politeknik Merlimau MelakaMalaysia,,7135,1050,1310,1275,700,1325,1475,2023
330,Universidad Autónoma del Estado de MexicoMexico,,7130,1055,1675,1200,650,1250,1300,2023
331,Universita degli Studi di FerraraItaly,,7130,1080,1175,1725,700,1200,1250,2023
332,Mustansiriyah UniversityIraq,,7125,900,1625,1050,700,1375,1475,2023
333,Universidad de AlicanteSpain,,7115,790,1465,1800,800,810,1450,2023
334,I-Shou UniversityChinese%20Taipei,,7110,950,1385,1650,950,1175,1000,2023
335,Universitas Sam RatulangiIndonesia,,7110,1025,1185,1350,550,1375,1625,2023
336,Universidade de SorocabaBrazil,,7100,1075,1375,1125,800,1400,1325,2023
337,Maynooth UniversityIreland,,7100,825,1325,1800,850,850,1450,2023
338,University of Technology SarawakMalaysia,,7100,1100,1150,1200,800,1425,1425,2023
339,"Adam Mickiewicz University, PoznanPoland",,7100,1100,1100,1575,600,1175,1550,2023
340,University of DebrecenHungary,,7100,1100,950,1275,500,1700,1575,2023
341,October 6 UniversityEgypt,,7095,860,1460,1125,700,1450,1500,2023
342,Universitas Islam Negeri Walisongo SemarangIndonesia,,7085,800,1510,1200,750,1425,1400,2023
343,University of KerbalaIraq,,7085,1050,1285,1050,800,1400,1500,2023
344,Universita Degli Studi Della BasilicataItaly,,7075,1275,1450,1425,350,1275,1300,2023
345,Universitas Teknokrat IndonesiaIndonesia,,7075,1000,1450,1200,650,1275,1500,2023
346,Universidad de ValladolidSpain,,7065,855,1650,1575,460,1000,1525,2023
347,Soochow University TaiwanChinese%20Taipei,,7065,915,1400,1500,650,1150,1450,2023
348,Semmelweis UniversityHungary,,7065,780,1175,1650,650,1700,1110,2023
349,SSM Institute of Engineering and TechnologyIndia,,7060,900,1625,1125,800,1310,1300,2023
350,Tashkent State University Of LawUzbekistan,,7050,1250,1525,1125,650,1425,1075,2023
351,Ontario Tech UniversityCanada,,7045,1150,1575,1275,810,960,1275,2023
352,Universidad de Bogota Jorge Tadeo LozanoColombia,,7035,1075,1675,1125,650,1210,1300,2023
353,Tashkent State Pedagogical UniversityUzbekistan,,7035,985,1550,900,600,1550,1450,2023
354,BIOTECH University - Russian Biotechnological UniversityRussia,,7030,980,1350,825,750,1500,1625,2023
355,Huachiew Chalermprakiet UniversityThailand,,7025,950,1450,1350,600,1150,1525,2023
356,Kun Shan UniversityChinese%20Taipei,,7025,975,1350,1050,750,1350,1550,2023
357,Niğde Ömer Halisdemir UniversityTurkiye,,7025,1025,1325,1200,750,1450,1275,2023
358,Tarbiat Modares UniversityIran,,7025,1050,1050,1350,800,1350,1425,2023
359,Abu Dhabi UniversityUnited%20Arab%20Emirates,,7020,1050,1260,1575,450,1110,1575,2023
360,Hochschule Weihenstephan-triesdorfGermany,,7010,1100,1035,1725,350,1350,1450,2023
361,Mendel University in BrnoCzech%20Republic,,7010,1140,885,1425,650,1360,1550,2023
362,Universidad de Costa RicaCosta%20Rica,,7000,950,1490,1350,800,1135,1275,2023
363,The National University of Ostroh AcademyUkraine,,6995,1075,1210,1575,360,1650,1125,2023
364,Ondokuz Mayis UniversityTurkiye,,6985,1350,1085,1050,850,1325,1325,2023
365,Universitat Rovira i VirgiliSpain,,6980,880,1450,1725,600,1100,1225,2023
366,Voronezh State UniversityRussia,,6980,730,1350,1350,600,1375,1575,2023
367,Silpakorn UniversityThailand,,6975,850,1450,1200,700,1400,1375,2023
368,Eötvös Loránd University BudapestHungary,,6975,1000,1200,1275,750,1400,1350,2023
369,Juraj Dobrila University of PulaCroatia,,6965,865,1625,1500,450,1550,975,2023
370,Gunadarma UniversityIndonesia,,6960,1100,1300,1050,600,1235,1675,2023
371,De La Salle University ManilaPhilippines,,6955,835,1360,1275,550,1410,1525,2023
372,University of SumerIraq,,6950,840,1435,1500,600,1225,1350,2023
373,Fo Guang UniversityChinese%20Taipei,,6945,1100,1185,1275,710,1200,1475,2023
374,Institución Universitaria Politecnico GrancolombianoColombia,,6935,785,1700,1425,900,1125,1000,2023
375,Cukurova UniversityTurkiye,,6930,1330,1175,975,550,1425,1475,2023
376,Alisher Navo'i Tashkent State University of Uzbek Language and LiteratureUzbekistan,,6925,975,1575,975,750,1200,1450,2023
377,Pontifícia Universidade Católica de CampinasBrazil,,6920,935,1325,1575,750,935,1400,2023
378,Universidad de Ciencias Aplicadas y Ambientales UDCAColombia,,6920,975,985,1725,1000,910,1325,2023
379,Teesside UniversityUnited%20Kingdom,,6910,560,1700,1650,600,1175,1225,2023
380,Universidad Iberoamericana Ciudad de MéxicoMexico,,6910,735,1425,1500,950,1050,1250,2023
381,State Islamic University Syarif Hidayatullah JakartaIndonesia,,6910,1050,1210,1425,650,1150,1425,2023
382,Bialystok Technical UniversityPoland,,6885,1075,1375,1575,650,635,1575,2023
383,National Institute of Development AdministrationThailand,,6885,760,1225,1425,750,1450,1275,2023
384,University of BahrainBahrain,,6885,1275,950,1050,900,910,1800,2023
385,Politeknik Seberang PeraiMalaysia,,6880,1065,1040,1425,800,1475,1075,2023
386,University of AlKafeelIraq,,6875,900,1650,975,650,1175,1525,2023
387,Yazd UniversityIran,,6875,800,1350,1125,700,1425,1475,2023
388,Cappadocia UniversityTurkiye,,6870,780,1390,1275,500,1525,1400,2023
389,National Chung Cheng UniversityChinese%20Taipei,,6870,930,965,1575,1000,1125,1275,2023
390,IAIN Metro LampungIndonesia,,6860,900,1410,1200,650,1250,1450,2023
391,Mardin Artuklu ÜniversitesiTurkiye,,6860,1060,1250,1350,500,1300,1400,2023
392,Polytechnic of MersingMalaysia,,6860,1000,1010,1200,750,1475,1425,2023
393,King Mongkut's Institute of Technology LadkrabangThailand,,6850,1125,1350,750,650,1475,1500,2023
394,Ghulam Ishaq Khan Institute of Engineering Sciences and TechnologyPakistan,,6850,1150,1175,1200,650,1400,1275,2023
395,Carl Von Ossietzky University OldenburgGermany,,6840,855,1500,1125,650,1110,1600,2023
396,Universidad Católica Andrés Bello Extensión GuayanaVenezuela,,6840,1150,915,1575,650,1300,1250,2023
397,Universidad Catolica Andres BelloVenezuela,,6835,975,1825,975,750,985,1325,2023
398,University of Al-QadisiyahIraq,,6835,1100,1425,1200,950,1135,1025,2023
399,Universidade Estadual de MaringáBrazil,,6835,1060,1400,1050,800,1100,1425,2023
400,University of MalakandPakistan,,6830,1030,1550,975,650,1250,1375,2023
401,Universidade Federal do Rio Grande do Sul - UFRGSBrazil,,6830,1055,1450,1425,650,1075,1175,2023
402,"Hazara University Mansehra, Khyber Pakhtunkhwa (KP) PakistanPakistan",,6825,950,1550,1050,700,1350,1225,2023
403,Antalya Bilim ÜniversitesiTurkiye,,6810,975,1435,1425,650,1275,1050,2023
404,University of Warith Al-AnbiyaaIraq,,6810,850,1400,1200,750,1310,1300,2023
405,Guru Ghasidas VishwavidyalayaIndia,,6800,1150,1450,825,650,1250,1475,2023
406,The Islamia University of BahawalpurPakistan,,6800,790,1400,1200,650,1375,1385,2023
407,Indian Institute of Technology RoorkeeIndia,,6795,1155,1000,975,950,1450,1265,2023
408,Universita degli Studi di CagliariItaly,,6795,1150,620,1725,650,1100,1550,2023
409,"Guru Jambheshwar University of Science and Technology,Hisar, HaryanaIndia",,6790,1075,1450,1050,800,1350,1065,2023
410,University at AlbanyUSA,,6785,875,1585,1350,750,925,1300,2023
411,Middle East University (MEU)Jordan,,6775,875,1500,1125,800,1400,1075,2023
412,Periyar Maniammai Institute of Science & TechnologyIndia,,6775,1050,1450,1125,950,1200,1000,2023
413,Universitas Ahmad DahlanIndonesia,,6770,960,1235,1350,750,1150,1325,2023
414,Jean Moulin University Lyon 3France,,6760,485,1675,1500,650,1500,950,2023
415,Samarkand State UniversityUzbekistan,,6740,890,1450,1125,700,1275,1300,2023
416,Sukhothai Thammathirat Open UniversityThailand,,6740,840,1275,1125,800,1275,1425,2023
417,Centro Universitário da Fundação Hermínio OmettoBrazil,,6735,950,1550,1575,800,810,1050,2023
418,Universidad De GuadalajaraMexico,,6735,860,1475,900,550,1450,1500,2023
419,British Columbia Institute of TechnologyCanada,,6735,685,1300,1425,850,1050,1425,2023
420,University of Agriculture FaisalabadPakistan,,6730,1180,1150,975,600,1300,1525,2023
421,Universidad Tecnica del NorteEcuador,,6725,1100,1400,1050,600,1225,1350,2023
422,An Giang University - Vietnam National University Ho Chi Minh CityVietnam,,6720,875,1075,1650,550,1360,1210,2023
423,Phranakhon Si Ayutthaya Rajabhat UniversityThailand,,6710,850,1160,1275,550,1450,1425,2023
424,Gorgan University Of Agricultural Sciences And Natural ResourcesIran,,6710,1000,1160,1200,550,1150,1650,2023
425,Universiti Malaysia Kelantan (UMK)Malaysia,,6710,1200,600,1650,750,1185,1325,2023
426,Yenepoya UniversityIndia,,6700,1150,1225,1125,800,1300,1100,2023
427,Palacky University OlomoucCzech%20Republic,,6695,720,1075,1650,800,1150,1300,2023
428,Prince of Songkla UniversityThailand,,6690,1005,1075,1125,850,1185,1450,2023
429,Pontificia Universidad Catolica Del PerúPeru,,6680,735,1535,1500,210,1125,1575,2023
430,Perm State UniversityRussia,,6675,900,1300,1200,650,1325,1300,2023
431,Jamia Millia IslamiaIndia,,6665,1150,1340,900,700,1025,1550,2023
432,Oguz han Engineering and Technology University of TurkmenistanTurkmenistan,,6660,1150,1285,1050,700,1400,1075,2023
433,Kamphaeng Phet Rajabhat UniversityThailand,,6660,785,1225,1275,800,1025,1550,2023
434,Rajamangala University of Technology SuvarnabhumiThailand,,6660,1225,860,1500,800,1225,1050,2023
435,Vignana Jyothi Institute of ManagementIndia,,6655,1005,1350,1125,750,1300,1125,2023
436,Suratthani Rajabhat UniversityThailand,,6645,1125,1135,1650,360,1300,1075,2023
437,Applied Science UniversityBahrain,,6625,900,1425,1200,700,1325,1075,2023
438,Bursa Technical UniversityTurkiye,,6610,750,1525,1200,550,1310,1275,2023
439,Islamic UniversityIraq,,6610,1000,1250,975,650,1560,1175,2023
440,University of NavarraSpain,,6610,1085,1140,1425,510,1175,1275,2023
441,Yuan Ze UniversityChinese%20Taipei,,6605,780,875,1650,650,1325,1325,2023
442,Hindustan Institute of Technology & ScienceIndia,,6590,805,935,1425,850,1250,1325,2023
443,Altai State UniversityRussia,,6585,1050,1260,1200,600,1300,1175,2023
444,Ryazan State Medical UniversityRussia,,6585,1075,1160,1200,450,1275,1425,2023
445,Vytautas Magnus UniversityLithuania,,6585,1275,1160,1725,450,975,1000,2023
446,Van Yuzuncu Yil UniversityTurkiye,,6585,970,1115,1425,500,1350,1225,2023
447,Palestine Technical University - KadooriePalestine,,6575,950,1550,900,650,1375,1150,2023
448,Mangalayatan University JabalpurIndia,,6575,1175,1400,975,650,1400,975,2023
449,Universidad de La SabanaColombia,,6575,1250,1300,975,700,1175,1175,2023
450,Chung Hua UniversityChinese%20Taipei,,6575,975,1175,1650,750,900,1125,2023
451,Universitas 'Aisyiyah YogyakartaIndonesia,,6560,975,1260,1050,550,1200,1525,2023
452,Derzhavin Tambov State UniversityRussia,,6560,960,1150,1050,650,1250,1500,2023
453,Tver State Technical UniversityRussia,,6555,955,1475,975,750,1175,1225,2023
454,Andijan Machine-Building InstituteUzbekistan,,6550,900,1300,825,750,1350,1425,2023
455,Institución Universitaria Colegio Mayor de AntioquiaColombia,,6545,620,1540,1200,600,1260,1325,2023
456,S.A.Niyazov Turkmen Agricultural UniversityTurkmenistan,,6545,975,845,675,800,1650,1600,2023
457,Al-Farabi Kazakh National UniversityKazakhstan,,6540,1080,1275,975,510,1100,1600,2023
458,Istanbul Aydin UniversityTurkiye,,6525,705,1310,1425,550,1260,1275,2023
459,Universidade Federal de Santa MariaBrazil,,6525,1100,1250,1125,750,1200,1100,2023
460,Kocaeli UniversityTurkiye,,6525,1030,1035,1425,500,1235,1300,2023
461,Universiti Kebangsaan MalaysiaMalaysia,,6525,1050,975,975,600,1425,1500,2023
462,Politeknik MukahMalaysia,,6520,960,960,1050,650,1225,1675,2023
463,Gaziantep UniversityTurkiye,,6515,865,1040,1500,600,1225,1285,2023
464,University of SialkotPakistan,,6510,1400,1600,900,600,985,1025,2023
465,Tanta UniversityEgypt,,6510,700,1450,975,600,1410,1375,2023
466,Al-Quds UniversityPalestine,,6510,900,1300,1050,600,1285,1375,2023
467,Universidad Publica De NavarraSpain,,6510,925,1285,1500,350,925,1525,2023
468,Non-profit JSC Almaty University of Power Engineering and Telecommunications named after Gumarbek DaukeyevKazakhstan,,6505,760,1410,1200,550,1035,1550,2023
469,The University of FaisalabadPakistan,,6500,1050,1575,900,600,1250,1125,2023
470,New valley universityEgypt,,6500,865,1085,1050,650,1150,1700,2023
471,Loei Rajabhat UniversityThailand,,6500,1050,850,1200,700,1375,1325,2023
472,University of Northern PhilippinesPhilippines,,6490,940,1350,1200,600,1100,1300,2023
473,Osmaniye Korkut Ata UniversityTurkiye,,6485,925,1200,1200,650,1285,1225,2023
474,Minia UniversityEgypt,,6480,905,1300,975,750,1325,1225,2023
475,Università di TriesteItaly,,6480,785,1260,1200,900,1060,1275,2023
476,Samar State UniversityPhilippines,,6475,1125,1325,975,300,1050,1700,2023
477,Tarlac Agricultural UniversityPhilippines,,6475,1300,1200,675,550,1225,1525,2023
478,University of IoanninaGreece,,6475,980,1000,1650,510,1085,1250,2023
479,Bursa Uludag UniversityTurkiye,,6475,1225,775,1575,350,1175,1375,2023
480,"Institute of Southern Punjab, Multan, PakistanPakistan",,6450,775,1400,825,600,1450,1400,2023
481,Catanduanes State UniversityPhilippines,,6445,1135,1700,750,300,1135,1425,2023
482,Universidad Santiago de CaliColombia,,6445,770,1375,1425,950,1050,875,2023
483,Gazi UniversityTurkiye,,6435,925,1375,975,450,1185,1525,2023
484,Amirkabir University of TechnologyIran,,6435,425,1200,1650,650,1135,1375,2023
485,University of Western MacedoniaGreece,,6435,910,1190,1650,400,910,1375,2023
486,University of Hradec KraloveCzech%20Republic,,6430,860,1285,1575,460,1275,975,2023
487,Al-Kitab UniversityIraq,,6415,830,1425,900,700,1210,1350,2023
488,Universidad de JaénSpain,,6405,830,1300,1050,450,1250,1525,2023
489,Universitas Pendidikan Muhammadiyah SorongIndonesia,,6405,1275,1160,975,660,935,1400,2023
490,Università Degli Studi di BergamoItaly,,6400,815,1825,1350,160,1025,1225,2023
491,Selcuk UniversityTurkiye,,6400,1225,1275,750,500,1275,1375,2023
492,Al-Muthanna UniversityIraq,,6395,875,1285,975,600,1285,1375,2023
493,Al-Nahrain UniversityIraq,,6395,825,1185,825,750,1185,1625,2023
494,Srinakharinwirot UniversityThailand,,6395,1000,835,1275,660,1550,1075,2023
495,Universitas UdayanaIndonesia,,6390,1150,1515,1125,450,800,1350,2023
496,O.P. Jindal UniversityIndia,,6390,1180,1275,1200,700,735,1300,2023
497,Zagazig UniversityEgypt,,6390,795,1150,1800,160,1110,1375,2023
498,International European UniversityUkraine,,6385,1025,1425,900,750,1160,1125,2023
499,The Women University MultanPakistan,,6385,1175,1375,750,550,1160,1375,2023
500,Università degli Studi Roma TreItaly,,6380,810,1060,1350,560,1250,1350,2023
501,Amman Arab UniversityJordan,,6375,850,1600,900,700,975,1350,2023
502,University of OkaraPakistan,,6375,1325,1450,900,650,1075,975,2023
503,Samarkand Institute of Economics and ServiceUzbekistan,,6375,800,1125,1200,800,1350,1100,2023
504,Universidad SurcolombianaColombia,,6370,825,1085,1350,600,1410,1100,2023
505,Iscte - Instituto Universitário de LisboaPortugal,,6360,600,1285,1425,400,1300,1350,2023
506,Universitas RiauIndonesia,,6360,1175,1125,975,750,1010,1325,2023
507,Al Istiqlal UniversityPalestine,,6355,1155,1050,900,800,1125,1325,2023
508,University of OradeaRomania,,6350,825,1350,1050,750,1150,1225,2023
509,Igdir UniversitesiTurkiye,,6350,775,1290,1050,600,1185,1450,2023
510,University of MosulIraq,,6350,1175,1225,900,650,1275,1125,2023
511,"George Emil Palade University of Medicine, Pharmacy, Science, and Technology of Targu MuresRomania",,6340,960,1560,1200,210,1285,1125,2023
512,Lviv Polytechnic National UniversityUkraine,,6340,615,1200,1275,450,1450,1350,2023
513,Universitas TerbukaIndonesia,,6340,905,1160,1050,450,1175,1600,2023
514,Süleyman Demirel UniversityTurkiye,,6335,1000,1350,1650,310,1125,900,2023
515,Universidade Federal De Sao CarlosBrazil,,6335,835,1165,1200,510,1125,1500,2023
516,Integral UniversityIndia,,6330,855,1075,1275,800,1225,1100,2023
517,Hakim Sabzevari UniversityIran,,6330,1005,925,1125,750,1275,1250,2023
518,Universidad De Castilla La ManchaSpain,,6325,900,1475,1200,550,1000,1200,2023
519,Islamic University of GazaPalestine,,6325,900,1375,975,650,1175,1250,2023
520,Management and Science UniversityMalaysia,,6325,975,1150,975,550,1225,1450,2023
521,Yessenov UniversityKazakhstan,,6315,890,1675,525,550,925,1750,2023
522,University of 17 Agustus 1945 SurabayaIndonesia,,6315,755,1410,1200,600,950,1400,2023
523,Politeknik Sultan Idris ShahMalaysia,,6310,935,1300,900,700,1250,1225,2023
524,King Khalid UniversitySaudi%20Arabia,,6310,1175,1135,675,600,1375,1350,2023
525,Universidad La Gran ColombiaColombia,,6310,1000,950,1500,500,1310,1050,2023
526,Northern Technical UniversityIraq,,6300,1150,1300,675,450,1150,1575,2023
527,Indian Institute of Management IndoreIndia,,6300,1075,1300,1350,800,1075,700,2023
528,The Hang Seng University of Hong KongHong%20Kong,,6295,625,1360,1500,550,1010,1250,2023
529,POLITEKNIK PORT DICKSONMalaysia,,6295,800,1210,1425,800,1010,1050,2023
530,University of Sri JayewardenepuraSri%20Lanka,,6290,825,1515,975,500,1175,1300,2023
531,Rajamangala University of Technology RattanakosinThailand,,6290,680,910,1200,850,1100,1550,2023
532,Atilim UniversityTurkiye,,6285,685,1225,1425,700,1010,1240,2023
533,Edge Hill UniversityUnited%20Kingdom,,6280,935,1550,1350,400,1360,685,2023
534,Bukidnon State UniversityPhilippines,,6275,1000,1400,1200,500,1100,1075,2023
535,NED University of Engineering & TechnologyPakistan,,6275,950,1100,1050,550,1350,1275,2023
536,Universitas AndalasIndonesia,,6270,1075,985,1425,550,860,1375,2023
537,Samarkand State Institute of Foreign LanguagesUzbekistan,,6265,615,1650,450,650,1525,1375,2023
538,President UniversityIndonesia,,6265,670,945,1275,700,1250,1425,2023
539,University of MazandaranIran,,6255,910,1235,1050,800,1185,1075,2023
540,Azarbaijan Shahid Madani UniversityIran,,6255,860,1060,1050,750,1035,1500,2023
541,National Skills University IslamabadPakistan,,6250,830,1385,1125,550,910,1450,2023
542,University of BengkuluIndonesia,,6250,730,1360,1200,600,960,1400,2023
543,Universitas Katolik ParahyanganIndonesia,,6250,825,1300,1200,700,975,1250,2023
544,Universita degli Studi di ParmaItaly,,6250,760,1290,1275,400,1300,1225,2023
545,Ming Chi University of TechnologyChinese%20Taipei,,6250,1350,950,1200,650,1100,1000,2023
546,Can Tho University of Medicine and PharmacyVietnam,,6240,1100,1115,1125,750,900,1250,2023
547,Mykolas Romeris UniversityLithuania,,6230,630,1200,1200,750,1150,1300,2023
548,Tashkent State Technical Universitiy Named After Islam KarimovUzbekistan,,6225,875,1475,900,600,1325,1050,2023
549,Bilkent UniversityTurkiye,,6225,1225,700,1275,400,1275,1350,2023
550,Universitas Pendidikan IndonesiaIndonesia,,6220,860,1175,975,700,885,1625,2023
551,Burapha UniversityThailand,,6215,800,1015,1200,700,1200,1300,2023
552,Universidade Federal Do CearaBrazil,,6215,1000,955,1575,460,1025,1200,2023
553,Politécnico de LisboaPortugal,,6210,550,1235,1575,500,1175,1175,2023
554,Damietta UniversityEgypt,,6210,925,1225,1125,750,935,1250,2023
555,POLITEKNIK JELI KELANTANMalaysia,,6210,1250,785,900,850,1450,975,2023
556,2iE International Institute for Water and Environmental EngineeringBurkina%20Faso,,6205,805,665,1425,700,1010,1600,2023
557,Kto Karatay UniversityTurkiye,,6200,1050,1200,1350,750,1275,575,2023
558,Avantika UniversityIndia,,6200,1015,1050,1125,700,1300,1010,2023
559,Universidade Federal FluminenseBrazil,,6195,810,1150,900,360,1375,1600,2023
560,Centro Federal de Educação Tecnológica Celso Suckow da Fonseca - CEFET/RJBrazil,,6195,610,1135,1275,650,1150,1375,2023
561,University of Arkansas at Little RockUSA,,6195,950,885,1500,1000,1050,810,2023
562,Islamic university of LebanonLebanon,,6175,1050,1250,900,650,1075,1250,2023
563,The Catholic University of AmericaUSA,,6165,945,1110,1275,700,1225,910,2023
564,Nile UniversityEgypt,,6155,760,1160,1200,450,1060,1525,2023
565,Universiti Sains Islam MalaysiaMalaysia,,6155,895,1085,1050,550,1325,1250,2023
566,Nakhon Pathom Rajabhat UniversityThailand,,6150,855,1210,1500,600,1085,900,2023
567,Universitas Katolik Indonesia Atma JayaIndonesia,,6150,950,1125,825,700,1200,1350,2023
568,Hatyai UniversityThailand,,6150,1075,950,975,750,1050,1350,2023
569,"KOLEJ KOMUNITI SELANDAR, KEMENTERIAN PENDIDIKAN TINGGIMalaysia",,6145,825,1075,1200,700,960,1385,2023
570,Atyrau University named after Khalel DosmukhamedovKazakhstan,,6125,925,1350,600,700,1175,1375,2023
571,Bhagat Phool Singh Mahila VishwavidyalayaIndia,,6125,1075,1250,975,550,1450,825,2023
572,Karamanoğlu Mehmetbey ÜniversityTurkiye,,6125,1050,1175,1350,500,1075,975,2023
573,Rostov State Trasport UniversityRussia,,6110,725,1325,1050,600,1385,1025,2023
574,Artvin Çoruh UniversityTurkiye,,6110,1275,1060,1275,350,985,1165,2023
575,Zonguldak Bulent Ecevit UniversityTurkiye,,6110,1050,1060,975,700,1025,1300,2023
576,West Visayas State UniversityPhilippines,,6105,1045,975,1050,600,1310,1125,2023
577,Universitas Muhammadiyah Prof Dr HamkaIndonesia,,6095,885,1285,825,500,1350,1250,2023
578,Universidad Manuela BeltranColombia,,6095,1150,910,1500,500,760,1275,2023
579,Government College Women University SialkotPakistan,,6090,1005,1275,900,600,1110,1200,2023
580,Government College Women University Faisalabad PakistanPakistan,,6085,900,1475,750,650,1185,1125,2023
581,Al-zahrawi University CollegeIraq,,6085,950,1375,1125,700,985,950,2023
582,Universidad Científica Del SurPeru,,6085,835,1325,825,500,1150,1450,2023
583,University of PannoniaHungary,,6075,675,1375,975,450,1050,1550,2023
584,Irkutsk State Agrarian University named after A.A. EzhevskyRussia,,6060,1050,1125,750,550,1135,1450,2023
585,Universidad San Francisco de QuitoEcuador,,6055,610,1185,1275,400,960,1625,2023
586,University of HormozganIran,,6055,1060,760,1050,750,1010,1425,2023
587,Stavropol State Agrarian UniversityRussia,,6050,1060,990,825,550,1025,1600,2023
588,Universidad Nacional Del LitoralArgentina,,6045,1085,1150,825,260,1300,1425,2023
589,Kyrgyz Turkish Manas UniversityKyrgyzstan,,6040,1065,750,1125,350,1325,1425,2023
590,Sndt Women's UniversityIndia,,6035,875,1600,1200,500,1010,850,2023
591,Universitas Kristen Krida WacanaIndonesia,,6035,735,1350,825,700,1275,1150,2023
592,Universitas TrisaktiIndonesia,,6035,1100,1350,825,550,1010,1200,2023
593,Estonian University of Life SciencesEstonia,,6035,790,660,1650,360,925,1650,2023
594,Izmir Bakircay UniversityTurkiye,,6020,785,1450,975,550,835,1425,2023
595,Universidad de ZaragozaSpain,,6020,570,1200,1200,400,1225,1425,2023
596,Universitas Negeri ManadoIndonesia,,6015,1205,1075,825,600,860,1450,2023
597,Yagshygeldi Kakayev International Oil and Gas UniversityTurkmenistan,,6015,955,1010,825,650,1500,1075,2023
598,Zanjan University of Medical Sciences and Health ServicesIran,,6005,730,1450,1050,800,1250,725,2023
599,Euromed University of FesMorocco,,6005,955,1200,1050,600,1050,1150,2023
600,Kakatiya UniversityIndia,,6005,1005,975,1050,600,1200,1175,2023
601,Bansomdejchaopraya Rajabhat UniversityThailand,,6000,715,1260,750,400,1375,1500,2023
602,Universitas Pelita HarapanIndonesia,,5995,760,1210,975,650,1075,1325,2023
603,Universidade Federal Da Paraíba - UFPBBrazil,,5995,860,1000,1350,650,900,1235,2023
604,Financial University under the Government of the Russian FederationRussia,,5995,740,910,1350,160,1285,1550,2023
605,Universitas Negeri PadangIndonesia,,5990,620,1360,975,350,1085,1600,2023
606,Bayburt UniversityTurkiye,,5990,890,1215,900,550,1160,1275,2023
607,Arab American UniversityPalestine,,5985,950,1375,450,600,1010,1600,2023
608,Institute for Art & CulturePakistan,,5985,1150,1260,1050,650,700,1175,2023
609,Universidad de Vina Del MarChile,,5985,810,1165,975,750,885,1400,2023
610,Moscow State Linguistic UniversityRussia,,5980,485,1335,1350,450,1160,1200,2023
611,Universitas Bangka BelitungIndonesia,,5975,925,1265,975,410,1025,1375,2023
612,Assiut UniversityEgypt,,5975,750,1140,1125,500,935,1525,2023
613,Institut Teknologi Nasional BandungIndonesia,,5970,735,1250,825,450,1135,1575,2023
614,Minhaj University LahorePakistan,,5950,905,1160,825,800,1160,1100,2023
615,Omsk State Agrarian UniversityRussia,,5940,990,775,1200,300,1150,1525,2023
616,Bukhara State UniversityUzbekistan,,5935,1110,1450,525,350,1225,1275,2023
617,Tashkent State Transport UniversityUzbekistan,,5935,720,1300,675,600,1450,1190,2023
618,Songkhla Rajabhat UniversityThailand,,5930,880,775,1050,750,1425,1050,2023
619,SR UniversityIndia,,5925,1075,1225,900,650,1125,950,2023
620,Institute Polytechnic Of PortoPortugal,,5920,660,1160,1575,500,850,1175,2023
621,Universitas JemberIndonesia,,5910,950,1160,825,500,1150,1325,2023
622,Universidad de San Buenaventura CaliColombia,,5910,960,925,1200,800,1100,925,2023
623,Samara State Technical UniversityRussia,,5905,745,900,900,450,1160,1750,2023
624,University of Al-AmeedIraq,,5900,775,1400,900,700,1050,1075,2023
625,KOLEJ KOMUNITI JERANTUTMalaysia,,5900,830,1060,975,550,1225,1260,2023
626,Ubon Ratchathani Rajabhat UniversityThailand,,5900,950,1000,900,500,1200,1350,2023
627,Universidade do Vale do Itajai UNIVALIBrazil,,5900,1075,750,1275,600,975,1225,2023
628,Universitas Ciputra SurabayaIndonesia,,5895,645,1150,1200,500,950,1450,2023
629,Universidad Autonoma De San Luis PotosiMexico,,5895,620,1025,1050,550,1250,1400,2023
630,Nakhon Si Thammarat Rajabhat UniversityThailand,,5885,1050,935,750,600,1125,1425,2023
631,FURG - Universidade Federal do Rio GrandeBrazil,,5885,990,635,1500,600,885,1275,2023
632,Eskisehir Technical UniversityTurkiye,,5875,890,585,1575,600,875,1350,2023
633,Universidad de PamplonaColombia,,5870,1110,1350,1125,450,1085,750,2023
634,KOLEJ KOMUNITI JASIN (KKJS)Malaysia,,5870,775,1210,1350,450,1075,1010,2023
635,Universidade Federal de Santa Catarina (UFSC)Brazil,,5865,1015,765,1725,350,860,1150,2023
636,National University of Science And TechnologyIraq,,5860,685,1275,1050,650,1075,1125,2023
637,Hawassa UniversityEthiopia,,5855,905,1100,450,550,1400,1450,2023
638,University of WahPakistan,,5855,480,850,1275,650,1175,1425,2023
639,Kazakh National Agrarian Research University (KazNARU)Kazakhstan,,5850,725,1250,900,550,1025,1400,2023
640,Karunya Institute of Technology and SciencesIndia,,5830,1105,925,825,600,950,1425,2023
641,Universitat de Vic - Universitat Central de CatalunyaSpain,,5825,595,1460,1500,310,1110,850,2023
642,Universidad Pontificia ComillasSpain,,5825,915,1275,1200,550,710,1175,2023
643,"University of Engineering and Technology, TaxilaPakistan",,5805,980,1025,750,350,1400,1300,2023
644,Universitat de ValenciaSpain,,5800,505,1225,1425,510,1000,1135,2023
645,Franklin University SwitzerlandSwitzerland,,5785,785,1650,900,350,750,1350,2023
646,Al Aqsa UniversityPalestine,,5785,785,1350,675,650,1375,950,2023
647,Peruvian University Cayetano HerediaPeru,,5785,815,1285,1275,300,885,1225,2023
648,Universita degli Studi del Piemonte OrientaleItaly,,5785,785,1175,900,550,1025,1350,2023
649,"MANGALAYATAN UNIVERSITY, ALIGARHIndia",,5765,1075,1250,750,800,1200,690,2023
650,Western Caspian UniversityAzerbaijan,,5760,485,1450,900,550,1100,1275,2023
651,Open University of Sri LankaSri%20Lanka,,5760,600,1050,900,350,1210,1650,2023
652,Universita IUAV di VeneziaItaly,,5755,695,1450,900,650,660,1400,2023
653,Rajabhat Institute ChandrakasemThailand,,5750,755,1185,1350,260,1150,1050,2023
654,South Eastern University of Sri LankaSri%20Lanka,,5750,900,975,750,550,1325,1250,2023
655,Universidad Iberoamericana LeónMexico,,5745,955,1365,750,450,1125,1100,2023
656,Xavier University Ateneo De CagayanPhilippines,,5740,855,1225,975,650,935,1100,2023
657,Universidad Autonoma De TamaulipasMexico,,5740,945,1050,750,360,1135,1500,2023
658,Saint Louis UniversityPhilippines,,5735,725,1400,750,700,1035,1125,2023
659,Universidad Autónoma Del Estado De HidalgoMexico,,5735,725,1125,1050,310,1050,1475,2023
660,Birzeit UniversityPalestine,,5710,850,1450,900,450,885,1175,2023
661,Universidad Nacional Abierta y a Distancia ColombiaColombia,,5705,845,1375,825,550,960,1150,2023
662,Universidad del MagdalenaColombia,,5700,950,1125,675,600,950,1400,2023
663,University of Thi-qarIraq,,5700,950,1050,825,700,1350,825,2023
664,Western Kentucky UniversityUSA,,5695,725,1085,1200,600,835,1250,2023
665,University of KurdistanIran,,5690,905,1300,600,500,1085,1300,2023
666,Escuela Superior Politecnica de ChimborazoEcuador,,5690,890,825,1275,400,1175,1125,2023
667,Universidad Tecnologica de BolivarColombia,,5685,850,960,900,550,1050,1375,2023
668,SMBT College of PharmacyIndia,,5675,825,1200,1200,450,1175,825,2023
669,Petrozavodsk State UniversityRussia,,5675,900,1125,825,350,1325,1150,2023
670,University of GdanskPoland,,5670,810,1035,1050,600,625,1550,2023
671,Universidad HemisferiosEcuador,,5670,1300,725,900,410,985,1350,2023
672,Kohat University of Science & TechnologyPakistan,,5660,1005,1285,675,510,985,1200,2023
673,University Oil Gas PloiestiRomania,,5655,680,1200,900,600,1100,1175,2023
674,Istanbul Gelisim UniversityTurkiye,,5635,690,1425,975,350,1010,1185,2023
675,Universitas PattimuraIndonesia,,5625,975,1250,750,650,1075,925,2023
676,Usak UniversityTurkiye,,5625,740,1010,900,500,1325,1150,2023
677,Domus AcademyItaly,,5620,560,1150,825,410,1600,1075,2023
678,Bolu Abant Izzet Baysal University (BAIBU)Turkiye,,5605,930,550,1500,550,935,1140,2023
679,University of KirkukIraq,,5600,650,1200,675,550,1375,1150,2023
680,Lunghwa University of Science and TechnologyChinese%20Taipei,,5595,875,1385,1125,560,750,900,2023
681,Universite De SousseTunisia,,5595,810,1150,675,610,1000,1350,2023
682,Akdeniz UniversityTurkiye,,5585,1150,575,1200,310,1250,1100,2023
683,Palestine Ahliya UniversityPalestine,,5575,875,900,525,700,1500,1075,2023
684,Bulacan State UniversityPhilippines,,5570,760,1325,975,360,925,1225,2023
685,Universiy of KufaIraq,,5570,770,1250,975,500,1075,1000,2023
686,Bahria UniversityPakistan,,5565,485,770,1275,400,885,1750,2023
687,Universitas BakrieIndonesia,,5560,725,935,975,700,1025,1200,2023
688,Namangan Engineering-Construction InstituteUzbekistan,,5545,1000,835,675,310,1150,1575,2023
689,Fatima Jinnah Medical UniversityPakistan,,5540,860,1160,975,160,785,1600,2023
690,Politeknik Banting Selangor (PBS)Malaysia,,5540,755,900,825,700,1260,1100,2023
691,Benazir Bhutto Shaheed University of Technology & Skill DevelopmentPakistan,,5535,850,1150,750,460,1325,1000,2023
692,Istanbul Medeniyet UniversityTurkiye,,5525,495,985,1575,10,985,1475,2023
694,Voronezh State University of Forestry and Technologies named after G.F. MorozovRussia,,5495,890,1085,900,260,1185,1175,2023
695,Universitas SamudraIndonesia,,5495,1000,1010,900,450,710,1425,2023
696,University of Milano-BicoccaItaly,,5495,685,835,900,600,1050,1425,2023
697,Tyumen Industrial UniversityRussia,,5490,520,960,900,500,1110,1500,2023
698,Politeknik Negeri MalangIndonesia,,5480,670,1100,825,500,960,1425,2023
699,Persian Gulf UniversityIran,,5480,910,835,1050,600,1060,1025,2023
700,Madenat Alelem University CollegeIraq,,5475,855,1085,1050,550,1160,775,2023
701,"University of Sargodha, SargodhaPakistan",,5475,1000,850,675,400,1150,1400,2023
702,TIIAME National Research UniversityUzbekistan,,5475,450,725,750,700,1325,1525,2023
703,Universidad Autónoma de QuerétaroMexico,,5470,935,1075,675,460,1125,1200,2023
704,University of GujratPakistan,,5465,925,970,975,410,985,1200,2023
705,OST - Ostschweizer FachhochschuleSwitzerland,,5460,550,1175,1575,550,935,675,2023
706,Universitas JambiIndonesia,,5445,760,950,675,550,810,1700,2023
707,Orel State University named after I.S.TurgenevRussia,,5445,860,860,525,700,1275,1225,2023
708,Babol Noshirvani University of TechnologyIran,,5440,685,1360,1200,460,685,1050,2023
709,Universidad Catolica De CordobaArgentina,,5435,1125,1175,1125,150,985,875,2023
710,Institut Bio Scientia Internasional IndonesiaIndonesia,,5435,590,1110,975,900,935,925,2023
711,Universitaria AgustinianaColombia,,5430,730,1425,1350,700,300,925,2023
712,Ateneo de Davao UniversityPhilippines,,5430,535,1325,825,410,1060,1275,2023
713,Palestine Polytechnic UniversityPalestine,,5425,725,1500,750,350,925,1175,2023
714,National Dong Hwa UniversityChinese%20Taipei,,5425,1150,675,1050,400,900,1250,2023
715,Arak University of TechnologyIran,,5420,595,1550,675,400,1325,875,2023
716,Roi Et Rajabhat UniversityThailand,,5415,880,875,975,750,1185,750,2023
717,Ağrı İbrahim Çeçen ÜniversitesiTurkiye,,5410,985,990,675,460,1175,1125,2023
718,Air University IslamabadPakistan,,5400,775,1225,975,450,975,1000,2023
719,Al-Zahraa University for WomenIraq,,5385,775,960,750,700,1000,1200,2023
720,Bukhara Engineering -Technological InstituteUzbekistan,,5375,805,1450,525,800,960,835,2023
721,Bataan Peninsula State UniversityPhilippines,,5370,595,1225,825,350,1250,1125,2023
722,University of JendoubaTunisia,,5370,925,960,1125,400,760,1200,2023
723,Technical University Of Cluj NapocaRomania,,5365,830,1225,600,400,1085,1225,2023
724,Platov South-Russian State Polytechnic University (NPI)Russia,,5355,645,1250,1050,400,885,1125,2023
725,Badr University in CairoEgypt,,5355,1005,1065,750,500,935,1100,2023
726,University Lucian Blaga of SibiuRomania,,5355,985,810,750,550,1010,1250,2023
727,The Institute of Engineering-technical and transport communications of TurkmenistanTurkmenistan,,5355,1030,375,975,300,1525,1150,2023
728,Universitas Pembangunan Nasional Veteran YogyakartaIndonesia,,5345,975,1285,825,400,710,1150,2023
729,University for Business and Technology (UBT)Kosovo,,5340,605,1585,450,250,1325,1125,2023
730,Narxoz UniversityKazakhstan,,5335,850,1010,975,200,1100,1200,2023
731,Bezmialem Vakıf UniversityTurkiye,,5335,900,725,900,210,1475,1125,2023
732,Mazaya University CollegeIraq,,5330,760,1045,750,550,1250,975,2023
733,Universidade Federal Do Rio De JaneiroBrazil,,5330,720,625,900,600,1135,1350,2023
734,The Maria Grzegorzewska UniversityPoland,,5325,565,935,975,800,575,1475,2023
735,Universitaria NavarraColombia,,5325,890,885,1050,300,1250,950,2023
736,Ahvaz Jundishapur University of Medical SciencesIran,,5315,905,750,1050,360,1175,1075,2023
737,North-Eastern Federal UniversityRussia,,5310,865,810,1200,250,410,1775,2023
738,Fergana State UniversityUzbekistan,,5300,530,1250,1125,210,910,1275,2023
739,Federal University of AlfenasBrazil,,5300,885,965,825,600,950,1075,2023
740,Universidad de AméricaColombia,,5285,735,875,1275,550,1200,650,2023
741,Mindanao State University Iligan Institute of TechnologyPhilippines,,5275,715,1350,675,210,1100,1225,2023
742,Ulyanovsk State Technical UniversityRussia,,5275,1030,860,750,160,1225,1250,2023
743,Istanbul Atlas UniversityTurkiye,,5260,530,1135,1200,460,1185,750,2023
744,Hilla University CollegeIraq,,5260,830,970,900,650,810,1100,2023
745,Tambov State Technical UniversityRussia,,5260,885,700,1125,250,625,1675,2023
746,Sivas Cumhuriyet UniversityTurkiye,,5260,875,525,975,400,785,1700,2023
747,Cag UniversityTurkiye,,5255,895,550,975,400,960,1475,2023
748,University of Management and TechnologyPakistan,,5240,885,1235,675,310,635,1500,2023
749,Technical University of KošiceSlovakia,,5240,740,1200,600,550,725,1425,2023
750,Corvinus University of BudapestHungary,,5240,595,885,1125,260,1325,1050,2023
751,Alamein International UniversityEgypt,,5235,715,1035,975,500,1110,900,2023
752,State University of Land Use PlanningRussia,,5235,715,985,750,350,1110,1325,2023
753,CENTROMexico,,5230,635,1035,1125,600,810,1025,2023
754,Universitas TarumanagaraIndonesia,,5215,930,825,1200,450,735,1075,2023
755,University of Technology- IraqIraq,,5210,735,1350,750,500,1100,775,2023
756,Al-Azhar UniversityEgypt,,5205,740,1190,600,250,1100,1325,2023
757,Robert Gordon UniversityUnited%20Kingdom,,5180,665,1235,1425,160,1060,635,2023
758,"Cardinal Stefan Wyszynski University in Warsaw, PolandPoland",,5175,740,1175,750,360,850,1300,2023
759,Bharathiar UniversityIndia,,5165,930,1000,600,410,1100,1125,2023
760,Fergana Medical Institute of Public HealthUzbekistan,,5155,605,1100,825,500,1050,1075,2023
761,Lagos State UniversityNigeria,,5155,745,1035,525,450,1125,1275,2023
762,Universidade Estadual do Norte do Paraná - UENPBrazil,,5145,1040,625,1425,260,885,910,2023
763,Pascual Bravo UniversityColombia,,5135,835,1350,975,410,900,665,2023
764,Women University MardanPakistan,,5135,825,1125,675,650,1085,775,2023
765,University of Sadat CityEgypt,,5130,535,885,900,650,885,1275,2023
766,Al-Karkh University of ScienceIraq,,5125,1025,1015,825,450,810,1000,2023
767,Universidad San Ignacio de LoyolaPeru,,5120,570,1165,750,210,1025,1400,2023
768,Manisa Celal Bayar UniversityTurkiye,,5120,750,1035,975,450,1085,825,2023
769,Institute of Business ManagementPakistan,,5100,430,1110,600,610,1350,1000,2023
770,Cihan University SulaimaniyaIraq,,5090,900,1215,600,500,925,950,2023
771,Kadir Has UniversityTurkiye,,5080,840,750,900,300,1225,1065,2023
772,Państwowa Akademia Nauk Stosowanych w NysiePoland,,5065,440,1090,1200,210,900,1225,2023
773,Universidad Tecnológica de PanamáPanama,,5065,670,860,900,400,710,1525,2023
774,Kyiv National University of Technologies and DesignUkraine,,5060,715,1135,750,300,860,1300,2023
775,University of Warmia and Mazury in OlsztynPoland,,5060,1015,510,1200,500,735,1100,2023
776,Instituto Tecnologico de DurangoMexico,,5055,545,1100,1575,260,800,775,2023
777,Voronezh State Technical UniversityRussia,,5050,615,875,975,450,910,1225,2023
778,The Institute of Telecommunications and Informatics of TurkmenistanTurkmenistan,,5045,830,1015,900,500,975,825,2023
779,Manila Central UniversityPhilippines,,5040,880,925,1050,800,910,475,2023
780,Universitas Islam Sultan AgungIndonesia,,5040,855,535,975,500,1000,1175,2023
781,West Ukrainian National UniversityUkraine,,5035,815,1135,375,360,1125,1225,2023
782,Universidad Andres BelloChile,,5030,585,885,975,110,1000,1475,2023
783,International Sakharov Environmental Institute of Belarusian State UniversityBelarus,,5025,690,900,600,110,1375,1350,2023
784,Urmia UniversityIran,,5015,930,1050,675,460,975,925,2023
785,Budapest Business UniversityHungary,,5005,470,1250,1125,310,625,1225,2023
786,Don State Technical UniversityRussia,,5005,860,1060,450,260,1275,1100,2023
787,Meybod UniversityIran,,5005,885,1000,1050,410,835,825,2023
788,POLITEKNIK KUCHING SARAWAKMalaysia,,5005,910,775,900,410,1160,850,2023
789,Universitas Islam Negeri SalatigaIndonesia,,4995,825,1145,825,450,1135,615,2023
790,Namangan State UniversityUzbekistan,,4990,1080,1150,0,600,510,1650,2023
791,Atma Jaya Yogyakarta UniversityIndonesia,,4985,645,995,900,510,810,1125,2023
792,University of TehranIran,,4985,735,800,825,550,1150,925,2023
793,POLITEKNIK TUANKU SULTANAH BAHIYAHMalaysia,,4980,785,1000,900,660,585,1050,2023
794,Al-Esraa UniversityIraq,,4975,480,1160,750,550,935,1100,2023
795,Shahid Bahonar University of KermanIran,,4965,770,875,675,460,1300,885,2023
796,Universidad Nacional Agraria La MolinaPeru,,4965,785,835,975,110,1200,1060,2023
797,Al-Farahidi UniversityIraq,,4960,735,1150,675,500,1175,725,2023
798,Panpacific UniversityPhilippines,,4945,725,1350,1050,60,785,975,2023
799,Technical and Vocational UniversityIran,,4935,315,1400,750,360,810,1300,2023
800,Universitas SurabayaIndonesia,,4935,1060,600,900,450,900,1025,2023
801,Universidad Centroamericana Jose Simeon CanasEl%20Salvador,,4930,880,1165,750,600,560,975,2023
802,Universidad Bernardo O'HigginsChile,,4930,795,1160,375,450,750,1400,2023
803,Universidade Federal do Oeste do Pará - UfopaBrazil,,4930,890,1015,525,300,925,1275,2023
804,University of MariborSlovenia,,4920,670,1075,750,350,950,1125,2023
805,Colegio de Estudios Superiores de Administracion CESAColombia,,4915,520,1210,450,410,1250,1075,2023
806,TOBB University of Economy and TechnologyTurkiye,,4905,935,610,1050,510,900,900,2023
807,Central Philippines State University  (CPSU)Philippines,,4895,1250,1025,750,160,635,1075,2023
808,Universitas TanjungpuraIndonesia,,4885,590,925,675,710,760,1225,2023
809,Universitas Lancang KuningIndonesia,,4880,780,1100,900,500,750,850,2023
810,Institut Ilmu Kesehatan Bhakti Wiyata KediriIndonesia,,4875,650,1200,975,350,750,950,2023
811,Al-Bayan UniversityIraq,,4870,660,1000,525,550,860,1275,2023
812,Shakarim University of SemeyKazakhstan,,4870,765,960,675,460,735,1275,2023
813,Azerbaijan University of Architecture and ConstructionAzerbaijan,,4870,535,860,900,700,1050,825,2023
814,Al-Hadba University CollegeIraq,,4870,520,765,825,310,1300,1150,2023
815,Middle Technical UniversityIraq,,4865,940,1100,600,310,1275,640,2023
816,Al-Turath UniversityIraq,,4865,470,985,600,550,1300,960,2023
817,Mansoura UniversityEgypt,,4865,505,835,600,650,1175,1100,2023
818,Silesian University of TechnologyPoland,,4845,570,765,900,160,950,1500,2023
819,Istanbul Kültür UniversityTurkiye,,4840,595,1010,1275,310,1085,565,2023
820,King Saud bin Abdulaziz University for Health SciencesSaudi%20Arabia,,4840,905,660,375,750,975,1175,2023
821,"The University of Agriculture, Peshawar - PakistanPakistan",,4825,1015,1125,525,210,1200,750,2023
822,Abai Kazakh National Pedagogical UniversityKazakhstan,,4820,835,625,600,260,1150,1350,2023
823,Yala Rajabhat UniversityThailand,,4815,620,1010,675,800,960,750,2023
824,UNIVERCITY COLLEGE OF YAYASAN PAHANGMalaysia,,4815,700,815,975,750,1000,575,2023
825,Marmara UniversityTurkiye,,4810,865,960,825,110,1135,915,2023
826,Ilam universityIran,,4810,785,950,525,550,1075,925,2023
827,Universidade Federal do AcreBrazil,,4800,775,940,675,500,825,1085,2023
828,Pakistan Institute of Engineering and Applied Sciences (PIEAS)Pakistan,,4785,940,760,450,450,1085,1100,2023
829,Ankara UniversityTurkiye,,4785,1200,585,525,350,1000,1125,2023
830,Universidad Autónoma De CoahuilaMexico,,4770,675,1050,450,210,885,1500,2023
831,Saratov State UniversityRussia,,4770,645,775,750,200,1125,1275,2023
832,Payame Noor UniversityIran,,4765,645,885,750,800,1085,600,2023
833,Imam Mohammad Ibn Saud Islamic UniversitySaudi%20Arabia,,4750,530,550,975,310,1085,1300,2023
834,Universidad Politécnica de Santa Rosa JáureguiMexico,,4745,810,675,750,600,760,1150,2023
835,Fatima Jinnah Women UniversityPakistan,,4740,1005,935,150,300,900,1450,2023
836,Muban Chombueng Rajabhat UniversityThailand,,4740,660,820,675,160,1050,1375,2023
837,Universidad Católica De OrienteColombia,,4730,735,1175,975,450,810,585,2023
838,Abylkas Saginov Karaganda Technical UniversityKazakhstan,,4730,635,1125,375,310,1085,1200,2023
839,University of DiyalaIraq,,4730,595,1025,825,600,810,875,2023
840,National Taipei University of EducationChinese%20Taipei,,4725,635,1175,1200,400,875,440,2023
841,Kolej Komuniti SelayangMalaysia,,4725,655,985,600,210,1200,1075,2023
842,Al Taff University CollegeIraq,,4715,1055,810,675,550,850,775,2023
843,Universitas DinamikaIndonesia,,4715,810,760,975,460,1200,510,2023
844,University Of Medicine And Pharmacy Grigore T PopaRomania,,4710,340,1135,900,450,635,1250,2023
845,Tomas Bata UniversityCzech%20Republic,,4700,590,585,1200,550,700,1075,2023
846,BINUS UniversityIndonesia,,4685,715,470,900,700,1000,900,2023
847,Universidade Federal do Vale do São Francisco UNIVASFBrazil,,4680,650,925,750,260,785,1310,2023
848,Central Bicol State University of AgriculturePhilippines,,4670,810,1250,900,250,710,750,2023
849,University of Sindh JamshoroPakistan,,4670,800,1010,600,450,910,900,2023
850,Tekirdağ Namik Kemal UniversityTurkiye,,4665,810,810,900,160,1035,950,2023
851,Yanka Kupala State University of GrodnoBelarus,,4665,540,700,1350,200,775,1100,2023
852,Gebze Techinal UniversityTurkiye,,4650,985,700,675,350,1075,865,2023
853,Institut Teknologi Telkom SurabayaIndonesia,,4640,805,1150,450,460,800,975,2023
854,Ninevah UniversityIraq,,4635,660,1150,600,450,1160,615,2023
855,Arish UniversityEgypt,,4620,1075,1035,450,400,660,1000,2023
856,Universidade Federal de Sao PauloBrazil,,4610,505,560,1575,350,660,960,2023
857,Universidad Popular De La ChontalpaMexico,,4605,735,1175,975,450,410,860,2023
858,Universidade LusofonaPortugal,,4595,350,925,1050,260,610,1400,2023
859,Universidad Nacional de San Martin ArgentinaArgentina,,4595,660,860,600,250,1175,1050,2023
860,Al-Rafidain University CollogeIraq,,4590,330,975,600,900,910,875,2023
861,Universitas Pembangunan Nasional Veteran JakartaIndonesia,,4585,855,985,525,210,860,1150,2023
862,Sh. Ualikhanov Kokshetau UniversityKazakhstan,,4585,835,940,750,350,785,925,2023
863,Adiyaman UniversityTurkiye,,4580,835,775,975,210,760,1025,2023
864,Uzhhorod National UniversityUkraine,,4570,745,900,525,210,925,1265,2023
865,University of EducationPakistan,,4570,935,900,450,400,635,1250,2023
866,Gulf UniversityBahrain,,4565,830,1175,525,250,510,1275,2023
867,Indian Institute of Management BangaloreIndia,,4565,765,690,750,800,925,635,2023
868,Karadeniz Technical UniversityTurkiye,,4555,800,835,825,450,960,685,2023
869,"Laucala Campus, University of the South PacificFiji",,4555,825,800,750,360,1035,785,2023
870,Eszterhazy Karoly Catholic UniversityHungary,,4550,725,890,675,350,860,1050,2023
871,Egyptian Russian UniversityEgypt,,4545,685,985,900,550,700,725,2023
872,Karabuk UniversityTurkiye,,4545,910,890,1650,110,660,325,2023
873,Al-Maarif University CollegeIraq,,4535,625,1225,600,500,485,1100,2023
874,Russian-Armenian UniversityArmenia,,4535,760,775,375,350,950,1325,2023
875,Shaheed Benazir Bhutto Women University Peshawar PakistanPakistan,,4525,715,1025,450,200,1235,900,2023
876,Imam Ja'afar Al-Sadiq UniversityIraq,,4510,775,1000,600,500,810,825,2023
877,TERMEZ STATE UNIVERSITYUzbekistan,,4495,710,670,600,700,875,940,2023
878,Menoufia UniversityEgypt,,4475,730,810,375,650,410,1500,2023
879,Dow University of Health Sciences KarachiPakistan,,4475,580,775,675,500,1085,860,2023
880,Bahcesehir UniversityTurkiye,,4475,720,660,675,310,1135,975,2023
881,Rajamangala University Of Technology Phra NakhonThailand,,4465,730,940,375,210,1160,1050,2023
882,University of BalochistanPakistan,,4460,565,1060,750,360,1000,725,2023
883,Universitas Internasional BatamIndonesia,,4440,535,1010,825,310,585,1175,2023
884,Ashur UniversityIraq,,4440,580,900,825,450,1050,635,2023
885,Anadolu UniversityTurkiye,,4430,820,845,1275,350,625,515,2023
886,OSTIM Technical UniversityTurkiye,,4425,545,1675,600,260,735,610,2023
887,Ufa University of Science and TechnologyRussia,,4410,575,750,825,300,785,1175,2023
888,Kirikkale UniversityTurkiye,,4390,1130,525,675,360,975,725,2023
889,Al al-Bayt UniversityJordan,,4385,800,1300,300,600,610,775,2023
890,Jizzakh branch of the National University of Uzbekistan named after Mirzo UlugbekUzbekistan,,4385,750,900,525,450,1075,685,2023
891,Universitas Sanata DharmaIndonesia,,4385,700,875,600,400,760,1050,2023
892,Institut Teknologi Telkom PurwokertoIndonesia,,4375,490,1010,900,360,725,890,2023
893,Politeknik NilaiMalaysia,,4360,765,560,1050,700,950,335,2023
894,Universitas KuninganIndonesia,,4335,1100,675,825,260,575,900,2023
895,Dunarea de Jos University of GalatiRomania,,4330,575,595,450,210,1250,1250,2023
896,Politeknik Negeri BandungIndonesia,,4310,850,1050,675,300,485,950,2023
897,Valahia University of TargovisteRomania,,4300,830,1235,675,200,735,625,2023
898,KOLEJ KOMUNITI MASJID TANAHMalaysia,,4295,655,835,825,410,785,785,2023
899,Aswan UniversityEgypt,,4285,650,800,900,350,635,950,2023
900,University of TelaferIraq,,4285,975,700,150,700,510,1250,2023
901,Buriram Rajabhat UniversityThailand,,4275,555,595,450,350,1100,1225,2023
902,Batman UniversityTurkiye,,4275,830,585,525,50,910,1375,2023
903,WSB UniversityPoland,,4270,385,885,750,350,800,1100,2023
904,Erzurum Technical UniversityTurkiye,,4260,865,935,750,110,960,640,2023
905,Termiz Institute of Agrotechnolgy and Innovative DevelopmentUzbekistan,,4250,540,1150,675,400,710,775,2023
906,Universitas Kristen Satya WacanaIndonesia,,4245,750,860,750,300,935,650,2023
907,Universitas Muhammadiyah SurakartaIndonesia,,4245,750,810,750,210,725,1000,2023
908,Phuket Rajabhat UniversityThailand,,4245,700,510,600,450,785,1200,2023
909,Yasouj UniversityIran,,4225,695,1035,600,210,760,925,2023
910,Ivan Franko National University of LvivUkraine,,4225,1025,815,450,310,875,750,2023
911,Wasit UniversityIraq,,4220,635,1160,450,400,975,600,2023
912,Ifugao State UniversityPhilippines,,4220,1100,810,300,350,485,1175,2023
913,Bukhara State Medical Institute named after Abu Ali ibn SinoUzbekistan,,4215,470,960,525,550,610,1100,2023
914,Politeknik Negeri BatamIndonesia,,4210,740,1085,450,400,535,1000,2023
915,Navoi state university of mining and technologiesUzbekistan,,4210,900,950,525,410,675,750,2023
916,Catholic University In ErbilIraq,,4210,765,900,900,310,510,825,2023
917,University of Exact and Social SciencesUzbekistan,,4200,750,950,450,350,925,775,2023
918,"National University of Science and Technology, OmanOman",,4195,665,985,450,110,585,1400,2023
919,Politeknik Negeri BaliIndonesia,,4195,525,835,600,400,935,900,2023
920,"Vignan's Foundation for Science, Technology and ResearchIndia",,4195,800,735,525,600,885,650,2023
921,National University “Yuri Kondrautyuk Poltava PolytechnicUkraine,,4190,585,770,450,350,1085,950,2023
922,Indus UniversityPakistan,,4175,720,1160,750,410,160,975,2023
923,Madonna UniversityUSA,,4170,875,1125,825,160,610,575,2023
924,Kazan State Medical UniversityRussia,,4160,1030,610,300,10,660,1550,2023
925,Al-nisour University CollegeIraq,,4130,800,460,525,460,785,1100,2023
926,UIN Sultan Aji Muhammad Idris SamarindaIndonesia,,4100,605,1025,750,460,985,275,2023
927,Hebron UniversityPalestine,,4085,640,960,525,260,375,1325,2023
928,Universidad Autonoma De BucaramangaColombia,,4085,690,775,450,400,1085,685,2023
929,Maranhao State UniversityBrazil,,4085,750,660,750,350,650,925,2023
930,Alsafwa University CollegeIraq,,4085,650,600,600,260,1125,850,2023
931,Universidad Catolica San Antonio De MurciaSpain,,4070,665,760,1125,160,560,800,2023
18,University of TurinItaly,,4070,665,760,1125,160,560,800,2023
932,Mohammed V University In RabatMorocco,,4065,580,940,450,260,735,1100,2023
933,Gaziantep Islam Science and Technology UniversityTurkiye,,4065,835,520,1050,400,950,310,2023
934,Kazakh Agrotechnical Research University (KATRU)Kazakhstan,,4055,1155,800,0,10,900,1190,2023
935,Universitas Islam Negeri Maulana Malik Ibrahim MalangIndonesia,,4055,620,625,600,400,785,1025,2023
936,Penza State UniversityRussia,,4040,1105,475,525,10,800,1125,2023
937,Kabardino-Balkarian State University named after H.M. BerbekovRussia,,4030,950,460,375,210,360,1675,2023
938,National Polytechnic University of ArmeniaArmenia,,4025,835,990,375,200,825,800,2023
939,Prince Sattam bin Abdulaziz UniversitySaudi%20Arabia,,4020,700,810,525,500,760,725,2023
940,Kayseri UniversityTurkiye,,4015,535,885,900,110,810,775,2023
941,Uzbek State University of Physical Culture and SportUzbekistan,,4010,615,1200,450,410,510,825,2023
942,University of ManoubaTunisia,,4010,520,745,600,260,910,975,2023
943,Sukkur IBA UniversityPakistan,,4000,900,1175,375,200,700,650,2023
944,Gaza UniversityPalestine,,4000,750,1065,225,600,310,1050,2023
945,Angélica Díaz QuintanarMexico,,3995,460,975,300,350,635,1275,2023
946,National University of Computer & Emerging SciencesPakistan,,3990,685,1350,300,10,810,835,2023
947,Poznan University of TechnologyPoland,,3985,505,1150,525,110,635,1060,2023
948,CYPRUS SCIENCE UNIVERSITYTurkiye,,3980,695,500,750,450,860,725,2023
949,Universitas Katolik Widya Mandala SurabayaIndonesia,,3975,675,790,600,500,585,825,2023
950,Kemerovo State UniversityRussia,,3965,770,675,375,160,560,1425,2023
951,POLITEKNIK SULTAN ABDUL HALIM MU'ADZAM SHAHMalaysia,,3960,690,600,600,260,825,985,2023
952,Al Amara University CollegeIraq,,3955,445,1050,600,450,635,775,2023
953,The Ghazi UniversityPakistan,,3955,725,960,150,260,960,900,2023
954,Petroleum University of TechnologyIran,,3950,790,775,525,300,950,610,2023
955,Togliatti State UniversityRussia,,3950,640,575,900,210,510,1115,2023
956,Università Telematica E-campusItaly,,3950,835,410,1200,10,885,610,2023
957,Kazakh National Research Technical University K.I. SatpaevaKazakhstan,,3945,830,365,525,400,675,1150,2023
958,Islamic Azad University Isfahan (Khorasgan) branchIran,,3935,750,700,450,350,835,850,2023
959,Dijlah University CollegeIraq,,3920,660,475,675,450,910,750,2023
960,The Grand Asian University SialkotPakistan,,3915,680,615,1275,310,710,325,2023
961,University of SfaxTunisia,,3905,580,750,525,250,850,950,2023
962,Ted UniversityTurkiye,,3885,625,785,375,600,560,940,2023
963,Universidad Catolica Del NorteChile,,3885,400,575,750,210,935,1015,2023
964,Universitas Bina Sarana InformatikaIndonesia,,3870,735,1050,450,360,800,475,2023
965,West University of TimisoaraRomania,,3855,710,685,450,210,900,900,2023
966,Yerevan State UniversityArmenia,,3845,735,860,225,350,825,850,2023
967,Universitas WirarajaIndonesia,,3840,470,1035,675,300,385,975,2023
968,Tashkent University of Architecture and Civil EngineeringUzbekistan,,3835,810,990,300,10,1000,725,2023
969,University of PeshawarPakistan,,3835,875,650,375,160,850,925,2023
970,Tula State UniversityRussia,,3830,910,610,600,50,810,850,2023
971,Universitas Maritim Raja Ali HajiIndonesia,,3825,815,1050,0,10,750,1200,2023
972,Damascus UniversitySyria,,3820,790,1185,300,210,535,800,2023
973,University of DubaiUnited%20Arab%20Emirates,,3815,455,875,675,600,610,600,2023
974,Universitas Pembangunan JayaIndonesia,,3805,520,875,450,210,750,1000,2023
975,Universidad de PanamaPanama,,3800,680,350,675,210,635,1250,2023
976,Politeknik Tuanku Syed SirajuddinMalaysia,,3785,665,890,375,360,485,1010,2023
977,Millersville University of PennsylvaniaUSA,,3775,890,460,675,400,825,525,2023
978,International University for Science and TechnologySyria,,3765,805,935,300,400,625,700,2023
979,South Valley UniversityEgypt,,3765,1155,700,525,210,285,890,2023
980,University of Sistan and BaluchestanIran,,3760,660,900,300,400,825,675,2023
981,University of MonastirTunisia,,3760,645,570,225,360,985,975,2023
982,Southern Technical UniversityIraq,,3755,910,675,150,310,860,850,2023
983,Tashkent University Of Information TechnologiesUzbekistan,,3755,875,660,525,250,810,635,2023
984,Universitas Dumoga KotamobaguIndonesia,,3735,490,1100,900,110,385,750,2023
985,Thal University BhakkarPakistan,,3705,675,810,600,60,860,700,2023
986,Yarmouk UniversityJordan,,3700,405,975,450,260,485,1125,2023
987,Jizzakh State Pedagogical UniversityUzbekistan,,3700,630,625,225,310,685,1225,2023
988,Universidad Católica del UruguayUruguay,,3685,300,960,450,400,1050,525,2023
989,Universitas PapuaIndonesia,,3675,830,535,375,60,1000,875,2023
990,Ardakan UniversityIran,,3655,660,835,525,350,435,850,2023
991,Vasyl Stefanyk Precarpathian National UniversityUkraine,,3635,715,715,225,10,1160,810,2023
992,Almaty Technological UniversityKazakhstan,,3635,690,710,675,10,625,925,2023
993,Phetchabun Rajabhat UniversityThailand,,3635,585,525,375,300,975,875,2023
994,Kharkiv National University of Radio ElectronicsUkraine,,3630,600,910,300,160,685,975,2023
995,National University of Water And Environmental EngineeringUkraine,,3630,475,785,675,160,835,700,2023
996,UNIVERSITY OF EASTERN PHILIPPINESPhilippines,,3620,850,515,300,10,1085,860,2023
997,University of FallujahIraq,,3610,600,415,375,360,1160,700,2023
998,"Northern University, NowsheraPakistan",,3600,815,990,300,210,610,675,2023
999,Università di FoggiaItaly,,3580,410,890,1050,210,210,810,2023
1000,Cankaya UniversityTurkiye,,3575,715,500,525,160,775,900,2023
1001,Nakhon Ratchasima Rajabhat UniversityThailand,,3560,465,785,825,250,285,950,2023
1002,Poltekkes Kemenkes TanjungkarangIndonesia,,3525,680,935,825,200,360,525,2023
1003,Universitas Islam Negeri Alauddin MakassarIndonesia,,3515,620,810,375,300,785,625,2023
1004,University of GuilanIran,,3515,865,745,600,160,660,485,2023
1005,Associação Caruaruense de Ensino Superior e Técnico - Asces-unitaBrazil,,3515,720,650,375,210,785,775,2023
1006,Kanchanaburi Rajabhat UniversityThailand,,3510,830,760,300,310,435,875,2023
1007,Politeknik Negeri BengkalisIndonesia,,3505,480,1300,450,150,525,600,2023
1008,Politeknik Negeri BalikpapanIndonesia,,3495,960,600,750,110,460,615,2023
1009,Moscow State University of Civil EngineeringRussia,,3485,930,585,300,110,435,1125,2023
1010,Al-Kut University CollegeIraq,,3470,630,465,450,300,950,675,2023
1011,German Jordanian UniversityJordan,,3465,495,775,225,210,685,1075,2023
1012,University of MashreqIraq,,3450,805,435,525,350,810,525,2023
1013,Almaty Management UniversityKazakhstan,,3445,890,960,300,10,560,725,2023
1014,Institut Teknologi PLNIndonesia,,3430,570,1075,300,50,560,875,2023
1015,Korkyt ata Kyzylorda  UniversityKazakhstan,,3415,555,750,300,110,875,825,2023
1016,National University Of Science & TechnologyZimbabwe,,3395,675,760,450,250,860,400,2023
1017,Al-Salam University CollegeIraq,,3390,710,860,225,110,560,925,2023
1018,Zhetysu university named after I. ZhansugurovKazakhstan,,3390,565,600,450,350,625,800,2023
1019,Estonian Academy of ArtsEstonia,,3385,410,850,525,400,575,625,2023
1020,Almaaqal UniversityIraq,,3385,290,700,600,410,950,435,2023
1021,Universitas Internasional Semen IndonesiaIndonesia,,3380,775,585,525,260,535,700,2023
1022,Navoi State Pedagogical InstituteUzbekistan,,3375,640,885,450,260,200,940,2023
1023,Politeknik CaltexIndonesia,,3370,750,660,225,550,435,750,2023
1024,Universidad de ManizalesColombia,,3360,540,560,375,550,485,850,2023
1025,Isik UniversityTurkiye,,3355,960,510,300,250,735,600,2023
1026,Medical University - SofiaBulgaria,,3350,465,625,675,310,750,525,2023
1027,Daneshpajoohan Pishro Higher Education InstituteIran,,3350,290,475,825,250,735,775,2023
1028,Angren UniversityUzbekistan,,3340,520,850,375,10,935,650,2023
1029,Universidad Biblica De Las AmericasUSA,,3335,550,775,375,260,675,700,2023
1030,Azerbaijan State University of Economics (UNEC)Azerbaijan,,3330,785,935,225,200,360,825,2023
1031,"Islamic Azad University, Ardabil Branch - IranIran",,3310,540,1175,150,160,685,600,2023
1033,Tadeusz Kosciuszko Cracow University of TechnologyPoland,,3305,520,890,450,310,610,525,2023
1034,North-Caucasus Federal UniversityRussia,,3305,835,550,75,110,835,900,2023
1035,Dicle UniversityTurkiye,,3300,1135,600,450,500,400,215,2023
1036,Universitas Teknologi Muhammadiyah JakartaIndonesia,,3290,485,710,525,310,360,900,2023
1037,Institut Informatika dan Bisnis DarmajayaIndonesia,,3270,440,785,600,360,560,525,2023
1038,Universidad Tecnológica de México - Campus AtizapánMexico,,3270,635,550,1050,310,525,200,2023
1039,Belarusian National Technical UniversityBelarus,,3265,705,700,525,250,660,425,2023
1040,Sekolah Tinggi Manajemen IpmiIndonesia,,3255,730,625,375,200,525,800,2023
1041,The State Energy Institute of TurkmenistanTurkmenistan,,3250,665,325,600,110,875,675,2023
1042,Ostrogradsky National University of KremenchukUkraine,,3245,255,990,375,10,725,890,2023
1043,Universitas Muria KudusIndonesia,,3245,735,975,450,200,485,400,2023
1044,Catholic University In Ruä¾omberokSlovakia,,3230,250,785,1050,160,335,650,2023
1045,"Instituto Federal de Educacao, Ciencia e Tecnologia de Sao Paulo - IFSPBrazil",,3230,560,675,600,260,460,675,2023
1032,Institut Agama Islam Negeri LangsaIndonesia,,3210,765,600,375,160,850,460,2023
1046,Rajabhat Rajanagarindra University (RRU)Thailand,,3195,520,965,300,50,960,400,2023
1047,Politeknik Transportasi Darat BaliIndonesia,,3190,745,510,375,10,700,850,2023
1048,PADANG TERAP COMMUNITY COLLEGEMalaysia,,3185,730,860,825,310,435,25,2023
1049,Al-iraqia UniversityIraq,,3185,540,585,675,200,710,475,2023
1050,Paris Panthéon-Assas UniversityFrance,,3180,405,865,600,160,610,540,2023
1051,OSOL AL-DEEN UNIVERSITY COLLEGEIraq,,3155,600,650,450,310,560,585,2023
1052,Universidad de CartagenaColombia,,3155,470,625,225,60,1200,575,2023
1053,"National Institute of Fashion Technology, BhubaneswarIndia",,3140,580,800,375,260,700,425,2023
1054,Omsk State Technical UniversityRussia,,3130,860,550,525,260,535,400,2023
1055,Universidad de La LagunaSpain,,3120,525,650,825,10,235,875,2023
1056,Armenian State University of EconomicsArmenia,,3110,815,550,150,10,710,875,2023
1057,Udon Thani Rajabhat UniversityThailand,,3090,785,410,675,160,385,675,2023
1058,Turkmen Agricultural InstituteTurkmenistan,,3080,675,700,375,110,410,810,2023
1059,Shatt Al-Arab  University CollegeIraq,,3075,390,700,375,400,535,675,2023
1060,Imam Al-Kadhum CollegeIraq,,3070,550,1100,450,10,485,475,2023
1061,"University of Baltistan, SkarduPakistan",,3070,385,900,300,350,310,825,2023
1062,Yaroslav Mudryi National Law UniversityUkraine,,3070,470,700,150,250,725,775,2023
1063,Halic UniversityTurkiye,,3060,475,650,450,160,660,665,2023
1064,Universidad Nacional de ChimborazoEcuador,,3060,500,650,225,200,760,725,2023
1065,Alnoor University CollegeIraq,,3050,315,775,300,300,710,650,2023
1066,Muhammad Nawaz Sharif University Of Engineering & TechnologyPakistan,,3040,495,835,150,300,735,525,2023
1067,University Of ZilinaSlovakia,,3040,795,550,225,10,610,850,2023
1068,Navamindradhiraj UniversityThailand,,3040,465,315,600,160,600,900,2023
1069,Kharkiv National Automobile And Highway UniversityUkraine,,3035,630,535,300,210,750,610,2023
1070,Universitat De Les Illes Balears (UIB)Spain,,3025,645,485,300,10,760,825,2023
1071,Instituiçío Toledo de EnsinoBrazil,,3015,310,735,675,210,560,525,2023
1072,Universitas Teknologi SumbawaIndonesia,,3015,830,665,300,160,485,575,2023
1073,Universita di Macerata (Universita degli Studi di Macerata)Italy,,3000,380,775,450,60,560,775,2023
1074,Universidad Autonoma De NayaritMexico,,3000,510,620,300,210,635,725,2023
1075,Lviv State University of Life SafetyUkraine,,3000,670,550,300,10,810,660,2023
1076,Universitas Pendidikan GaneshaIndonesia,,2995,490,860,375,360,435,475,2023
1077,Tashkent Medical AcademyUzbekistan,,2980,750,525,225,310,585,585,2023
1078,Universitas PakuanIndonesia,,2955,575,160,0,160,1010,1050,2023
1079,"Islamia College Peshawar, PakistanPakistan",,2940,700,615,450,200,475,500,2023
1080,University of MianwaliPakistan,,2935,585,740,75,210,625,700,2023
1081,Galatasaray UniversityTurkiye,,2925,445,860,375,160,775,310,2023
1082,The Government Sadiq College Women University BahawalpurPakistan,,2920,505,670,375,210,860,300,2023
1083,Al-Farabi University CollegeIraq,,2920,550,660,300,160,675,575,2023
1084,Universidade do Estado do AmazonasBrazil,,2910,515,660,375,300,285,775,2023
1085,Baikal State UniversityRussia,,2905,285,650,600,110,885,375,2023
1086,"Kolej Komuniti Bukit Beruang, Melaka, MalaysiaMalaysia",,2900,470,685,300,110,750,585,2023
1087,Universal Business SchoolIndia,,2885,940,720,300,10,500,415,2023
1088,Pontificia Universidade Catolica Do ParanáBrazil,,2880,860,525,450,110,475,460,2023
1089,"International Islamic University, IslamabadPakistan",,2855,765,685,0,10,885,510,2023
1090,AlMaarefa UniversitySaudi%20Arabia,,2830,425,885,75,210,510,725,2023
1091,"Instituto Federal de Educação, Ciência e Tecnologia Sul-rio-grandenseBrazil",,2830,320,750,375,250,435,700,2023
1092,National University of PharmacyUkraine,,2830,635,550,225,160,610,650,2023
1093,Universidad Privada Dr. Rafael Belloso ChacinVenezuela,,2820,460,250,375,160,825,750,2023
1094,Sindh Madressatul Islam UniversityPakistan,,2815,540,595,150,160,710,660,2023
1095,University of MostarBosnia%20and%20Herzegovina,,2810,355,625,450,310,485,585,2023
1096,National University of Science and Technology MISISRussia,,2810,450,525,600,150,535,550,2023
1097,Namal University MianwaliPakistan,,2805,550,1060,0,60,760,375,2023
1098,Universitas GaluhIndonesia,,2805,660,575,300,10,410,850,2023
1099,University of MiskolcHungary,,2800,450,690,450,160,610,440,2023
1100,VELS Medical College & HospitalIndia,,2765,430,600,150,210,925,450,2023
1101,Politeknik Negeri BanyuwangiIndonesia,,2745,1005,345,225,10,335,825,2023
1102,FACULDADES INTEGRADAS DA AMÉRICA DO SULBrazil,,2730,710,865,150,210,460,335,2023
1103,Sindh Agriculture University TandojamPakistan,,2715,315,820,300,210,485,585,2023
1104,University of Science and CultureIran,,2705,485,760,450,250,485,275,2023
1105,Vistula UniversityPoland,,2705,475,635,525,10,385,675,2023
1106,Cankiri Karatekin UniversityTurkiye,,2705,625,535,300,160,685,400,2023
1107,Chirchik State Pedagogical InstituteUzbekistan,,2695,415,735,300,160,610,475,2023
1108,Al-Ayen Iraqi UniversityIraq,,2690,535,535,150,260,410,800,2023
1109,Karshi State UniversityUzbekistan,,2685,640,675,150,10,735,475,2023
1110,Denau Institute of Entrepreneurship and PedagogyUzbekistan,,2685,500,500,300,160,900,325,2023
1111,University of SamarraIraq,,2675,450,465,600,200,585,375,2023
1112,Politeknik Negeri CilacapIndonesia,,2655,550,700,300,260,385,460,2023
1113,"Central University Of Technology, Free StateSouth%20Africa",,2640,225,635,225,260,660,635,2023
1114,Wroclaw Medical UniversityPoland,,2635,700,700,75,60,600,500,2023
1115,Universidad Central de VenezuelaVenezuela,,2635,655,225,375,210,560,610,2023
1116,University of Information Technology and CommunicationsIraq,,2525,405,750,150,310,785,125,2023
1117,Kherson State Maritime AcademyUkraine,,2510,605,575,300,10,685,335,2023
1118,Ion Mincu University of Architecture and UrbanismRomania,,2490,175,660,375,10,660,610,2023
1119,Al-Mansour University CollegeIraq,,2480,400,635,450,160,335,500,2023
1120,Al-Qasim Green UniversityIraq,,2450,430,450,225,110,410,825,2023
1121,Institut Teknologi KalimantanIndonesia,,2405,770,550,225,250,210,400,2023
1122,POLITEKNIK NEGERI MEDANIndonesia,,2380,445,725,75,10,650,475,2023
1123,University of LoralaiPakistan,,2375,570,785,225,10,735,50,2023
1124,Jabir ibn Hayyan Medical UniversityIraq,,2375,495,575,300,160,285,560,2023
1125,Idlib UniversitySyria,,2365,110,495,450,200,710,400,2023
1126,Universitas YARSIIndonesia,,2365,435,310,525,10,10,1075,2023
1127,African Methodist Episcopal UniversityLiberia,,2340,545,600,600,260,210,125,2023
1128,Politeknik Teknologi Kimia Industri - MedanIndonesia,,2335,480,660,375,360,385,75,2023
1129,Politeknik Manufaktur AstraIndonesia,,2330,455,450,375,300,275,475,2023
1130,Universitas Islam Negeri Fatmawati Sukarno BengkuluIndonesia,,2310,495,660,225,210,335,385,2023
1131,University of KwaZulu-NatalSouth%20Africa,,2305,585,425,225,110,510,450,2023
1132,Dogus UniversityTurkiye,,2285,380,685,300,110,510,300,2023
1133,Bilad Al Rafidain University CollegeIraq,,2280,450,600,225,360,335,310,2023
1134,International University of SarajevoBosnia%20and%20Herzegovina,,2245,580,135,75,10,485,960,2023
1135,Ibn Sina University of Medical and Pharmaceutical SciencesIraq,,2235,240,600,300,60,510,525,2023
1136,Institut Teknologi Dan Bisnis STIKOM BaliIndonesia,,2225,525,575,375,10,100,640,2023
1137,University of Palangka RayaIndonesia,,2225,610,320,225,10,385,675,2023
1138,Universitas Pendidikan NasionalIndonesia,,2205,480,145,300,10,185,1085,2023
1139,Tashkent Institute Of FinanceUzbekistan,,2195,335,850,150,160,485,215,2023
1140,Universitas Dhyana PuraIndonesia,,2175,660,495,75,110,410,425,2023
1141,Universitas Islam Negeri MataramIndonesia,,2165,320,510,675,10,425,225,2023
1142,AFYA FACULDADE DE CIÊNCIAS MÉDICAS DE ITABUNABrazil,,2145,315,575,525,260,110,360,2023
1143,Universitas HamzanwadiIndonesia,,2135,415,585,225,10,635,265,2023
1144,KOLEJ KEMAHIRAN TINGGI MARA SRI GADINGMalaysia,,2135,545,310,375,110,260,535,2023
1145,Turkmen state institute of FinanceTurkmenistan,,2105,425,535,0,10,750,385,2023
1146,Astrakhan State UniversityRussia,,2100,405,500,0,10,635,550,2023
1147,"Aror University Art, Architecture, Design and HeritagePakistan",,2100,570,360,0,260,385,525,2023
1148,Universitas KlabatIndonesia,,2095,540,410,300,110,585,150,2023
1149,Namangan Institute of Engineering and TechnologyUzbekistan,,2070,440,960,0,10,335,325,2023
1150,Universitas Nusa MandiriIndonesia,,2070,400,400,300,10,60,900,2023
1151,KOLEJ KOMUNITI SEGAMAT 2Malaysia,,2060,465,350,225,10,585,425,2023
1152,Istanbul Gedik UniversityTurkiye,,2030,225,535,0,10,685,575,2023
1153,Politeknik Kesehatan Genesis MedicareIndonesia,,1975,345,225,300,210,435,460,2023
1154,Konya Technical UniversityTurkiye,,1960,430,575,75,310,385,185,2023
1155,Vitebsk State Medical UniversityBelarus,,1915,295,450,0,210,710,250,2023
1156,Institut Teknologi dan Bisnis Bina Sarana GlobalIndonesia,,1865,355,500,300,60,375,275,2023
1157,Fiscal institute under the Tax committeeUzbekistan,,1855,315,935,150,10,260,185,2023
1158,Lighthouse AcademySyria,,1850,250,265,225,60,725,325,2023
1159,Al-qalam University CollegeIraq,,1845,430,485,225,60,410,235,2023
1160,Institut Agama Islam Negeri PonorogoIndonesia,,1820,505,620,75,10,485,125,2023
1161,University of NyiregyhazaHungary,,1805,100,210,450,110,285,650,2023
1162,Beaconhouse National UniversityPakistan,,1765,260,585,150,160,485,125,2023
1163,Tarsus UniversityTurkiye,,1740,400,195,150,160,260,575,2023
1164,Ahl Al Bayt UniversityIraq,,1720,660,575,0,60,260,165,2023
1165,Andijan State Medical InstituteUzbekistan,,1690,385,775,75,60,60,335,2023
1166,Universitas Al Azhar IndonesiaIndonesia,,1675,145,585,0,10,235,700,2023
1167,Tashkent International University of Financial Management and TechnologiesUzbekistan,,1650,140,635,0,10,600,265,2023
1168,Tashkent Institute of Chemical TechnologyUzbekistan,,1640,185,485,150,10,10,800,2023
1169,"MY University, IslamabadPakistan",,1595,425,575,0,10,210,375,2023
1170,Universitas BumigoraIndonesia,,1580,160,800,225,10,310,75,2023
1171,Widyatama UniversityIndonesia,,1520,365,535,0,10,335,275,2023
1172,Universitas Sains dan Teknologi KomputerIndonesia,,1490,185,760,150,160,210,25,2023
1173,Sumgayit State UniversityAzerbaijan,,1425,120,520,75,60,335,315,2023
1174,Sekolah Tinggi Ilmu Ekonomi Kesuma NegaraIndonesia,,1305,60,650,75,10,410,100,2023
1175,University of Parna RayaIndonesia,,1225,120,525,225,10,260,85,2023
1176,Shaheed Mohtarma Benazir Bhutto Medical UniversityPakistan,,1205,210,300,75,10,435,175,2023
1177,Al-Zaytoonah International UniversitySyria,,1110,200,185,0,100,385,240,2023
1178,University of Al-hamdaniyaIraq,,1075,175,120,75,10,160,535,2023
1179,Tashkent State University of Oriental StudiesUzbekistan,,965,860,60,0,10,10,25,2023
1180,Sekolah Tinggi Teknologi BandungIndonesia,,885,365,350,0,10,135,25,2023
1181,Mari Private UniversitySyria,,790,85,60,0,10,535,100,2023
1182,Sekolah Tinggi Ilmu Ekonomi Eben Haezer ManadoIndonesia,,575,110,195,0,110,10,150,2023
1183,STIE Indonesia Banking SchoolIndonesia,,560,290,60,0,10,10,190,2023
1,Wageningen University & ResearchNetherlands,,9575,1350,1875,1800,1000,1750,1800,2024
2,Nottingham Trent UniversityUnited%20Kingdom,,9550,1400,1900,1800,950,1700,1800,2024
3,University of GroningenNetherlands,,9475,1275,1850,1800,1000,1800,1750,2024
4,University College CorkIreland,,9450,1300,1875,1800,1000,1700,1775,2024
5,Universidade de Sao Paulo USPBrazil,,9450,1475,1800,1800,1000,1700,1675,2024
6,Umwelt-Campus Birkenfeld (Trier University of Applied Sciences)Germany,,9425,1225,1950,1800,1000,1700,1750,2024
7,"University of California, DavisUSA",,9425,1400,1900,1800,1000,1575,1750,2024
8,University of NottinghamUnited%20Kingdom,,9425,1375,1825,1800,1000,1750,1675,2024
9,Universita di BolognaItaly,,9400,1350,1750,1800,900,1800,1800,2024
10,University of ConnecticutUSA,,9375,1325,1700,1800,1000,1750,1800,2024
11,Dublin City UniversityIreland,,9355,1205,1950,1800,1000,1700,1700,2024
12,Universitat BremenGermany,,9350,1375,1700,1725,1000,1750,1800,2024
13,Luiss UniversityItaly,,9225,1150,2000,1575,1000,1700,1800,2024
14,Université de SherbrookeCanada,,9190,1400,1815,1725,850,1650,1750,2024
15,University of TurinItaly,,9150,1150,1975,1725,900,1600,1800,2024
16,Universidad Autónoma de Nuevo LeónMexico,,9125,1425,1750,1500,900,1750,1800,2024
17,Leiden UniversityNetherlands,,9100,925,1900,1800,1000,1800,1675,2024
18,Hame University of Applied SciencesFinland,,9075,1325,1775,1800,1000,1550,1625,2024
19,University of LimerickIreland,,9075,1350,1725,1725,950,1550,1775,2024
20,Politecnico di TorinoItaly,,9055,855,1900,1800,950,1750,1800,2024
21,Universitas IndonesiaIndonesia,,9050,1350,1800,1650,950,1500,1800,2024
22,RUDN UniversityRussia,,9050,1175,1775,1800,900,1650,1750,2024
23,National Pingtung University of Science & TechnologyChinese%20Taipei,,9050,1425,1650,1650,950,1600,1775,2024
24,Universiti Putra MalaysiaMalaysia,,9050,1425,1625,1575,1000,1625,1800,2024
25,University of PécsHungary,,9025,1200,1750,1800,900,1600,1775,2024
26,Universitas DiponegoroIndonesia,,9000,1300,1875,1500,850,1675,1800,2024
27,Universitas Gadjah MadaIndonesia,,8975,1350,1800,1425,950,1650,1800,2024
28,Universita degli Studi dell'AquilaItaly,,8960,1300,1850,1650,900,1460,1800,2024
29,IPB UniversityIndonesia,,8950,1400,1550,1575,950,1700,1775,2024
30,Universidad del RosarioColombia,,8935,1160,1800,1725,1000,1675,1575,2024
31,Czech University of Life Sciences PragueCzech%20Republic,,8925,1150,1750,1800,950,1500,1775,2024
32,Universitas Negeri SemarangIndonesia,,8900,1350,1800,1650,800,1550,1750,2024
33,University of Eastern FinlandFinland,,8835,885,1925,1800,1000,1500,1725,2024
34,Kasetsart UniversityThailand,,8825,1300,1675,1575,900,1750,1625,2024
35,Federal University of LavrasBrazil,,8825,1375,1650,1575,1000,1425,1800,2024
36,Universidad Complutense De MadridSpain,,8800,1100,1900,1725,950,1450,1675,2024
37,Benemérita Universidad Autónoma de PueblaMexico,,8800,1300,1800,1650,900,1525,1625,2024
38,Istanbul Technical UniversityTurkiye,,8800,1175,1700,1650,900,1650,1725,2024
39,Universidad Autónoma de OccidenteColombia,,8785,1135,1925,1725,950,1300,1750,2024
40,Riga Technical UniversityLatvia,,8785,1175,1635,1650,900,1750,1675,2024
41,Weifang Institute of TechnologyChina,,8775,1175,1950,1575,900,1800,1375,2024
42,Aalborg UniversityDenmark,,8775,1050,1850,1650,1000,1500,1725,2024
43,Universitas Sebelas MaretIndonesia,,8775,1225,1800,1650,850,1450,1800,2024
44,National Chi Nan UniversityChinese%20Taipei,,8775,1375,1600,1575,950,1525,1750,2024
45,Mahidol UniversityThailand,,8775,1200,1525,1650,900,1700,1800,2024
46,Universiti MalayaMalaysia,,8775,1275,1525,1650,1000,1525,1800,2024
47,Universidad De SantanderColombia,,8750,1350,1925,1425,900,1650,1500,2024
48,Qassim UniversitySaudi%20Arabia,,8750,1300,1925,1350,950,1525,1700,2024
49,Chaoyang University of TechnologyChinese%20Taipei,,8750,1325,1650,1650,900,1550,1675,2024
50,King Mongkut's University of Technology ThonburiThailand,,8750,1325,1625,1350,900,1750,1800,2024
51,National Taitung UniversityChinese%20Taipei,,8750,1300,1550,1650,900,1600,1750,2024
52,National Cheng Kung UniversityChinese%20Taipei,,8730,1180,1850,1650,750,1650,1650,2024
53,Al-Balqa Applied UniversityJordan,,8725,1225,1950,1350,750,1650,1800,2024
54,Universiti Malaysia SabahMalaysia,,8725,1425,1825,1500,850,1600,1525,2024
55,National Chin-Yi University of TechnologyChinese%20Taipei,,8725,1100,1800,1800,950,1350,1725,2024
56,Airlangga UniversityIndonesia,,8725,1450,1700,1425,800,1550,1800,2024
57,Da-Yeh UniversityChinese%20Taipei,,8725,1250,1700,1650,1000,1450,1675,2024
58,Universidad de GranadaSpain,,8700,1050,1900,1575,950,1600,1625,2024
59,Yildiz Technical UniversityTurkiye,,8700,1225,1750,1350,900,1675,1800,2024
60,"Instituto Federal de Educacao, Ciencia e Tecnologia do Sul de Minas GeraisBrazil",,8700,1325,1725,1650,850,1475,1675,2024
61,Universidad Nacional de ColombiaColombia,,8700,1200,1675,1575,1000,1575,1675,2024
62,Universiti Malaysia Pahang Al- Sultan AbdullahMalaysia,,8700,1350,1650,1650,850,1425,1775,2024
63,National Yunlin University of Science & TechnologyChinese%20Taipei,,8700,1250,1625,1500,900,1625,1800,2024
64,Cyprus International UniversityTurkiye,,8700,1325,1575,1500,1000,1625,1675,2024
65,Suranaree University of TechnologyThailand,,8685,1275,1725,1800,900,1375,1610,2024
66,Politecnico Di MilanoItaly,,8685,885,1550,1800,950,1750,1750,2024
67,University of SharjahUnited%20Arab%20Emirates,,8685,1450,1385,1650,1000,1400,1800,2024
68,Universidade Federal De Mato Grosso Do SulBrazil,,8675,1400,1800,1425,800,1525,1725,2024
69,Siberian Federal UniversityRussia,,8675,1375,1775,1425,900,1675,1525,2024
70,Institut Teknologi Sepuluh NopemberIndonesia,,8675,1300,1725,1575,900,1375,1800,2024
71,Universitas Islam Negeri Raden Intan LampungIndonesia,,8650,1200,1850,1425,850,1575,1750,2024
72,Universidad De AntioquiaColombia,,8650,1175,1700,1650,900,1450,1775,2024
73,Universidad Pontificia BolivarianaColombia,,8650,1300,1625,1575,850,1550,1750,2024
74,Siam UniversityThailand,,8650,1175,1550,1425,950,1750,1800,2024
75,University of SzegedHungary,,8630,1305,1400,1725,800,1600,1800,2024
76,University of CampinasBrazil,,8625,1125,1475,1725,950,1600,1750,2024
77,Universidad El BosqueColombia,,8610,1060,1725,1500,1000,1625,1700,2024
78,Universitas PadjadjaranIndonesia,,8600,1150,1825,1500,750,1575,1800,2024
79,Universidad Nacional Autónoma de MéxicoMexico,,8600,1250,1425,1650,900,1650,1725,2024
80,Erciyes UniversityTurkiye,,8585,1350,1735,1425,800,1600,1675,2024
81,"California State University, SacramentoUSA",,8575,950,1900,1800,1000,1350,1575,2024
82,Ozyegin UniversityTurkiye,,8575,1100,1650,1725,850,1500,1750,2024
83,Walailak UniversityThailand,,8575,1400,1625,1425,900,1700,1525,2024
84,Tunghai UniversityChinese%20Taipei,,8575,1375,1550,1500,850,1575,1725,2024
85,Lincoln UniversityNew%20Zealand,,8565,1325,1690,1425,800,1600,1725,2024
86,Universidad Tecnologica de PereiraColombia,,8550,1150,1975,1275,950,1650,1550,2024
87,Ton Duc Thang UniversityVietnam,,8550,1075,1800,1575,900,1450,1750,2024
88,Ege UniversityTurkiye,,8550,1275,1600,1650,900,1475,1650,2024
89,Telkom UniversityIndonesia,,8525,1075,1825,1425,900,1500,1800,2024
90,Yeditepe UniversityTurkiye,,8525,1125,1650,1650,850,1575,1675,2024
91,Universidad de los Andes ColombiaColombia,,8525,1100,1525,1575,950,1600,1775,2024
92,Hasanuddin UniversityIndonesia,,8500,1400,1750,1050,900,1600,1800,2024
93,Jordan University of Science and TechnologyJordan,,8500,1350,1575,1275,950,1675,1675,2024
94,Universidad de CaldasColombia,,8485,1085,1650,1650,900,1550,1650,2024
95,Imam Abdulrahman Bin Faisal UniversitySaudi%20Arabia,,8485,1375,1560,1275,950,1525,1800,2024
96,Nanhua University TaiwanChinese%20Taipei,,8485,1225,1335,1800,900,1525,1700,2024
97,D. Serikbayev East Kazakhstan technical universityKazakhstan,,8475,1350,1850,1350,600,1550,1775,2024
98,Lampung UniversityIndonesia,,8475,1100,1825,1425,850,1475,1800,2024
99,Universita Politecnica delle MarcheItaly,,8475,1350,1725,1425,900,1300,1775,2024
100,Mahasarakham UniversityThailand,,8475,1350,1625,1350,800,1600,1750,2024
101,Mae Fah Luang UniversityThailand,,8475,1300,1600,1350,850,1600,1775,2024
102,Universiti Teknikal Malaysia MelakaMalaysia,,8475,1275,1550,1500,850,1575,1725,2024
103,An-Najah National UniversityPalestine,,8450,1125,1900,1200,900,1575,1750,2024
104,Institut Teknologi SumateraIndonesia,,8450,1350,1750,1200,850,1625,1675,2024
105,Universitas Islam IndonesiaIndonesia,,8450,1100,1675,1350,950,1725,1650,2024
106,University of PhayaoThailand,,8450,1225,1675,1350,850,1650,1700,2024
107,UiTM SHAH ALAMMalaysia,,8450,900,1575,1800,950,1425,1800,2024
108,National Pingtung UniversityChinese%20Taipei,,8450,1225,1475,1500,900,1650,1700,2024
109,"ITESO, Universidad Jesuita de GuadalajaraMexico",,8435,1150,1925,1800,900,1160,1500,2024
110,University of SopronHungary,,8430,1105,1700,1425,900,1700,1600,2024
111,Universiti Pendidikan Sultan IdrisMalaysia,,8425,1325,1725,1350,750,1675,1600,2024
112,University of Milano-BicoccaItaly,,8425,1125,1450,1725,850,1625,1650,2024
113,Maejo UniversityThailand,,8415,1200,1490,1650,800,1650,1625,2024
114,Fundación Universidad del Norte BarranquillaColombia,,8410,1100,1460,1800,1000,1375,1675,2024
115,Universitas Negeri YogyakartaIndonesia,,8400,1000,1925,1575,800,1475,1625,2024
116,Universitas Sultan Ageng TirtayasaIndonesia,,8400,1100,1900,1350,900,1425,1725,2024
117,Universitas Medan AreaIndonesia,,8400,1125,1825,1350,850,1550,1700,2024
118,Pontificia Universidad Javeriana-BogotaColombia,,8400,1225,1800,1500,850,1550,1475,2024
119,University of BabylonIraq,,8400,1375,1575,1350,800,1525,1775,2024
120,Manipal Academy of Higher EducationIndia,,8400,1075,1525,1425,950,1700,1725,2024
121,Escuela Superior Politecnica del LitoralEcuador,,8400,1190,1235,1800,900,1650,1625,2024
122,Babes Bolyai UniversityRomania,,8390,1150,1640,1500,750,1700,1650,2024
123,Tzu Chi UniversityChinese%20Taipei,,8390,1200,1515,1725,900,1500,1550,2024
124,Masaryk UniversityCzech%20Republic,,8385,1010,1625,1575,900,1600,1675,2024
125,American University of BeirutLebanon,,8385,1350,1550,1200,900,1610,1775,2024
126,Middle East Technical UniversityTurkiye,,8375,1425,1375,1350,800,1625,1800,2024
127,Universidad EAFITColombia,,8360,910,1950,1575,1000,1350,1575,2024
128,Universitas Multimedia NusantaraIndonesia,,8360,1060,1700,1650,900,1325,1725,2024
129,Baskent UniversityTurkiye,,8350,1375,1675,1425,750,1475,1650,2024
130,Universidade do MinhoPortugal,,8350,1225,1475,1800,900,1250,1700,2024
131,Universiti Tun Hussein Onn MalaysiaMalaysia,,8350,1225,1375,1575,800,1575,1800,2024
132,Universitas Muhammadiyah MalangIndonesia,,8335,1250,1725,1275,900,1435,1750,2024
133,Tra Vinh UniversityVietnam,,8325,1275,1600,1275,850,1750,1575,2024
134,Universidad Politecnica de ValenciaSpain,,8310,925,1685,1800,650,1550,1700,2024
135,Universitas BrawijayaIndonesia,,8310,1300,1635,1500,700,1450,1725,2024
136,Universitas Muhammadiyah YogyakartaIndonesia,,8300,1175,1775,1425,750,1525,1650,2024
137,Universitas Teuku UmarIndonesia,,8300,1200,1750,1350,800,1400,1800,2024
138,Universidad Tecnologica ECOTECEcuador,,8300,1175,1700,1425,800,1575,1625,2024
139,Inonu University MalatyaTurkiye,,8300,1400,1650,1050,800,1650,1750,2024
140,Izmir Institute of TechnologyTurkiye,,8300,1325,1625,1125,800,1625,1800,2024
141,Immanuel Kant Baltic Federal UniversityRussia,,8285,1350,1735,1425,600,1575,1600,2024
142,Al-Zaytoonah University of JordanJordan,,8275,1150,1875,1275,750,1625,1600,2024
143,De La Salle University - DasmarinasPhilippines,,8275,1050,1800,1650,750,1425,1600,2024
144,Dokuz Eylul UniversityTurkiye,,8275,1250,1650,1275,750,1625,1725,2024
145,Sunway UniversityMalaysia,,8275,1200,1575,1275,850,1700,1675,2024
146,University of CamerinoItaly,,8275,1400,1525,1575,750,1400,1625,2024
147,Naresuan UniversityThailand,,8275,1175,1475,1425,900,1550,1750,2024
148,Slovak University of Agriculture in NitraSlovakia,,8275,1150,1425,1725,950,1375,1650,2024
149,Daffodil International UniversityBangladesh,,8260,1025,1660,1425,850,1575,1725,2024
150,Chang Jung Christian UniversityChinese%20Taipei,,8260,1100,1385,1650,1000,1550,1575,2024
151,Chettinad Academy of Research and EducationIndia,,8250,1225,1750,1350,750,1575,1600,2024
152,University Of AnbarIraq,,8250,1300,1725,1200,800,1625,1600,2024
153,Sakarya ÜniversitesiTurkiye,,8250,1375,1725,1350,850,1325,1625,2024
154,Universiti Tunku Abdul RahmanMalaysia,,8250,1325,1500,1500,1000,1200,1725,2024
155,The University of LahorePakistan,,8235,1085,1825,1275,900,1550,1600,2024
156,Dhurakij Pundit UniversityThailand,,8235,1160,1725,1275,800,1475,1800,2024
157,Universidad Autonoma De YucatanMexico,,8225,1475,1825,1425,850,1150,1500,2024
158,Khwaja Fareed University of Engineering and Information TechnologyPakistan,,8225,1225,1725,1350,800,1575,1550,2024
159,"Muhammad Nawaz Shareef University of Agriculture, Multan PakistanPakistan",,8225,1125,1675,1200,800,1700,1725,2024
160,Universiti Malaysia Terengganu (UMT)Malaysia,,8210,1125,1435,1650,850,1375,1775,2024
161,Universidad de SalamancaSpain,,8205,1005,1675,1725,800,1350,1650,2024
162,Universitat Autònoma de BarcelonaSpain,,8200,1050,1925,1725,800,1350,1350,2024
163,Al-Mustaqbal UniversityIraq,,8200,1150,1800,900,950,1650,1750,2024
164,Universitas Sumatera UtaraIndonesia,,8200,1050,1625,1350,900,1525,1750,2024
165,Alzahra UniversityIran,,8200,925,1475,1650,750,1700,1700,2024
166,S R M University (Institute of Science and Technology)India,,8200,925,1425,1800,950,1475,1625,2024
167,Russian State Agrarian University - Moscow Timiryazev Agricultural AcademyRussia,,8200,1425,1325,1275,900,1625,1650,2024
168,Universidad PanamericanaMexico,,8175,1100,1750,1425,900,1425,1575,2024
169,Hochschule AnhaltGermany,,8175,975,1700,1500,800,1550,1650,2024
170,Universidad Politécnica Estatal del CarchiEcuador,,8175,1275,1700,1350,700,1575,1575,2024
171,Universitas Negeri SurabayaIndonesia,,8160,1225,1850,1500,750,1085,1750,2024
172,Pontificia Universidad Catolica De ChileChile,,8160,950,1435,1650,750,1700,1675,2024
173,National Taipei University of TechnologyChinese%20Taipei,,8155,995,1550,1800,660,1600,1550,2024
174,Centro Universitário FacensBrazil,,8150,1075,1850,1350,850,1400,1625,2024
175,Universidad Iberoamericana PueblaMexico,,8150,975,1800,1500,900,1275,1700,2024
176,Rajamangala University of Technology Thanyaburi (RMUTT)Thailand,,8150,1100,1775,1500,950,1500,1325,2024
177,Valaya Alongkorn Rajabhat University Under the Royal PatronageThailand,,8150,1075,1750,1425,900,1425,1575,2024
178,Al-Furat Al-Awsat Technical UniversityIraq,,8150,1050,1575,1200,950,1725,1650,2024
179,Mangalore UniversityIndia,,8150,1375,1550,1350,900,1550,1425,2024
180,Irkutsk National Research Technical UniversityRussia,,8125,1225,1850,1050,750,1500,1750,2024
181,Perm National Research Polytechnic UniversityRussia,,8125,1375,1850,1275,750,1475,1400,2024
182,Jadara UniversityJordan,,8125,1175,1600,1350,900,1525,1575,2024
183,Bartin UniversityTurkiye,,8110,1175,1385,1500,800,1575,1675,2024
184,Universiti Sultan Zainal AbidinMalaysia,,8110,1350,1035,1350,950,1625,1800,2024
185,National Institute of Technology SilcharIndia,,8100,1200,1775,1275,750,1500,1600,2024
186,University of A CoruñaSpain,,8100,1075,1475,1800,900,1300,1550,2024
187,National Chiayi UniversityChinese%20Taipei,,8100,1250,1450,1500,950,1575,1375,2024
188,Instituto Politecnico De Viana Do CasteloPortugal,,8075,1200,1825,1125,850,1400,1675,2024
189,Università degli Studi di SalernoItaly,,8075,1000,1700,1800,600,1325,1650,2024
190,Universidad Iberoamericana TorreónMexico,,8075,1100,1675,1425,900,1425,1550,2024
191,Universidad del ValleColombia,,8060,1275,1260,1650,750,1500,1625,2024
192,University of PeradeniyaSri%20Lanka,,8050,1300,1550,1125,750,1600,1725,2024
193,Universitas Syiah KualaIndonesia,,8050,1175,1425,1575,750,1325,1800,2024
194,King Mongkut's University of Technology North BangkokThailand,,8030,1080,1775,1350,750,1550,1525,2024
195,Universita degli Studi di PadovaItaly,,8025,1000,1650,1575,850,1200,1750,2024
196,Universitas Negeri MalangIndonesia,,8025,1175,1650,1050,900,1575,1675,2024
197,Rajamangala University of Technology IsanThailand,,8025,1375,1175,1500,750,1525,1700,2024
198,Universitas PancasilaIndonesia,,8015,1025,1340,1650,950,1250,1800,2024
199,Gdańsk University of TechnologyPoland,,8010,1250,1535,1575,550,1375,1725,2024
200,Bashkir State Agrarian UniversityRussia,,8010,1375,1285,1425,800,1450,1675,2024
201,Universitas SriwijayaIndonesia,,8000,1050,1625,1575,900,1300,1550,2024
202,Providence UniversityChinese%20Taipei,,8000,1150,1575,1500,750,1575,1450,2024
203,Università degli Studi di FirenzeItaly,,7985,1200,1285,1575,1000,1250,1675,2024
204,American University of the Middle East (AUM)Kuwait,,7985,1075,1085,1575,950,1600,1700,2024
205,University of AugsburgGermany,,7975,1150,1900,1425,650,1400,1450,2024
206,"University of Central Punjab,Lahore, PakistanPakistan",,7975,1275,1750,1200,600,1450,1700,2024
207,Ubon Ratchathani UniversityThailand,,7975,1200,1550,1425,800,1300,1700,2024
208,King Faisal UniversitySaudi%20Arabia,,7975,1225,1500,1350,700,1475,1725,2024
209,Razi University KermanshahIran,,7975,1275,1375,1125,900,1575,1725,2024
210,Ukrainian National Forestry UniversityUkraine,,7975,1175,1325,1500,700,1550,1725,2024
211,Firat UniversityTurkiye,,7950,1300,1775,1050,800,1525,1500,2024
212,NOVA University LisbonPortugal,,7950,1150,1700,1575,700,1225,1600,2024
213,Universidad EIAColombia,,7950,1050,1700,1425,950,1200,1625,2024
214,Universitat De GironaSpain,,7950,900,1675,1725,850,1275,1525,2024
215,University of KashanIran,,7945,1475,2025,1800,1000,210,1435,2024
216,University of PassauGermany,,7930,880,1775,1500,850,1500,1425,2024
217,Hasan Kalyoncu UniversityTurkiye,,7925,1225,1575,1425,800,1550,1350,2024
218,Universitas Islam Negeri Sultan Thaha Saifuddin JambiIndonesia,,7925,1200,1475,1275,850,1425,1700,2024
219,CETYS University (Centro de Ensenanza Tecnica y Superior)Mexico,,7925,1100,1425,1650,1000,1275,1475,2024
220,Universiti SelangorMalaysia,,7925,1375,1225,1500,750,1425,1650,2024
221,Universidade do Vale do Taquari - UNIVATESBrazil,,7910,1150,1335,1500,900,1500,1525,2024
222,Capital University of Science and TechnologyPakistan,,7900,1175,1825,1350,650,1250,1650,2024
223,Pontificia Universidad Javeriana CaliColombia,,7900,1125,1700,1275,950,1350,1500,2024
224,Thaksin UniversityThailand,,7900,1175,1625,1200,800,1425,1675,2024
225,Tecnologico de MonterreyMexico,,7900,1050,1550,1275,950,1275,1800,2024
226,Università degli Studi di GenovaItaly,,7900,950,1525,1800,750,1400,1475,2024
227,Volgograd State UniversityRussia,,7895,1225,1560,1200,550,1610,1750,2024
228,University of KelaniyaSri%20Lanka,,7890,950,1640,1575,750,1275,1700,2024
229,Universitas Esa UnggulIndonesia,,7885,1010,1650,1575,750,1200,1700,2024
230,Sabanci UniversityTurkiye,,7885,1250,1535,1350,900,1350,1500,2024
231,Mariano Marcos State UniversityPhilippines,,7875,1200,1850,1125,650,1400,1650,2024
232,Universidad Militar Nueva GranadaColombia,,7875,1250,1725,1125,900,1425,1450,2024
233,Universidade Federal de Vicosa - UFVBrazil,,7875,1175,1450,1500,750,1375,1625,2024
234,University of BaghdadIraq,,7865,1300,1290,1425,900,1550,1400,2024
235,University of West AtticaGreece,,7860,810,1600,1425,1000,1550,1475,2024
236,Kutahya Health Sciences UniversityTurkiye,,7860,1300,1335,1275,850,1525,1575,2024
237,Università Degli Studi Gabriele D'Annunzio Chieti e PescaraItaly,,7860,1150,1135,1650,750,1500,1675,2024
238,Universidad de AlcaláSpain,,7850,1150,1650,1425,900,1475,1250,2024
239,Kashan University of Medical Sciences and Health ServicesIran,,7850,1225,1650,1500,850,1525,1100,2024
240,Universita Degli Studi Della BasilicataItaly,,7850,1325,1625,1650,400,1325,1525,2024
241,International University of Business Agriculture and TechnologyBangladesh,,7835,1035,1700,1050,750,1625,1675,2024
242,University Of Information Technology And Management In RzeszowPoland,,7835,1100,1650,1650,460,1325,1650,2024
243,Universitas Halu OleoIndonesia,,7825,1100,1575,1350,800,1350,1650,2024
244,Universidad Rey Juan CarlosSpain,,7825,925,1475,1650,700,1400,1675,2024
245,Università degli Studi della TusciaItaly,,7825,1325,1450,1275,650,1350,1775,2024
246,Atatürk ÜniversitesiTurkiye,,7825,1375,1225,1425,750,1475,1575,2024
247,Mersin UniversityTurkiye,,7820,1250,1560,1425,750,1335,1500,2024
248,Universidad Santo TomasColombia,,7810,850,1425,1575,1000,1185,1775,2024
249,GITAM : Gandhi Institute of Technology And ManagementIndia,,7800,1075,1675,1200,750,1350,1750,2024
250,M. Auezov South Kazakhstan UniversityKazakhstan,,7800,1150,1550,1350,700,1575,1475,2024
251,Pibulsongkram Rajabhat UniversityThailand,,7800,1075,1475,1575,850,1500,1325,2024
252,Nitte (Deemed to be University)India,,7800,1275,1275,1050,750,1700,1750,2024
253,Universidad de Bogota Jorge Tadeo LozanoColombia,,7775,1050,1725,1425,900,1250,1425,2024
254,Kutahya Dumlupinar UniversityTurkiye,,7775,1275,1625,1050,750,1475,1600,2024
255,Sohag UniversityEgypt,,7770,1325,1260,1350,1000,1535,1300,2024
256,Tokat Gaziosmanpasa UniversityTurkiye,,7765,1305,1475,1650,800,1325,1210,2024
257,Ziauddin UniversityPakistan,,7750,1075,1775,1050,850,1500,1500,2024
258,Universidade De Santiago De CompostelaSpain,,7750,1000,1675,1650,800,1275,1350,2024
259,University of PetraJordan,,7750,975,1625,1350,850,1225,1725,2024
260,Saveetha Institute of Medical and Technical SciencesIndia,,7750,1000,1600,1125,750,1575,1700,2024
261,Universitas Islam Negeri Raden Fatah PalembangIndonesia,,7750,1250,1575,1125,700,1375,1725,2024
262,Universidade de VigoSpain,,7750,1175,1550,1800,750,1150,1325,2024
263,Hungkuang UniversityChinese%20Taipei,,7750,875,1525,1275,850,1600,1625,2024
264,Sri Sri UniversityIndia,,7750,1275,1450,1275,850,1450,1450,2024
265,University of KerbalaIraq,,7750,1150,1425,1275,800,1500,1600,2024
266,Tarbiat Modares UniversityIran,,7750,1150,1225,1575,750,1450,1600,2024
267,Politeknik Merlimau MelakaMalaysia,,7735,1175,1450,1425,900,1185,1600,2024
268,Universidad de Ciencias Aplicadas y Ambientales UDCAColombia,,7735,1000,1060,1800,1000,1350,1525,2024
269,Universidad CESColombia,,7725,1100,1800,1050,850,1225,1700,2024
270,Tashkent State University Of LawUzbekistan,,7725,1250,1675,1125,750,1550,1375,2024
271,Huachiew Chalermprakiet UniversityThailand,,7725,1075,1400,1650,600,1325,1675,2024
272,Khon Kaen UniversityThailand,,7725,1325,1400,1425,900,1325,1350,2024
273,University of Mohaghegh ArdabiliIran,,7720,1300,1485,975,950,1360,1650,2024
274,Universitas Budi LuhurIndonesia,,7710,1010,1625,1350,850,1475,1400,2024
275,Instituto Tecnologico MetropolitanoColombia,,7710,1010,1575,1650,800,1200,1475,2024
276,Iqra UniversityPakistan,,7700,1300,1575,1125,700,1450,1550,2024
277,"Adam Mickiewicz University, PoznanPoland",,7700,1125,1550,1725,550,1175,1575,2024
278,National University of KaohsiungChinese%20Taipei,,7700,1300,1325,1200,950,1600,1325,2024
279,Hitit UniversityTurkiye,,7690,990,1750,1650,600,1350,1350,2024
280,Bilecik Seyh Edebali UniversityTurkiye,,7685,1025,1650,1575,460,1400,1575,2024
281,Ondokuz Mayis UniversityTurkiye,,7685,1375,1560,1125,850,1325,1450,2024
282,Universidad Autónoma del Estado de MexicoMexico,,7680,1005,1825,1200,750,1425,1475,2024
283,Allama Iqbal Open UniversityPakistan,,7675,1250,1750,975,650,1425,1625,2024
284,Northeastern UniversityThailand,,7675,1050,1650,1200,800,1525,1450,2024
285,Düzce UniversityTurkiye,,7675,1325,1625,1275,550,1325,1575,2024
286,Silpakorn UniversityThailand,,7675,1025,1575,1275,700,1525,1575,2024
287,Afyon Kocatepe UniversityTurkiye,,7670,1005,1490,1650,700,1700,1125,2024
288,Universidade de AveiroPortugal,,7660,1000,1535,1575,700,1225,1625,2024
289,University of BasrahIraq,,7660,1175,1460,1575,850,1200,1400,2024
290,Phetchaburi Rajabhat University (PBRU)Thailand,,7650,1125,1215,1425,950,1385,1550,2024
291,University of BahrainBahrain,,7650,1300,865,1650,850,1185,1800,2024
292,Universidad IcesiColombia,,7625,1125,1700,1050,700,1300,1750,2024
293,Niğde Ömer Halisdemir UniversityTurkiye,,7625,1175,1600,1275,800,1350,1425,2024
294,Kalasalingam Academy of Research and EducationIndia,,7625,1175,1350,1275,800,1675,1350,2024
295,Universidad de La SabanaColombia,,7610,1325,1435,1125,800,1500,1425,2024
296,October 6 UniversityEgypt,,7605,885,1660,1425,700,1410,1525,2024
297,Universitat Internacional de CatalunyaSpain,,7600,910,1415,1725,800,1400,1350,2024
298,Antalya Bilim UniversityTurkiye,,7585,1175,1485,1425,600,1450,1450,2024
299,Hacettepe UniversityTurkiye,,7585,1475,1200,1725,260,1425,1500,2024
300,Tashkent State University of EconomicsUzbekistan,,7575,1025,1750,1200,800,1425,1375,2024
301,Universitas TerbukaIndonesia,,7575,1025,1675,1200,600,1375,1700,2024
302,Universidad Iberoamericana Ciudad de MéxicoMexico,,7575,775,1550,1575,950,1150,1575,2024
303,Cukurova UniversityTurkiye,,7575,1450,1400,1125,650,1425,1525,2024
304,"Batangas State University, The National Engineering UniversityPhilippines",,7570,745,1700,1275,650,1550,1650,2024
305,Universita degli Studi di Milano La StataleItaly,,7570,1125,1500,1800,410,1160,1575,2024
306,Universidad Catolica Andres BelloVenezuela,,7560,1000,1825,1500,750,1110,1375,2024
307,Mugla Sitki Kocman UniversityTurkiye,,7555,1060,1550,1575,460,1185,1725,2024
308,Politeknik Seberang PeraiMalaysia,,7535,1035,1300,1500,700,1475,1525,2024
309,Universidad Miguel Hernandez de ElcheSpain,,7525,1175,1650,1125,800,1550,1225,2024
310,University of AlKafeelIraq,,7500,925,1725,1200,700,1325,1625,2024
311,Universitat Rovira i VirgiliSpain,,7485,910,1425,1800,600,1350,1400,2024
312,Senac University CenterBrazil,,7475,1100,1700,1800,850,1025,1000,2024
313,Universidade de SorocabaBrazil,,7475,1100,1600,1125,750,1450,1450,2024
314,Kun Shan UniversityChinese%20Taipei,,7475,1025,1525,1200,700,1400,1625,2024
315,Universidade Federal do Triângulo MineiroBrazil,,7475,1425,1175,1650,500,1025,1700,2024
316,State Islamic University Syarif Hidayatullah JakartaIndonesia,,7450,850,1475,1500,750,1425,1450,2024
317,King Mongkut's Institute of Technology LadkrabangThailand,,7450,1275,1425,975,750,1375,1650,2024
318,Bukidnon State UniversityPhilippines,,7450,1000,1400,1500,750,1500,1300,2024
319,Universiti Kebangsaan MalaysiaMalaysia,,7450,1200,1375,1050,700,1475,1650,2024
320,Kamphaeng Phet Rajabhat UniversityThailand,,7450,1100,1175,1650,850,1200,1475,2024
321,Kastamonu UniversityTurkiye,,7445,1300,1235,1275,700,1160,1775,2024
322,Universidade Estadual de MaringáBrazil,,7440,1200,1450,1575,650,1150,1415,2024
323,Sumy State UniversityUkraine,,7435,950,1535,1350,700,1325,1575,2024
324,Tarlac Agricultural UniversityPhilippines,,7425,1250,1775,1050,700,1400,1250,2024
325,University of Northern PhilippinesPhilippines,,7425,1150,1400,1350,750,1350,1425,2024
326,Universita degli Studi di Bari Aldo MoroItaly,,7425,850,1225,1575,950,1400,1425,2024
327,Institución Universitaria Politecnico GrancolombianoColombia,,7400,960,1515,1425,850,1250,1400,2024
328,Oguz han Engineering and Technology University of TurkmenistanTurkmenistan,,7400,1200,1475,1125,750,1475,1375,2024
329,Ghulam Ishaq Khan Institute of Engineering Sciences and TechnologyPakistan,,7400,1200,1400,1200,700,1425,1475,2024
330,BINUS UniversityIndonesia,,7385,775,1035,1725,950,1325,1575,2024
331,The Islamia University of BahawalpurPakistan,,7375,1100,1675,1050,650,1475,1425,2024
332,Mardin Artuklu ÜniversitesiTurkiye,,7375,1125,1375,1425,550,1375,1525,2024
333,Centro Universitario do Rio Grande do Norte UNI-RNBrazil,,7370,985,1485,1500,950,1250,1200,2024
334,Universidad Metropolitana CaracasVenezuela,,7360,1225,1725,1500,850,710,1350,2024
335,Universiti Malaysia Kelantan (UMK)Malaysia,,7350,1280,860,1725,760,1050,1675,2024
336,Polytechnic University of Coimbra (PUC)Portugal,,7340,1155,1425,1425,360,1450,1525,2024
337,Derzhavin Tambov State UniversityRussia,,7335,910,1650,1200,700,1450,1425,2024
338,Cairo UniversityEgypt,,7335,1125,1460,975,700,1350,1725,2024
339,SSM Institute of Engineering and TechnologyIndia,,7325,900,1600,975,800,1675,1375,2024
340,Vytautas Magnus UniversityLithuania,,7325,1325,1400,1650,600,1175,1175,2024
341,Prince of Songkla UniversityThailand,,7320,1100,1060,1425,850,1360,1525,2024
342,Universidad Tecnica del NorteEcuador,,7300,1300,1700,975,700,1225,1400,2024
343,Liepaja UniversityLatvia,,7300,710,1465,1725,600,1650,1150,2024
344,Abu Dhabi UniversityUnited%20Arab%20Emirates,,7295,1100,1260,1425,750,1110,1650,2024
345,Mendel University in BrnoCzech%20Republic,,7285,1140,960,1425,600,1510,1650,2024
346,Guru Ghasidas VishwavidyalayaIndia,,7275,1075,1650,975,650,1500,1425,2024
347,Alisher Navo'i Tashkent State University of Uzbek Language and LiteratureUzbekistan,,7275,1000,1575,900,750,1550,1500,2024
348,Università Ca' Foscari VeneziaItaly,,7275,815,1460,1500,550,1500,1450,2024
349,University of GdanskPoland,,7275,950,1325,1425,750,1325,1500,2024
350,Bursa Technical UniversityTurkiye,,7270,900,1585,1425,550,1360,1450,2024
351,Benha UniversityEgypt,,7260,885,1800,1050,800,1350,1375,2024
352,Samar State UniversityPhilippines,,7260,1025,1535,900,550,1675,1575,2024
353,Centro Federal de Educação Tecnológica Celso Suckow da Fonseca - CEFET/RJBrazil,,7260,760,1525,1350,800,1200,1625,2024
354,Ain Shams UniversityEgypt,,7255,810,1610,1200,550,1360,1725,2024
355,IAIN Metro LampungIndonesia,,7250,850,1575,1350,650,1325,1500,2024
356,The University of FaisalabadPakistan,,7250,1100,1575,1125,750,1275,1425,2024
357,Semmelweis UniversityHungary,,7250,805,1225,1725,610,1750,1135,2024
358,Ontario Tech UniversityCanada,,7245,1235,1625,1050,810,1300,1225,2024
359,New Mansoura UniversityEgypt,,7240,1105,1625,1200,650,1400,1260,2024
360,New valley universityEgypt,,7240,1125,1250,1500,750,1300,1315,2024
361,Urdaneta City UniversityPhilippines,,7235,1060,1440,1575,900,960,1300,2024
362,Universidad Autónoma de MadridSpain,,7235,1075,1225,1725,600,1185,1425,2024
363,University of Western MacedoniaGreece,,7230,1200,1475,1500,270,1110,1675,2024
364,Wrocław University Of Environmental And Life SciencesPoland,,7230,1205,1350,1500,750,1100,1325,2024
365,Universitas Teknokrat IndonesiaIndonesia,,7225,1000,1625,975,600,1425,1600,2024
366,Centro Universitário da Fundação Hermínio OmettoBrazil,,7220,910,1550,1650,850,810,1450,2024
367,University of ColomboSri%20Lanka,,7215,925,1390,1200,750,1425,1525,2024
368,Rajamangala University of Technology SuvarnabhumiThailand,,7215,1150,1265,1350,800,1200,1450,2024
369,Selcuk UniversityTurkiye,,7200,1275,1675,900,550,1350,1450,2024
370,Jizzakh Polytechnic InstituteUzbekistan,,7200,1025,1575,1275,750,1275,1300,2024
371,Northern Technical UniversityIraq,,7200,1225,1550,750,500,1675,1500,2024
372,Samarkand Institute of Economics and ServiceUzbekistan,,7200,925,1300,1275,800,1600,1300,2024
373,Universita degli Studi di CagliariItaly,,7200,1100,950,1725,750,1125,1550,2024
374,Universiti Malaysia PerlisMalaysia,,7195,1150,1210,1200,610,1275,1750,2024
375,POLITEKNIK PORT DICKSONMalaysia,,7180,980,1450,1050,750,1300,1650,2024
376,Pir Mehr Ali Shah Arid Agriculture University RawalpindiPakistan,,7175,1175,1600,450,950,1475,1525,2024
377,Politeknik Sultan Idris ShahMalaysia,,7175,1050,1225,1200,700,1350,1650,2024
378,2iE International Institute for Water and Environmental EngineeringBurkina%20Faso,,7175,1050,1100,1350,600,1450,1625,2024
379,Istanbul Aydin UniversityTurkiye,,7170,800,1435,1500,800,1260,1375,2024
380,Universidade De Passo FundoBrazil,,7170,985,1175,1725,800,1035,1450,2024
381,Hatyai UniversityThailand,,7160,1250,1575,1200,600,1010,1525,2024
382,Universitas UdayanaIndonesia,,7160,1325,1550,1275,410,1000,1600,2024
383,Tashkent State Pedagogical UniversityUzbekistan,,7160,960,1500,975,700,1550,1475,2024
384,Universidad SurcolombianaColombia,,7160,1050,910,1500,750,1400,1550,2024
385,Institución Universitaria Colegio Mayor de AntioquiaColombia,,7155,770,1750,1350,850,1260,1175,2024
386,Alexandria UniversityEgypt,,7155,1005,1700,900,800,1250,1500,2024
387,"Institute of Southern Punjab, Multan, PakistanPakistan",,7150,975,1775,825,700,1450,1425,2024
388,Amman Arab UniversityJordan,,7150,1000,1600,1125,650,1325,1450,2024
389,Burapha UniversityThailand,,7150,885,1240,1500,800,1275,1450,2024
390,Juraj Dobrila University of PulaCroatia,,7130,905,1625,1575,350,1650,1025,2024
391,Mohammed VI Polytechnic UniversityMorocco,,7125,925,1250,1200,850,1250,1650,2024
392,Islamic UniversityIraq,,7110,1150,1285,1125,750,1575,1225,2024
393,Ryazan State Medical UniversityRussia,,7110,1075,1185,1350,550,1475,1475,2024
394,University of DebrecenHungary,,7110,1125,1000,1275,410,1650,1650,2024
395,University of Agriculture FaisalabadPakistan,,7105,1035,1410,975,460,1625,1600,2024
396,"POLITEKNIK IBRAHIM SULTAN,JOHOR MALAYSIAMalaysia",,7100,1075,1550,1200,950,775,1550,2024
397,Universita degli Studi di ParmaItaly,,7100,950,1425,1425,400,1250,1650,2024
398,Maynooth UniversityIreland,,7100,825,1325,1800,850,850,1450,2024
399,Cappadocia UniversityTurkiye,,7090,875,1465,1275,500,1575,1400,2024
400,Universitas Islam Negeri Walisongo SemarangIndonesia,,7085,800,1510,1200,750,1425,1400,2024
401,Gazi UniversityTurkiye,,7075,1025,1525,1125,550,1325,1525,2024
402,University of SumerIraq,,7075,890,1435,1500,550,1400,1300,2024
403,Bansomdejchaopraya Rajabhat UniversityThailand,,7065,715,1500,1125,450,1525,1750,2024
404,Russian Biotechnological UniversityRussia,,7065,980,1500,900,460,1600,1625,2024
405,Management and Science UniversityMalaysia,,7065,1000,965,1125,700,1625,1650,2024
406,Arab American UniversityPalestine,,7060,975,1525,1050,600,1210,1700,2024
407,Universitas Aisyiyah YogyakartaIndonesia,,7060,1050,1335,1050,600,1425,1600,2024
408,Seinäjoki University of Applied SciencesFinland,,7055,980,1450,1575,550,1300,1200,2024
409,Universidad de JaénSpain,,7055,805,1400,1200,600,1350,1700,2024
410,Pontifícia Universidade Católica de CampinasBrazil,,7050,990,1350,1500,750,1085,1375,2024
411,Ming Chi University of TechnologyChinese%20Taipei,,7050,1175,1075,1350,700,1225,1525,2024
412,Middle East University (MEU)Jordan,,7035,1000,1425,1200,700,1510,1200,2024
413,Universidade Federal de ItajubaBrazil,,7035,850,1275,1650,950,1300,1010,2024
414,Università Degli Studi Di Urbino Carlo BoItaly,,7020,735,1875,1425,710,1250,1025,2024
415,Holy Spirit University of KaslikLebanon,,7015,840,1500,1575,450,1150,1500,2024
416,Jamia Millia IslamiaIndia,,7015,1100,1215,900,800,1275,1725,2024
417,Osmaniye Korkut Ata UniversityTurkiye,,7010,1000,1500,1050,650,1335,1475,2024
418,Toronto Metropolitan UniversityCanada,,7010,590,1335,1350,610,1550,1575,2024
419,Sukhothai Thammathirat Open UniversityThailand,,7010,750,1300,1500,800,1385,1275,2024
420,National Chung Hsing UniversityChinese%20Taipei,,7010,1225,1060,1275,800,1275,1375,2024
421,Hochschule Weihenstephan-triesdorfGermany,,7010,1100,1035,1725,350,1350,1450,2024
422,Abai Kazakh National Pedagogical UniversityKazakhstan,,7000,1100,1450,900,500,1525,1525,2024
423,Stavropol State Agrarian UniversityRussia,,7000,1110,1415,1200,500,1150,1625,2024
424,Igdir UniversitesiTurkiye,,7000,1025,1365,1425,800,810,1575,2024
425,Eötvös Loránd University BudapestHungary,,7000,975,1250,1350,700,1450,1275,2024
426,Universidade Federal FluminenseBrazil,,6995,960,1385,1200,400,1425,1625,2024
427,Soochow UniversityChinese%20Taipei,,6990,915,1300,1500,650,1150,1475,2024
428,Universitas Pendidikan IndonesiaIndonesia,,6985,825,1185,1275,800,1275,1625,2024
429,Universitas Katolik Indonesia Atma JayaIndonesia,,6985,1050,1110,975,800,1625,1425,2024
430,Universitas Ahmad DahlanIndonesia,,6980,1125,955,1350,850,1225,1475,2024
431,Mangalayatan University JabalpurIndia,,6975,1225,1500,1050,700,1450,1050,2024
432,O.P. Jindal UniversityIndia,,6975,1225,1425,825,750,1425,1325,2024
433,Bialystok University of TechnologyPoland,,6965,1055,1525,1500,410,875,1600,2024
434,Beni-Suef UniversityEgypt,,6960,1085,1625,825,550,1150,1725,2024
435,University of Warith Al-AnbiyaaIraq,,6960,850,1475,1125,800,1385,1325,2024
436,Open University of Sri LankaSri%20Lanka,,6960,810,1325,1125,650,1300,1750,2024
437,Gunadarma UniversityIndonesia,,6960,1100,1300,1050,600,1235,1675,2024
438,Università di TriesteItaly,,6955,835,1285,1425,950,1060,1400,2024
439,Western Caspian UniversityAzerbaijan,,6950,800,1675,900,600,1275,1700,2024
440,Palestine Technical University - KadooriePalestine,,6950,900,1650,975,650,1475,1300,2024
441,Bhagat Phool Singh Mahila VishwavidyalayaIndia,,6950,1175,1475,1275,650,1450,925,2024
442,Universidad Catolica De ManizalesColombia,,6945,985,1435,1275,800,1175,1275,2024
443,Universitas Kristen Krida WacanaIndonesia,,6935,910,1625,1275,650,1275,1200,2024
444,Zonguldak Bulent Ecevit UniversityTurkiye,,6935,1100,1350,1425,750,1035,1275,2024
445,Universidad De GuadalajaraMexico,,6925,850,1550,1050,450,1500,1525,2024
446,Università Degli Studi di Modena e Reggio EmiliaItaly,,6925,1000,1150,1650,350,1500,1275,2024
447,Bukhara State UniversityUzbekistan,,6910,1125,1600,900,500,1310,1475,2024
448,The National University of Ostroh AcademyUkraine,,6910,975,1485,1425,350,1600,1075,2024
449,Politeknik MukahMalaysia,,6910,850,1275,1350,700,1085,1650,2024
450,Minia UniversityEgypt,,6905,1005,1425,1125,750,1350,1250,2024
451,University of PannoniaHungary,,6900,975,1325,1125,500,1475,1500,2024
452,Kocaeli UniversityTurkiye,,6895,1250,1335,1200,600,1085,1425,2024
453,"Arab Academy for Science, Technology, and Maritime TransportEgypt",,6895,785,1260,1050,800,1400,1600,2024
454,Tashkent State Transport UniversityUzbekistan,,6885,985,1750,750,750,1400,1250,2024
455,Yessenov UniversityKazakhstan,,6880,830,1475,1200,600,1025,1750,2024
456,Universidad de ValladolidSpain,,6865,830,1700,1350,410,1125,1450,2024
457,Periyar Maniammai Institute of Science & TechnologyIndia,,6860,975,1435,1125,850,1175,1300,2024
458,Iscte - Instituto Universitário de LisboaPortugal,,6860,600,1410,1425,600,1300,1525,2024
459,Universitas Katolik ParahyanganIndonesia,,6850,925,1450,1200,700,1200,1375,2024
460,Tashkent State Technical Universitiy Named After Islam KarimovUzbekistan,,6850,1025,1400,1050,700,1300,1375,2024
461,Gorgan University Of Agricultural Sciences And Natural ResourcesIran,,6850,1025,1275,1125,700,1200,1525,2024
462,POLITEKNIK JELI KELANTANMalaysia,,6850,1125,1200,1050,850,1525,1100,2024
463,"Hazara University Mansehra, Khyber Pakhtunkhwa (KP) PakistanPakistan",,6825,950,1700,1050,700,1400,1025,2024
464,Saint Louis UniversityPhilippines,,6820,960,1700,1125,650,1210,1175,2024
465,Canakkale Onsekiz Mart UniversityTurkiye,,6820,1100,1250,1650,310,1185,1325,2024
466,Loei Rajabhat UniversityThailand,,6810,1200,1000,1425,600,1185,1400,2024
467,Universitas Negeri ManadoIndonesia,,6810,1225,975,1125,950,1010,1525,2024
468,Government College Women University SialkotPakistan,,6800,1125,1675,825,450,1350,1375,2024
469,Al-Quds UniversityPalestine,,6800,900,1325,1125,750,1450,1250,2024
470,Saint Mary's UniversityPhilippines,,6795,1025,1450,1125,410,1335,1450,2024
471,Universidad de AlicanteSpain,,6795,795,1340,1800,700,685,1475,2024
472,Universitas Pelita HarapanIndonesia,,6795,835,1235,1500,750,1275,1200,2024
473,Artvin Çoruh UniversityTurkiye,,6795,1025,1035,1200,750,1335,1450,2024
474,S.A.Niyazov Turkmen Agricultural UniversityTurkmenistan,,6795,1175,995,675,700,1650,1600,2024
475,Corvinus University of BudapestHungary,,6785,735,1575,1200,450,1500,1325,2024
476,National Chung Cheng UniversityChinese%20Taipei,,6780,880,865,1575,900,1185,1375,2024
477,Universidad Autonoma MetropolitanaMexico,,6775,875,1525,900,1000,1225,1250,2024
478,"Mehran University of Engineering & Technology, JamshoroPakistan",,6775,1055,1475,1050,610,1135,1450,2024
479,Andijan Machine-Building InstituteUzbekistan,,6775,925,1350,900,650,1325,1625,2024
480,Universitas AndalasIndonesia,,6775,930,985,1425,750,985,1700,2024
481,KOLEJ KOMUNITI JERANTUTMalaysia,,6765,690,1175,1350,750,1525,1275,2024
482,VSB - Technical University of OstravaCzech%20Republic,,6760,800,1350,1500,750,1010,1350,2024
483,Fergana State UniversityUzbekistan,,6760,700,1210,1500,600,1175,1575,2024
484,Jean Moulin University Lyon 3France,,6750,550,1850,1350,600,1400,1000,2024
485,Mustansiriyah UniversityIraq,,6750,925,1200,1275,550,1225,1575,2024
486,Nakhon Si Thammarat Rajabhat UniversityThailand,,6750,1225,1050,900,650,1475,1450,2024
487,Xavier University Ateneo De CagayanPhilippines,,6745,875,1410,1350,700,1335,1075,2024
488,Politeknik Kota KinabaluMalaysia,,6745,935,1285,1350,700,1150,1325,2024
489,Usak UniversityTurkiye,,6740,930,1285,1050,600,1525,1350,2024
490,Universitas Pembangunan Nasional Veteran Jawa TimurIndonesia,,6735,915,1535,1050,500,1135,1600,2024
491,An Giang University - Vietnam National University Ho Chi Minh CityVietnam,,6735,925,1125,1575,460,1450,1200,2024
492,Universidad Tecnológica de PanamáPanama,,6735,1100,1110,900,550,1450,1625,2024
493,Samarkand State UniversityUzbekistan,,6725,1000,1625,1050,700,1100,1250,2024
494,Universidad de Costa RicaCosta%20Rica,,6725,925,1290,1350,750,1135,1275,2024
495,Yuan Ze UniversityChinese%20Taipei,,6725,825,1175,1200,650,1375,1500,2024
496,Universidad Catolica De CordobaArgentina,,6720,1200,1560,1275,350,1035,1300,2024
497,Politeknik Negeri MalangIndonesia,,6720,950,1210,1350,550,1185,1475,2024
498,Uzbekistan State World Languages UniversityUzbekistan,,6710,860,1525,750,850,1275,1450,2024
499,Peruvian University Cayetano HerediaPeru,,6710,1090,1435,1425,400,1035,1325,2024
500,Fo Guang UniversityChinese%20Taipei,,6710,1125,1060,1125,650,1200,1550,2024
501,Southern Leyte State UniversityPhilippines,,6700,1035,1550,825,700,1450,1140,2024
502,Universitas Bangka BelitungIndonesia,,6700,1000,1490,1275,400,1035,1500,2024
503,Atilim UniversityTurkiye,,6700,850,1250,1425,750,1150,1275,2024
504,Bilkent UniversityTurkiye,,6700,1275,875,1500,360,1275,1415,2024
505,Universita degli Studi di FerraraItaly,,6690,1005,1175,1650,610,1200,1050,2024
506,Bulacan Agricultural State CollegePhilippines,,6685,1225,1550,675,550,1260,1425,2024
507,Universidad Nacional Del LitoralArgentina,,6685,1085,1275,975,500,1250,1600,2024
508,Politécnico de Lisboa | Polytechnic University of LisbonPortugal,,6685,575,1235,1650,500,1450,1275,2024
509,Manisa Celal Bayar UniversityTurkiye,,6675,1075,1500,1050,500,1275,1275,2024
510,Can Tho University of Medicine and PharmacyVietnam,,6675,1175,1475,1050,750,1125,1100,2024
511,Karunya Institute of Technology and SciencesIndia,,6675,1200,1200,1050,600,1175,1450,2024
512,University of Technology SarawakMalaysia,,6675,1075,1150,1050,750,1425,1225,2024
513,West Visayas State UniversityPhilippines,,6675,1355,1085,975,800,1185,1275,2024
514,Pontificia Universidad Catolica Del PerúPeru,,6670,875,1460,1575,160,1275,1325,2024
515,Gaziantep UniversityTurkiye,,6670,960,1025,1725,610,1085,1265,2024
516,Universidad de Las Palmas de Gran CanariaSpain,,6660,1025,1175,1575,510,1025,1350,2024
517,Non-profit JSC Almaty University of Power Engineering and Telecommunications named after Gumarbek DaukeyevKazakhstan,,6650,695,1585,1200,410,1285,1475,2024
518,Government College Women University Faisalabad PakistanPakistan,,6650,950,1450,900,550,1425,1375,2024
519,Chung Hua UniversityChinese%20Taipei,,6650,950,1250,1650,800,1075,925,2024
520,British Columbia Institute of TechnologyCanada,,6650,685,1240,1575,700,1050,1400,2024
521,Al-Kitab UniversityIraq,,6640,855,1450,1050,700,1285,1300,2024
522,Applied Science UniversityBahrain,,6625,900,1425,1200,700,1325,1075,2024
523,Universitas Pembangunan Nasional Veteran YogyakartaIndonesia,,6620,1000,1485,1200,500,885,1550,2024
524,Universidad Tecnica Particular de LojaEcuador,,6610,1010,1600,1125,500,1275,1100,2024
525,University of SialkotPakistan,,6610,1300,1575,975,750,910,1100,2024
526,Euromed University of FesMorocco,,6605,1030,1475,975,450,1300,1375,2024
527,University of Hradec KraloveCzech%20Republic,,6605,860,1385,1575,510,1200,1075,2024
528,Università Degli Studi di BergamoItaly,,6600,790,1775,1275,360,1100,1300,2024
529,National Skills University IslamabadPakistan,,6600,950,1575,1275,350,1200,1250,2024
530,Universidad Publica De NavarraSpain,,6595,875,1285,1575,460,975,1425,2024
531,University of NavarraSpain,,6585,1085,1315,1425,360,1175,1225,2024
532,"Chitkara University, PunjabIndia",,6575,890,1525,1275,800,960,1125,2024
533,University of WahPakistan,,6575,800,1475,1125,600,1225,1350,2024
534,Tanta UniversityEgypt,,6575,790,1450,1050,600,1410,1275,2024
535,University of MalakandPakistan,,6575,1000,1450,900,550,1350,1325,2024
536,Politeknik Banting Selangor (PBS)Malaysia,,6575,1000,1060,975,700,1525,1315,2024
537,Universidad de AméricaColombia,,6565,975,1265,1275,700,1250,1100,2024
538,Hebrew University Of JerusalemIsrael,,6565,975,1040,1275,650,1475,1150,2024
539,University Lucian Blaga of SibiuRomania,,6565,980,960,1500,700,1275,1150,2024
540,I-Shou UniversityChinese%20Taipei,,6560,875,1310,1350,850,1075,1100,2024
541,Phranakhon Si Ayutthaya Rajabhat UniversityThailand,,6560,900,1160,1200,350,1500,1450,2024
542,Fayoum UniversityEgypt,,6560,575,1035,1350,750,1200,1650,2024
543,Akdeniz UniversityTurkiye,,6560,1225,910,1350,500,1275,1300,2024
544,Universitas 17 Agustus 1945 SurabayaIndonesia,,6555,835,1560,1500,550,1175,935,2024
545,University of KirkukIraq,,6550,775,1475,1125,450,1425,1300,2024
546,Universidade Federal de Santa MariaBrazil,,6550,1375,1050,1125,650,1150,1200,2024
547,Edge Hill UniversityUnited%20Kingdom,,6545,835,1525,1275,650,1400,860,2024
548,Universidad Científica Del SurPeru,,6545,885,1425,900,600,1260,1475,2024
549,Yazd UniversityIran,,6540,765,1400,1050,750,1375,1200,2024
550,Universidad Tecnica Federico Santa MariaChile,,6525,825,1550,1125,700,1050,1275,2024
551,Perm State UniversityRussia,,6525,875,1350,1275,550,1225,1250,2024
552,Integral UniversityIndia,,6525,830,1010,1275,800,1210,1400,2024
553,Omsk State Agrarian UniversityRussia,,6525,975,800,1575,550,1150,1475,2024
554,Al-Muthanna UniversityIraq,,6520,900,1385,975,650,1185,1425,2024
555,Universitas JemberIndonesia,,6515,980,1210,900,550,1325,1550,2024
556,Egyptian Russian UniversityEgypt,,6510,825,1100,1350,950,1060,1225,2024
557,Bursa Uludag UniversityTurkiye,,6505,1250,1035,1200,410,1035,1575,2024
558,Institute Polytechnic Of PortoPortugal,,6495,660,1110,1575,700,1150,1300,2024
559,The Hang Seng University of Hong KongHong%20Kong,,6490,665,1375,1350,650,1500,950,2024
560,Al-Farabi Kazakh National UniversityKazakhstan,,6490,1080,1275,975,460,1100,1600,2024
561,Universitas TrisaktiIndonesia,,6485,1200,1400,975,500,1010,1400,2024
562,Kafrelsheikh UniversityEgypt,,6485,950,1350,975,550,1235,1425,2024
563,Pangasinan State UniversityPhilippines,,6485,875,1325,900,800,1160,1425,2024
564,Institute for Art & CulturePakistan,,6485,1225,1310,1200,750,775,1225,2024
565,Izmir Bakircay UniversityTurkiye,,6475,900,1525,900,600,1175,1375,2024
566,Palestine Ahliya UniversityPalestine,,6475,1000,1450,675,750,1425,1175,2024
567,Università degli Studi Roma TreItaly,,6470,835,1300,1275,460,1125,1475,2024
568,Fundación Universitaria NavarraColombia,,6460,1150,1425,1200,800,1010,875,2024
569,Marmara UniversityTurkiye,,6460,1100,1375,900,450,1285,1350,2024
570,Palestine Polytechnic UniversityPalestine,,6455,570,1750,825,310,1450,1550,2024
571,Domus AcademyItaly,,6455,780,1325,825,600,1700,1225,2024
572,German Jordanian UniversityJordan,,6450,750,1400,900,600,1350,1450,2024
573,Universitas Islam Negeri Maulana Malik Ibrahim MalangIndonesia,,6450,975,1400,900,500,1225,1450,2024
574,Al-Zahraa University for WomenIraq,,6435,850,1400,975,550,1285,1375,2024
575,Aksaray UniversityTurkiye,,6435,1200,1310,1275,210,1475,965,2024
576,Amirkabir University of TechnologyIran,,6435,425,1200,1650,650,1135,1375,2024
577,Palacky University OlomoucCzech%20Republic,,6435,815,985,1350,750,1350,1185,2024
578,Gebze Techinal UniversityTurkiye,,6435,1250,985,750,500,1475,1475,2024
579,Gulf University For Science & TechnologyKuwait,,6430,1035,1360,1200,700,685,1450,2024
580,Catanduanes State UniversityPhilippines,,6420,1100,885,1275,750,1110,1300,2024
581,Ean UniversityColombia,,6415,630,1535,825,700,1350,1375,2024
582,Bahria UniversityPakistan,,6415,510,1360,1350,510,1135,1550,2024
583,University of Al-QadisiyahIraq,,6410,1075,1250,1125,700,1110,1150,2024
584,Istanbul Sabahattin Zaim UniversityTurkiye,,6405,710,1535,1725,400,1125,910,2024
585,Politeknik NilaiMalaysia,,6400,1125,1325,825,600,1400,1125,2024
586,Atyrau University named after Khalel DosmukhamedovKazakhstan,,6395,685,1460,975,550,1475,1250,2024
587,Azarbaijan Shahid Madani UniversityIran,,6390,820,1185,1125,750,1210,1300,2024
588,Al-Nahrain UniversityIraq,,6385,825,1410,825,700,1200,1425,2024
589,Universidade Federal Do CearaBrazil,,6385,900,1190,1500,460,1175,1160,2024
590,Bayburt UniversityTurkiye,,6380,930,1350,900,550,1250,1400,2024
591,University of OkaraPakistan,,6375,1200,1525,825,700,1200,925,2024
592,International Horse Breeding Academy named after Aba AnnaevTurkmenistan,,6375,880,1110,1050,850,1410,1075,2024
593,Escuela Superior Politecnica de ChimborazoEcuador,,6375,1250,1050,1125,600,1225,1125,2024
594,Dicle UniversityTurkiye,,6375,1275,900,1650,510,1375,665,2024
595,Universitas Ciputra SurabayaIndonesia,,6370,745,1475,1125,550,1100,1375,2024
596,"Cardinal Stefan Wyszynski University in Warsaw, PolandPoland",,6365,880,1325,1350,360,1200,1250,2024
597,University of OradeaRomania,,6360,825,1625,1050,560,1200,1100,2024
598,University at AlbanyUSA,,6350,1055,1035,1575,650,985,1050,2024
599,Ağrı İbrahim Çeçen ÜniversitesiTurkiye,,6350,1150,1015,975,710,1250,1250,2024
600,Ibn Tofail UniversityMorocco,,6345,785,1275,900,950,835,1600,2024
601,Novosibirsk State University Of Economics And ManagementRussia,,6345,885,1025,1575,410,1250,1200,2024
602,Kyrgyz Turkish Manas UniversityKyrgyzstan,,6345,1055,790,1200,700,1400,1200,2024
603,"George Emil Palade University of Medicine, Pharmacy, Science, and Technology of Targu MuresRomania",,6340,1105,1485,1200,350,1175,1025,2024
604,FURG - Universidade Federal do Rio GrandeBrazil,,6340,775,1090,1575,650,1275,975,2024
605,Ankara UniversityTurkiye,,6335,1250,1210,825,600,1250,1200,2024
606,Kto Karatay UniversityTurkiye,,6335,1075,1200,1200,800,1210,850,2024
607,Baku State UniversityAzerbaijan,,6335,810,865,1050,650,1560,1400,2024
608,Isfahan University Of TechnologyIran,,6335,940,585,1650,1000,1060,1100,2024
609,Tver State Technical UniversityRussia,,6330,880,1475,750,700,1175,1350,2024
610,University of HormozganIran,,6330,1110,810,1200,700,1135,1375,2024
611,Universitas Muhammadiyah Prof.Dr HamkaIndonesia,,6320,935,1260,825,550,1525,1225,2024
612,Universidade Federal do Rio Grande do Sul - UFRGSBrazil,,6315,1055,1375,975,560,1275,1075,2024
613,Samarkand State Institute of Foreign LanguagesUzbekistan,,6310,860,1600,600,600,1400,1250,2024
614,Universidad Autónoma Del Estado De HidalgoMexico,,6310,850,1175,1575,310,1075,1325,2024
615,Universidad de las AmericasEcuador,,6310,685,1125,1050,800,1275,1375,2024
616,Rajamangala University Of Technology Phra NakhonThailand,,6305,790,1165,975,350,1350,1675,2024
617,Mansoura UniversityEgypt,,6300,950,1375,600,750,1325,1300,2024
618,Polytechnic of MersingMalaysia,,6300,1250,1025,900,450,1325,1350,2024
619,Panpacific UniversityPhilippines,,6295,860,1610,750,300,1475,1300,2024
620,American University in CairoEgypt,,6285,835,1350,825,900,1250,1125,2024
621,Roi Et Rajabhat UniversityThailand,,6285,985,1275,1050,600,1125,1250,2024
622,Vignana Jyothi Institute of ManagementIndia,,6280,705,1450,1050,750,1250,1075,2024
623,Al Ain UniversityUnited%20Arab%20Emirates,,6275,1100,1275,750,800,1200,1150,2024
624,Buriram Rajabhat UniversityThailand,,6275,905,970,675,600,1375,1750,2024
625,KOLEJ KOMUNITI JASIN (KKJS)Malaysia,,6270,975,1335,1275,450,1125,1110,2024
626,Institut Teknologi Nasional BandungIndonesia,,6270,810,1250,900,410,1400,1500,2024
627,CENTROMexico,,6270,635,1210,1350,900,975,1200,2024
628,University of Rizal SystemPhilippines,,6270,1175,1125,900,660,1235,1175,2024
629,International European UniversityUkraine,,6260,1025,1425,900,700,1085,1125,2024
630,University of MosulIraq,,6250,1200,1325,750,600,1250,1125,2024
631,Balikesir UniversityTurkiye,,6250,1015,1100,1425,550,1275,885,2024
632,Azerbaijan University of Architecture and ConstructionAzerbaijan,,6245,670,1100,975,800,1200,1500,2024
633,Biliran Province State UniversityPhilippines,,6240,1130,1075,750,310,1450,1525,2024
634,POLITEKNIK TUANKU SULTANAH BAHIYAHMalaysia,,6235,1125,975,1125,550,1085,1375,2024
635,Universidad Tecnologica de BolivarColombia,,6235,925,960,1275,700,1050,1325,2024
636,Hakim Sabzevari UniversityIran,,6230,1030,875,1125,650,1400,1150,2024
637,Istanbul Atlas UniversityTurkiye,,6225,640,1435,1200,650,1100,1200,2024
638,Universidad De Castilla La ManchaSpain,,6225,925,1425,1200,450,1150,1075,2024
639,"Guru Jambheshwar University of Science and Technology,Hisar, HaryanaIndia",,6225,1050,1200,900,750,1375,950,2024
640,Don Honorio Ventura State UniversityPhilippines,,6220,585,1490,1350,610,1210,975,2024
641,Teesside UniversityUnited%20Kingdom,,6220,470,1475,1425,550,1175,1125,2024
642,University of ZanjanIran,,6215,1055,1300,900,650,1135,1175,2024
643,University of EducationPakistan,,6210,875,1210,600,600,1275,1650,2024
644,Bulacan State UniversityPhilippines,,6200,810,1525,1125,750,1275,715,2024
645,Northern Border UniversitySaudi%20Arabia,,6200,980,835,825,600,1285,1675,2024
646,"University of Engineering and Technology, TaxilaPakistan",,6190,980,1025,900,410,1650,1225,2024
647,De La Salle University ManilaPhilippines,,6185,825,1375,1125,450,1210,1200,2024
648,Kalinga State UniversityPhilippines,,6185,1175,1285,675,500,1375,1175,2024
649,Rajamangala University of Technology RattanakosinThailand,,6185,700,950,1200,850,935,1550,2024
650,Eskisehir Osmangazi UniversityTurkiye,,6185,1200,835,975,450,1350,1375,2024
651,Bolu Abant Izzet Baysal University (BAIBU)Turkiye,,6180,1035,1200,1575,800,1085,485,2024
652,Nakhon Pathom Rajabhat UniversityThailand,,6175,880,1210,1125,600,1085,1275,2024
653,Middle Technical UniversityIraq,,6160,835,1590,600,650,1210,1275,2024
654,National Institute of Development AdministrationThailand,,6160,760,1150,900,650,1450,1250,2024
655,Sisaket Rajabhat UniversityThailand,,6150,925,1425,900,400,1200,1300,2024
656,King Saud bin Abdulaziz University for Health SciencesSaudi%20Arabia,,6150,1015,1060,825,850,1175,1225,2024
657,Universidad Iberoamericana LeónMexico,,6145,955,1415,900,600,1050,1225,2024
658,Kanchanaburi Rajabhat UniversityThailand,,6145,1000,1250,975,320,1325,1275,2024
659,Universidad Autonoma De San Luis PotosiMexico,,6145,685,1060,975,550,1250,1625,2024
660,Universitas Negeri PadangIndonesia,,6140,595,1460,900,350,1260,1575,2024
661,University of Saint LouisPhilippines,,6135,835,1425,975,300,1400,1200,2024
662,Shakarim University of SemeyKazakhstan,,6135,1175,1300,750,450,1035,1425,2024
663,Kayseri UniversityTurkiye,,6135,775,1285,1125,500,1125,1325,2024
664,Izmir Katip Celebi UniversityTurkiye,,6135,665,1275,1725,210,885,1375,2024
665,"PETROLEUM-GAS UNIVERSITY OF PLOIESTI, ROMANIARomania",,6125,750,1625,750,550,1175,1275,2024
666,Karamanoğlu Mehmetbey ÜniversityTurkiye,,6125,1050,1175,1350,500,1075,975,2024
667,Al-Karkh University of ScienceIraq,,6120,1300,1245,825,400,1175,1175,2024
668,Universidad de PamplonaColombia,,6110,1125,1425,975,500,1135,950,2024
669,Universita degli Studi del Piemonte OrientaleItaly,,6110,760,1325,975,600,1075,1375,2024
670,Azerbaijan State University of Economics (UNEC)Azerbaijan,,6105,885,1510,675,500,1210,1325,2024
671,Air University IslamabadPakistan,,6100,825,1350,1125,550,1150,1100,2024
672,Universitas RiauIndonesia,,6095,1125,1135,975,750,1085,1025,2024
673,Meybod UniversityIran,,6090,920,1125,975,510,1510,1050,2024
674,University of GujratPakistan,,6085,950,1210,750,600,1250,1325,2024
675,Financial University under the Government of the Russian FederationRussia,,6085,740,935,1050,550,1285,1525,2024
676,Hilla UniversityIraq,,6080,890,1095,900,700,1360,1135,2024
677,Istanbul Gelisim UniversityTurkiye,,6070,710,1475,900,650,1160,1175,2024
678,OST - Ostschweizer FachhochschuleSwitzerland,,6070,570,1175,1425,800,1325,775,2024
679,Universidad Autónoma de QuerétaroMexico,,6065,975,1465,1125,310,1250,940,2024
680,University of the CordillerasPhilippines,,6065,530,1300,750,750,1360,1375,2024
681,Minhaj University LahorePakistan,,6060,900,1310,825,700,1125,1200,2024
682,Van Yuzuncu Yil UniversityTurkiye,,6055,970,950,1275,360,1350,1150,2024
683,University of Medicine and Pharmacy Grigore T PopaRomania,,6050,515,1400,1275,700,985,1175,2024
684,Chandrakasem Rajabhat UniversityThailand,,6050,755,1235,1350,260,1050,1400,2024
685,Dow University of Health Sciences KarachiPakistan,,6050,825,1100,900,650,1325,1250,2024
686,Central Philippines State University  (CPSU)Philippines,,6050,1300,1090,900,550,935,1275,2024
687,Tyumen Industrial UniversityRussia,,6040,635,1010,1050,510,1310,1525,2024
688,Rostov State Trasport UniversityRussia,,6035,725,1325,1050,550,1385,1000,2024
689,Islamic University of GazaPalestine,,6025,900,1375,825,600,1175,1150,2024
690,University of IbaguéColombia,,6025,850,1275,750,550,1300,1300,2024
691,Universitat de Vic - Universitat Central de CatalunyaSpain,,6015,500,1750,1200,500,1175,890,2024
692,Hindustan Institute of Technology & ScienceIndia,,6015,805,935,975,850,1125,1325,2024
693,Batman UniversityTurkiye,,6015,955,910,750,350,1425,1625,2024
694,Universidad Nacional Abierta y a Distancia ColombiaColombia,,6010,840,1400,900,650,1110,1110,2024
695,Indian Institute of Management IndoreIndia,,6010,1125,1135,1275,800,1075,600,2024
696,Universitas SamudraIndonesia,,6010,1125,1075,1050,600,835,1325,2024
697,Alamein International UniversityEgypt,,6005,785,1160,1050,550,1160,1300,2024
698,Universidad Santiago de CaliColombia,,5995,795,1425,1125,950,1000,700,2024
699,Universidade Federal Do Rio De JaneiroBrazil,,5990,880,675,1350,600,1135,1350,2024
700,Universitat de ValenciaSpain,,5985,575,1325,1425,700,800,1160,2024
701,Lviv Polytechnic National UniversityUkraine,,5985,735,1250,975,250,1125,1650,2024
702,Cag UniversityTurkiye,,5985,1040,910,900,700,910,1525,2024
703,The Law Enforcement Academy of the Republic of UzbekistanUzbekistan,,5980,880,1500,825,550,1250,975,2024
704,Moscow State Linguistic UniversityRussia,,5980,485,1335,1350,450,1160,1200,2024
705,Altoosi UniversityIraq,,5980,595,1250,900,800,1460,975,2024
706,Üsküdar UniversityTurkiye,,5975,480,1310,675,700,1285,1525,2024
707,Tomas Bata UniversityCzech%20Republic,,5975,640,1185,1500,550,900,1200,2024
708,KOLEJ KOMUNITI MASJID TANAHMalaysia,,5965,855,985,1050,600,1225,1250,2024
709,Lagos State UniversityNigeria,,5960,785,1425,825,600,1200,1125,2024
710,Al al-Bayt UniversityJordan,,5960,1000,1300,825,800,835,1200,2024
711,"Politeknik Perkeretaapian Indonesia, MadiunIndonesia",,5960,725,985,900,550,1350,1450,2024
712,Damietta UniversityEgypt,,5955,730,1350,900,650,975,1350,2024
713,Universite De SousseTunisia,,5955,830,1250,750,600,1150,1375,2024
714,South Eastern University of Sri LankaSri%20Lanka,,5950,1050,1250,900,600,1150,1000,2024
715,WCC AERONAUTICAL & TECHNOLOGICAL COLLEGE INC.Philippines,,5950,900,1200,825,500,1200,1325,2024
716,Estonian University of Life SciencesEstonia,,5950,990,650,1500,460,825,1525,2024
717,Universitas Islam Sultan AgungIndonesia,,5945,810,1035,1050,550,1225,1275,2024
718,The Women University MultanPakistan,,5935,975,1375,750,500,1060,1275,2024
719,Institute of Business ManagementPakistan,,5935,500,1275,975,560,1225,1400,2024
720,Kazakh National Agrarian Research University (KazNARU)Kazakhstan,,5925,825,1200,1125,600,950,1225,2024
721,CYPRUS SCIENCE UNIVERSITYTurkiye,,5925,975,1050,1200,700,1250,750,2024
722,Ubon Ratchathani Rajabhat UniversityThailand,,5925,900,925,975,450,1350,1325,2024
723,Mykolas Romeris UniversityLithuania,,5915,930,1125,1275,510,925,1150,2024
724,Navoi State University of Mining and TechnologiesUzbekistan,,5910,975,1450,750,500,1110,1125,2024
725,Universidade Federal do Oeste do Pará - UfopaBrazil,,5910,1050,1050,750,650,935,1475,2024
726,Turkmen Agricultural InstituteTurkmenistan,,5910,1150,700,900,700,1475,985,2024
727,University of Al-AmeedIraq,,5900,750,1425,825,700,1150,1050,2024
728,Karakoram International UniversityPakistan,,5895,910,1475,900,450,785,1375,2024
729,Suratthani Rajabhat UniversityThailand,,5895,1000,1135,1125,360,1225,1050,2024
730,The Catholic University of AmericaUSA,,5890,895,1035,1125,700,1225,910,2024
731,Zagazig UniversityEgypt,,5880,695,1225,1275,550,785,1350,2024
732,Islamic university of LebanonLebanon,,5875,1050,1250,825,600,1075,1075,2024
733,Assiut UniversityEgypt,,5875,800,1200,1125,550,875,1325,2024
734,Fatima Jinnah Women UniversityPakistan,,5865,875,1185,825,170,1110,1700,2024
735,University of DiyalaIraq,,5865,880,1150,675,600,1260,1300,2024
736,Istanbul Medeniyet UniversityTurkiye,,5865,395,985,1500,650,860,1475,2024
737,Politeknik Internasional BaliIndonesia,,5865,825,815,1350,450,975,1450,2024
738,Universidad La Gran ColombiaColombia,,5865,880,700,1350,550,1310,1075,2024
739,King Khalid UniversitySaudi%20Arabia,,5860,1125,1135,600,550,1250,1200,2024
740,Univerity of Al MaarifIraq,,5855,780,1425,750,500,1125,1275,2024
741,University of MazandaranIran,,5855,870,1260,825,600,1350,950,2024
742,Madenat Alelem University CollegeIraq,,5850,955,1260,975,650,935,1075,2024
743,SR UniversityIndia,,5850,1075,1225,825,650,1125,950,2024
744,Universitas BakrieIndonesia,,5845,775,1160,900,600,1210,1200,2024
745,Kohat University of Science & TechnologyPakistan,,5840,980,1010,900,650,1250,1050,2024
746,Kut University CollegeIraq,,5840,640,750,1050,700,1150,1550,2024
747,Aswan UniversityEgypt,,5830,835,1150,975,610,1035,1225,2024
748,"University of South Asia, Lahore, PakistanPakistan",,5825,1100,1300,600,550,1175,1100,2024
749,UNIVERSITY OF EASTERN PHILIPPINESPhilippines,,5820,1225,1235,750,500,1035,1075,2024
750,Universidad Andres BelloChile,,5820,680,1065,1200,350,1175,1350,2024
751,University of LisbonPortugal,,5820,855,665,1350,600,1250,1100,2024
752,University of Sri JayewardenepuraSri%20Lanka,,5815,800,1340,975,500,1100,1100,2024
753,Universiti Sains Islam MalaysiaMalaysia,,5815,895,1035,975,510,1275,1125,2024
754,Samara State Technical UniversityRussia,,5815,745,900,900,360,1160,1750,2024
755,Al-zahrawi University CollegeIraq,,5810,750,1450,975,900,910,825,2024
756,NED University of Engineering & TechnologyPakistan,,5805,905,1050,825,500,1275,1250,2024
757,Thomas Adewumi UniversityNigeria,,5800,1225,925,1425,800,500,925,2024
758,Universidad de Vina Del MarChile,,5790,690,1165,1125,700,885,1225,2024
759,Universitas Pendidikan Muhammadiyah SorongIndonesia,,5790,1275,995,900,660,935,1025,2024
760,Petrozavodsk State UniversityRussia,,5785,1000,1350,900,210,1325,1000,2024
761,Ulyanovsk State Technical UniversityRussia,,5785,950,1250,750,210,1325,1300,2024
762,Unidad Central del Valle del CaucaColombia,,5785,810,1150,1125,750,1075,875,2024
763,Togliatti State UniversityRussia,,5760,575,1060,1350,550,935,1290,2024
764,Universita IUAV di VeneziaItaly,,5755,720,1375,975,650,660,1375,2024
765,University of BengkuluIndonesia,,5755,710,1360,975,550,960,1200,2024
766,Orel State University named after I.S.TurgenevRussia,,5755,885,1135,900,600,1235,1000,2024
767,Kakatiya UniversityIndia,,5755,1005,975,975,600,1025,1175,2024
768,Manuel S. Enverga University FoundationPhilippines,,5750,915,1550,525,350,1060,1350,2024
769,University of Thi-qarIraq,,5750,950,1075,825,500,1250,1150,2024
770,Universidad Católica Andrés Bello Extensión GuayanaVenezuela,,5745,1075,535,1275,610,1100,1150,2024
771,Federal University of AlfenasBrazil,,5740,975,1165,900,500,1050,1150,2024
772,Universidad Autonoma De TamaulipasMexico,,5740,945,1050,750,360,1135,1500,2024
773,Universitas TarumanagaraIndonesia,,5735,1140,985,975,360,950,1325,2024
774,Muban Chombueng Rajabhat UniversityThailand,,5730,950,1060,825,120,1100,1675,2024
775,Instituto Politecnico do Cavado e do AvePortugal,,5725,665,1300,825,460,1500,975,2024
776,Nile UniversityEgypt,,5715,760,1160,975,360,1060,1400,2024
777,Politeknik Negeri JemberIndonesia,,5710,785,1300,1425,600,825,775,2024
778,Saudi Electronic UniversitySaudi%20Arabia,,5700,565,1125,1050,600,1035,1325,2024
779,Hebron UniversityPalestine,,5690,715,1325,525,550,1175,1400,2024
780,Uzbek State University of Phycical Education And SportsUzbekistan,,5690,680,1200,675,760,1050,1325,2024
781,Al-Bayan UniversityIraq,,5685,825,1175,750,600,1260,1075,2024
782,University of South AfricaSouth%20Africa,,5680,860,1085,1125,300,1185,1125,2024
783,Menoufia UniversityEgypt,,5675,705,960,1200,650,685,1475,2024
784,POLITEKNIK KUCHING SARAWAKMalaysia,,5670,1075,975,900,660,910,1150,2024
785,University of Arkansas at Little RockUSA,,5655,680,1525,825,1000,1125,500,2024
786,Universidad de ZaragozaSpain,,5650,450,1050,1200,400,1225,1325,2024
787,Poznan University of TechnologyPoland,,5645,685,1350,1050,400,835,1325,2024
788,Azerbaijan State Oil and Industry UniversityAzerbaijan,,5640,570,1060,975,400,1385,1250,2024
789,Universitas Kristen Satya WacanaIndonesia,,5635,750,1075,900,500,1035,1375,2024
790,Sivas Cumhuriyet UniversityTurkiye,,5630,1105,640,975,400,885,1625,2024
791,Altinbas UniversityTurkiye,,5625,510,1270,1350,410,935,1150,2024
792,Universitas PattimuraIndonesia,,5625,975,1250,750,650,1075,925,2024
793,Technical University Of Cluj NapocaRomania,,5625,815,1150,750,260,1325,1325,2024
794,Universidad de San Buenaventura CaliColombia,,5615,815,1100,1275,800,800,825,2024
795,University of Warmia and Mazury in OlsztynPoland,,5610,1040,760,1275,450,835,1250,2024
796,Universidad De ColimaMexico,,5605,695,1250,1125,260,775,1500,2024
797,Bukhara State Medical Institute named after Abu Ali ibn SinoUzbekistan,,5600,600,1425,600,500,1075,1400,2024
798,Cihan University SulaimaniyaIraq,,5600,900,1350,675,500,1300,875,2024
799,University of CelayaMexico,,5600,965,1325,1125,600,635,950,2024
800,University of Agriculture in KrakowPoland,,5600,1050,1325,900,750,560,1015,2024
801,Ifugao State UniversityPhilippines,,5600,1125,950,750,350,1300,1125,2024
802,"University of Sargodha, SargodhaPakistan",,5600,1025,850,525,350,1250,1600,2024
803,Lunghwa University of Science and TechnologyChinese%20Taipei,,5595,875,1385,1125,560,750,900,2024
804,Zhetysu University named after Iliyas ZhansugurovKazakhstan,,5595,860,1185,900,450,1150,1050,2024
805,Eszterhazy Karoly Catholic UniversityHungary,,5575,950,1125,825,450,950,1275,2024
806,Universidade do Vale do Itajai UNIVALIBrazil,,5575,1000,1115,750,500,785,1425,2024
807,Angren UniversityUzbekistan,,5570,710,1575,600,450,1035,1200,2024
808,Süleyman Demirel UniversityTurkiye,,5570,1200,1450,1125,120,925,750,2024
809,Universidad Nacional De La PlataArgentina,,5570,840,1260,1050,270,1300,850,2024
810,Alnoor UniversityIraq,,5565,640,1500,525,500,1075,1325,2024
811,Shinawatra UniversityThailand,,5565,1030,1000,900,360,1350,925,2024
812,Al-Hadba UniversityIraq,,5565,720,860,975,510,1425,1075,2024
813,Namangan State UniversityUzbekistan,,5535,1050,1300,225,750,735,1475,2024
814,Universidad del MagdalenaColombia,,5520,710,1125,900,410,1050,1325,2024
815,Leyte Normal UniversityPhilippines,,5510,540,1335,675,850,785,1325,2024
816,Voronezh State UniversityRussia,,5510,660,1300,825,500,1100,1125,2024
817,Namangan Engineering-Construction InstituteUzbekistan,,5510,1000,1250,675,260,950,1375,2024
818,Jizzakh State Pedagogical UniversityUzbekistan,,5510,725,1075,600,500,1160,1450,2024
819,Istanbul University-CerrahpaşaTurkiye,,5505,910,835,825,400,1135,1400,2024
820,Yagshygeldi Kakayev International Oil and Gas UniversityTurkmenistan,,5500,1000,950,450,650,1375,1075,2024
821,Bezmialem Vakıf UniversityTurkiye,,5495,925,725,900,120,1450,1375,2024
822,Franklin University SwitzerlandSwitzerland,,5485,785,1400,900,350,750,1300,2024
823,Al Aqsa UniversityPalestine,,5485,785,1350,675,550,1375,750,2024
824,Zanjan University of Medical Sciences and Health ServicesIran,,5480,705,1450,825,700,1175,625,2024
825,Agusan del Sur State College of Agriculture and TechnologyPhilippines,,5480,1130,1025,375,700,1275,975,2024
826,Persian Gulf UniversityIran,,5480,910,835,1050,600,1060,1025,2024
827,TIIAME National Research UniversityUzbekistan,,5475,450,725,750,700,1325,1525,2024
828,Shahrekord UniversityIran,,5465,950,940,900,300,1150,1225,2024
829,Al-Qasim Green UniversityIraq,,5460,685,1350,525,550,1150,1200,2024
830,Fatima Jinnah Medical UniversityPakistan,,5460,855,1020,975,300,960,1350,2024
831,Songkhla Rajabhat UniversityThailand,,5455,855,775,825,650,1375,975,2024
832,"MANGALAYATAN UNIVERSITY, ALIGARHIndia",,5450,775,1350,675,550,1225,875,2024
833,University of IoanninaGreece,,5450,1080,820,975,500,1250,825,2024
834,Universitas Islam Negeri SalatigaIndonesia,,5445,875,1510,600,650,1210,600,2024
835,Manila Central UniversityPhilippines,,5445,910,1375,600,800,935,825,2024
836,President UniversityIndonesia,,5445,595,700,975,600,1425,1150,2024
837,Babol Noshirvani University of TechnologyIran,,5440,685,1360,1200,460,685,1050,2024
838,Fergana State Technical UniversityUzbekistan,,5435,675,1375,600,360,1025,1400,2024
839,Al Taff University CollegeIraq,,5435,700,1110,1050,700,850,1025,2024
840,Thal University BhakkarPakistan,,5425,750,1450,900,550,1150,625,2024
841,National Dong Hwa UniversityChinese%20Taipei,,5425,1150,675,1050,400,900,1250,2024
842,Istanbul Gedik UniversityTurkiye,,5420,900,960,1050,600,810,1100,2024
843,Gulf UniversityBahrain,,5415,655,1225,750,550,735,1500,2024
844,Eskisehir Technical UniversityTurkiye,,5415,845,635,1500,460,875,1100,2024
845,Kırşehir Ahi Evran UniversityTurkiye,,5410,1025,1375,675,260,1075,1000,2024
846,Universidad Centroamericana José Simeón CañasEl%20Salvador,,5410,1000,1375,450,850,610,1125,2024
847,Alanya Alaaddin Keykubat UniversityTurkiye,,5410,800,1200,675,310,1275,1150,2024
848,Kirikkale UniversityTurkiye,,5410,1125,985,675,500,1225,900,2024
849,National University of Science And TechnologyIraq,,5395,735,1110,825,400,1100,1225,2024
850,Universidade Estadual do Norte do Paraná - UENPBrazil,,5395,1090,675,1500,170,885,1075,2024
851,University for Business and Technology (UBT)Kosovo,,5390,505,1600,450,550,1085,1200,2024
852,University of KurdistanIran,,5390,880,1375,525,400,1085,1125,2024
853,Universidad Pontificia ComillasSpain,,5390,580,1350,1200,600,435,1225,2024
854,Universidad de CuencaEcuador,,5390,1230,1265,300,310,1435,850,2024
855,Universitas Pembangunan Nasional Veteran JakartaIndonesia,,5390,1205,1125,900,210,1050,900,2024
856,Yala Rajabhat UniversityThailand,,5380,620,1150,900,700,1160,850,2024
857,Samsun UniversitesiTurkiye,,5380,995,1060,675,500,1125,1025,2024
858,Bukhara Engineering -Technological InstituteUzbekistan,,5375,805,1450,525,800,960,835,2024
859,Kazakh National Research Technical University K.I. SatpaevaKazakhstan,,5360,760,775,825,600,1200,1200,2024
860,Gaziantep Islam Science and Technology UniversityTurkiye,,5355,850,695,675,800,935,1400,2024
861,The University of HaripurPakistan,,5350,615,1350,825,650,1010,900,2024
862,West Ukrainian National UniversityUkraine,,5335,815,1385,525,310,1075,1225,2024
863,Sindh Madressatul Islam UniversityPakistan,,5335,975,1260,525,350,975,1250,2024
864,Cagayan State UniversityPhilippines,,5335,1150,965,525,120,1375,1200,2024
865,Universitas Muhammadiyah SurakartaIndonesia,,5330,835,1375,675,410,535,1500,2024
866,Bahcesehir UniversityTurkiye,,5330,775,1035,750,360,1435,975,2024
867,Universidade Federal do CaririBrazil,,5330,705,1015,1500,550,560,1000,2024
868,Universidad San Ignacio de LoyolaPeru,,5325,590,1315,900,310,835,1375,2024
869,Navoi State UniversityUzbekistan,,5325,850,1300,525,450,1025,1175,2024
870,The Maria Grzegorzewska UniversityPoland,,5325,565,935,975,800,575,1475,2024
871,"National University “Yuri Kondrautyuk Poltava Polytechnic""Ukraine",,5320,735,1235,825,450,1175,900,2024
872,ALFRAGANUS UNIVERSITYUzbekistan,,5310,785,1100,675,450,1325,975,2024
873,Pharos University In AlexandriaEgypt,,5305,830,775,600,550,1075,1475,2024
874,National Institute of Technology RourkelaIndia,,5300,925,950,975,650,1050,750,2024
875,Tashkent Institute of Management and EconomicsUzbekistan,,5295,735,1425,825,650,660,1000,2024
876,Universidad HemisferiosEcuador,,5295,1300,725,675,310,935,1350,2024
877,Imam AlKadhim University CollegeIraq,,5290,480,1300,1200,610,885,815,2024
878,Aligarh Muslim UniversityIndia,,5290,805,1125,825,360,1150,1025,2024
879,Pascual Bravo UniversityColombia,,5285,835,1350,1200,310,900,690,2024
880,Phuket Rajabhat UniversityThailand,,5280,780,700,675,600,1000,1525,2024
881,Mindanao State University Iligan Institute of TechnologyPhilippines,,5275,715,1350,675,210,1100,1225,2024
882,Sakarya University of Applied SciencesTurkiye,,5270,820,735,450,900,1525,840,2024
883,Universidad Nacional de San Martin ArgentinaArgentina,,5260,745,1160,975,160,985,1235,2024
884,Erzurum Technical UniversityTurkiye,,5255,850,1010,1125,160,1110,1000,2024
885,Sri Balaji VidyapeethIndia,,5250,875,975,600,450,1075,1275,2024
886,Heliopolis University for Sustainable DevelopmentEgypt,,5245,825,1225,675,360,1010,1150,2024
887,Chennai Institute of TechnologyIndia,,5245,750,1210,600,350,1135,1200,2024
888,Benazir Bhutto Shaheed University of Technology & Skill DevelopmentPakistan,,5235,900,1150,600,360,1250,975,2024
889,Burdur Mehmet Akif Ersoy UniversityTurkiye,,5235,825,510,1275,200,1150,1275,2024
890,Tashkent University Of Information TechnologiesUzbekistan,,5230,1075,1010,600,450,1085,1010,2024
891,International Sakharov Environmental Institute of Belarusian State UniversityBelarus,,5220,760,950,600,110,1375,1425,2024
892,Termez State Pedagogical InstituteUzbekistan,,5215,800,790,675,550,1150,1250,2024
893,Université Côte d'AzurFrance,,5205,780,1260,750,120,1110,1185,2024
894,Al-Azhar UniversityEgypt,,5205,740,1190,600,250,1100,1325,2024
895,UNIVERSIDAD PRIVADA DEL NORTEPeru,,5200,490,1600,675,350,785,1300,2024
896,WSB UniversityPoland,,5195,620,1100,1050,350,850,1225,2024
897,Kadir Has UniversityTurkiye,,5195,665,890,975,400,1375,890,2024
898,Visayas State UniversityPhilippines,,5195,875,810,300,310,1200,1700,2024
899,IBADAT International University IslamabadPakistan,,5190,640,1450,750,700,1100,550,2024
900,POLITEKNIK SULTAN MIZAN ZAINAL ABIDINMalaysia,,5190,960,850,900,270,1010,1200,2024
901,Grodno State Medical UniversityBelarus,,5185,765,910,1275,510,850,875,2024
902,Badr University in CairoEgypt,,5175,955,1200,825,460,785,950,2024
903,National Polytechnic University of ArmeniaArmenia,,5175,985,1140,600,300,1275,875,2024
904,Universitas TanjungpuraIndonesia,,5175,665,810,825,750,1000,1125,2024
905,Sindh Agriculture University TandojamPakistan,,5165,805,1175,450,450,1200,1085,2024
906,Universidad Politécnica de Santa Rosa JáureguiMexico,,5160,875,1125,825,650,860,825,2024
907,University of CaucaColombia,,5160,605,985,1275,510,1175,610,2024
908,Anadolu UniversityTurkiye,,5150,740,1275,1500,360,850,425,2024
909,Philippine State College of AeronauticsPhilippines,,5150,600,1125,525,500,1250,1150,2024
910,Irkutsk State Agrarian University named after A.A. EzhevskyRussia,,5150,1100,900,450,350,1100,1250,2024
911,Sukkur IBA UniversityPakistan,,5145,850,1160,600,450,960,1125,2024
912,Bahir Dar UniversityEthiopia,,5140,755,1200,525,310,1075,1275,2024
913,Ninevah UniversityIraq,,5135,660,1325,675,400,1050,1025,2024
914,UIN Sunan Gunung Djati BandungIndonesia,,5135,615,1135,825,450,1010,1100,2024
915,Aydin Adnan Menderes UniversityTurkiye,,5130,890,935,825,20,1185,1275,2024
916,University of BurgosSpain,,5125,925,1290,600,160,825,1325,2024
917,"KOLEJ KOMUNITI SELANDAR, KEMENTERIAN PENDIDIKAN TINGGIMalaysia",,5125,560,1185,1050,410,935,985,2024
918,Universitas JambiIndonesia,,5125,740,950,675,500,810,1450,2024
919,Institut Ilmu Kesehatan Bhakti Wiyata KediriIndonesia,,5090,720,1010,1050,600,925,785,2024
920,Koya UniversityIraq,,5085,710,1375,750,400,1100,750,2024
921,University of Sindh JamshoroPakistan,,5075,780,1060,600,550,960,1125,2024
922,SMBT College of PharmacyIndia,,5075,800,975,900,450,1175,775,2024
923,Państwowa Akademia Nauk Stosowanych w NysiePoland,,5065,440,1090,1200,210,900,1225,2024
924,State University of Land Use PlanningRussia,,5060,430,745,900,550,1235,1200,2024
925,Instituto Tecnologico de DurangoMexico,,5055,545,1100,1575,260,800,775,2024
926,Don State Technical UniversityRussia,,5045,1025,960,600,260,1000,1200,2024
927,Western Kentucky UniversityUSA,,5045,725,885,1050,500,760,1125,2024
928,MINGACHEVIR STATE UNIVERSITYAzerbaijan,,5040,690,1040,750,560,550,1450,2024
929,Budapest Business UniversityHungary,,5005,470,1250,1125,310,625,1225,2024
930,Al Istiqlal UniversityPalestine,,5005,930,700,900,550,950,975,2024
931,North-Eastern Federal UniversityRussia,,5000,880,785,1050,250,310,1725,2024
932,Belarusian National Technical UniversityBelarus,,4995,875,825,525,360,1235,1175,2024
933,Tambov State Technical UniversityRussia,,4995,885,700,975,260,625,1550,2024
934,Al-Ayen Iraqi UniversityIraq,,4990,970,1060,450,450,760,1300,2024
935,University of TehranIran,,4985,735,800,825,550,1150,925,2024
936,University of El-OuedAlgeria,,4975,1055,1125,225,210,910,1450,2024
937,University of MariborSlovenia,,4975,760,815,900,500,850,1150,2024
938,Hawassa UniversityEthiopia,,4975,855,810,450,450,1060,1350,2024
939,Belarusian State University of Informatics and RadioelectronicsBelarus,,4965,530,960,750,300,1400,1025,2024
940,Shahid Bahonar University of KermanIran,,4965,770,875,675,460,1300,885,2024
941,Kharkiv National University of Radio ElectronicsUkraine,,4960,700,1160,675,350,975,1100,2024
942,University of Management and TechnologyPakistan,,4950,910,1235,525,270,635,1375,2024
943,Arak University of TechnologyIran,,4950,735,1125,675,400,1300,715,2024
944,Kemerovo State UniversityRussia,,4950,870,500,1125,170,935,1350,2024
945,Imam Jaafar Al-Sadiq UniversityIraq,,4945,685,1385,450,400,700,1325,2024
946,Newports Institute of Communications & EconomicsPakistan,,4945,1025,1160,375,450,610,1325,2024
947,The Uzbekistan State Institute of Arts and CultureUzbekistan,,4945,745,1100,450,450,1325,875,2024
948,Universidad Autonoma De BucaramangaColombia,,4940,690,875,600,550,1100,1125,2024
949,Urgench State UniversityUzbekistan,,4935,745,1575,525,170,1110,810,2024
950,Southern New Hampshire UniversityUSA,,4930,670,805,975,310,1010,1160,2024
951,Karabuk UniversityTurkiye,,4920,635,1275,1050,250,860,850,2024
952,Universidad de OviedoSpain,,4905,905,1350,600,350,725,975,2024
953,Universiy of KufaIraq,,4905,520,1135,750,400,1175,925,2024
954,Dong Nai Technology UniversityVietnam,,4895,820,950,900,500,1100,625,2024
955,Universidade Federal de Santa Catarina (UFSC)Brazil,,4895,700,725,1425,260,760,1025,2024
956,University Of Economics Ho Chi Minh CityVietnam,,4890,745,675,1125,310,735,1300,2024
957,Universitas Sanata DharmaIndonesia,,4885,825,925,600,450,860,1225,2024
958,Universidade LusofonaPortugal,,4880,380,1040,1050,260,750,1400,2024
959,University of Hafr Al BatinSaudi%20Arabia,,4880,985,960,450,510,1000,975,2024
960,Russian State Pedagogical University AI HerzenRussia,,4870,1105,975,825,250,1000,715,2024
961,Kyiv National University of Technologies and DesignUkraine,,4860,690,1110,675,300,785,1300,2024
962,Universitas Lambung MangkuratIndonesia,,4855,610,900,900,410,910,1125,2024
963,Central Bicol State University of AgriculturePhilippines,,4845,860,1185,975,360,975,490,2024
964,Politeknik Pariwisata NHI BandungIndonesia,,4840,905,1150,600,550,710,925,2024
965,Universitas Internasional BatamIndonesia,,4840,560,1010,750,260,760,1500,2024
966,University of Technology- IraqIraq,,4835,800,1250,375,500,960,950,2024
967,University of Science and Technology of Southern PhilippinesPhilippines,,4835,1175,1015,375,160,1060,1050,2024
968,Altai State UniversityRussia,,4835,850,985,675,450,1225,650,2024
969,Ateneo de Davao UniversityPhilippines,,4830,535,1325,675,360,910,1025,2024
970,Universidade Federal do AcreBrazil,,4825,775,940,600,500,925,1085,2024
971,Ilam universityIran,,4810,785,950,525,550,1075,925,2024
972,Universidad Biblica De Las AmericasUSA,,4805,885,935,675,450,1175,685,2024
973,Bomet University CollegeKenya,,4795,1000,1185,750,550,885,425,2024
974,Universidade Federal Da Paraíba - UFPBBrazil,,4795,760,900,900,450,850,935,2024
975,Southern Luzon State UniversityPhilippines,,4790,835,1060,525,210,1035,1125,2024
976,Universidade Federal De Sao CarlosBrazil,,4785,810,715,675,410,1025,1150,2024
977,Instituiçío Toledo de EnsinoBrazil,,4780,635,1160,525,350,1110,1000,2024
978,Bataan Peninsula State UniversityPhilippines,,4775,715,1040,450,270,1100,1200,2024
979,The Institute of Telecommunications and Informatics of TurkmenistanTurkmenistan,,4770,960,1000,675,550,735,850,2024
980,"National University of Science and Technology, OmanOman",,4765,960,1025,900,170,510,1200,2024
981,Imam Mohammad Ibn Saud Islamic UniversitySaudi%20Arabia,,4765,615,790,675,400,1135,1150,2024
982,University of JendoubaTunisia,,4760,925,900,675,300,760,1200,2024
983,Tashkent Medical AcademyUzbekistan,,4755,975,1060,450,410,950,910,2024
984,Universitas Muhammadiyah SidoarjoIndonesia,,4750,940,1315,450,310,335,1400,2024
985,Universita di Macerata (Universita degli Studi di Macerata)Italy,,4750,610,1260,1050,170,710,950,2024
986,Al-Esraa UniversityIraq,,4750,480,1260,675,550,935,850,2024
987,Uzhhorod National UniversityUkraine,,4750,785,975,675,350,975,990,2024
988,Tashkent State University of Oriental StudiesUzbekistan,,4745,575,1425,900,160,760,925,2024
989,KOLEJ KOMUNITI KUALA LANGATMalaysia,,4745,740,1185,1200,170,825,625,2024
990,University of MianwaliPakistan,,4745,535,1075,750,260,1075,1050,2024
991,Universitas Sam RatulangiIndonesia,,4745,775,935,750,360,1175,750,2024
992,Universidad Bernardo O'HigginsChile,,4735,810,1250,375,350,675,1275,2024
993,Mogilev State A. Kuleshov UniversityBelarus,,4735,790,885,675,60,1375,950,2024
994,Universitas SurabayaIndonesia,,4735,1010,600,900,400,900,925,2024
995,The Institute of Engineering-technical and transport communications of TurkmenistanTurkmenistan,,4730,980,375,675,300,1400,1000,2024
996,National Taipei University of EducationChinese%20Taipei,,4725,635,1175,1200,400,875,440,2024
997,Ivan Franko National University of LvivUkraine,,4720,955,965,375,550,900,975,2024
998,Astana Medical UniversityKazakhstan,,4710,530,1260,525,260,1010,1125,2024
999,Politeknik MelakaMalaysia,,4710,270,1035,750,370,710,1575,2024
1000,Politeknik Negeri BatamIndonesia,,4705,835,1185,600,350,560,1175,2024
1001,Universidad Autónoma De CoahuilaMexico,,4695,665,925,450,170,810,1675,2024
1002,Nueva Ecija State University of Science and TechnologyPhilippines,,4690,600,1085,375,170,1010,1450,2024
1003,Universal Business SchoolIndia,,4685,660,830,750,260,885,1300,2024
1004,Colegio de Estudios Superiores de Administracion CESAColombia,,4675,480,1010,375,360,1000,1450,2024
1005,Mazaya University CollegeIraq,,4675,540,735,825,550,1000,1025,2024
1006,Sarsen Amanzholov East Kazakhstan UniversityKazakhstan,,4670,1000,910,750,400,660,950,2024
1007,Saratov State UniversityRussia,,4670,595,775,750,200,1125,1225,2024
1008,"Laucala Campus, University of the South PacificFiji",,4665,1050,1200,825,170,835,585,2024
1009,Virgen Milagrosa University FoundationPhilippines,,4665,710,1175,1575,360,460,385,2024
1010,Universitas Bina Sarana InformatikaIndonesia,,4665,495,1135,750,310,975,1000,2024
1011,Institut Teknologi PLNIndonesia,,4660,735,1140,300,260,1125,1100,2024
1012,Payame Noor UniversityIran,,4660,480,835,675,750,1085,835,2024
1013,Al-Farabi University CollegeIraq,,4655,710,1160,675,500,835,775,2024
1014,Azerbaijan Technical UniversityAzerbaijan,,4645,550,935,675,210,1100,1175,2024
1015,Universidad Del TolimaColombia,,4645,915,770,900,650,560,850,2024
1016,University Of Southeastern PhilippinesPhilippines,,4640,1035,1260,450,210,885,800,2024
1017,Universitas Lancang KuningIndonesia,,4635,800,1110,600,450,875,800,2024
1018,Universidade Federal de Sao PauloBrazil,,4630,840,750,975,220,735,1110,2024
1019,Nuh Naci Yazgan ÜniversitesiTurkiye,,4625,890,850,975,160,1250,500,2024
1020,POLITEKNIK SULTAN ABDUL HALIM MU'ADZAM SHAHMalaysia,,4595,875,675,750,450,860,985,2024
1021,University of Sadat CityEgypt,,4585,565,1060,450,650,1110,750,2024
1022,Shatt Al-Arab  UniversityIraq,,4585,760,1000,525,500,850,950,2024
1023,Alandalus University for Science and TechnologyYemen,,4585,560,900,750,500,900,975,2024
1024,The Grand Asian University SialkotPakistan,,4585,950,825,1050,510,725,525,2024
1025,Institut Bio Scientia Internasional IndonesiaIndonesia,,4585,540,785,825,650,860,925,2024
1026,Kyiv National Economic University Named after Vadym HetmanUkraine,,4570,525,650,1200,410,685,1100,2024
1027,OSTIM Technical UniversityTurkiye,,4565,545,1110,675,500,760,975,2024
1028,ISI DenpasarIndonesia,,4565,485,835,825,310,785,1325,2024
1029,Tekirdağ Namik Kemal UniversityTurkiye,,4565,760,810,900,160,1035,900,2024
1030,Indian Institute of Management BangaloreIndia,,4565,765,690,750,800,925,635,2024
1031,Galala UniversityEgypt,,4565,680,600,975,400,910,1000,2024
1032,Politeknik Negeri BandungIndonesia,,4560,900,1300,600,300,535,925,2024
1033,Ahvaz Jundishapur University of Medical SciencesIran,,4560,780,705,675,650,1325,425,2024
1034,Sh. Ualikhanov Kokshetau UniversityKazakhstan,,4540,825,1165,675,400,700,775,2024
1035,Bharathiar UniversityIndia,,4540,905,900,525,310,1050,850,2024
1036,Al-iraqia UniversityIraq,,4530,695,975,1275,210,810,565,2024
1037,Basra University For Oil And GasIraq,,4530,760,925,675,360,885,925,2024
1038,Almaaqal UniversityIraq,,4525,540,1225,600,400,910,850,2024
1039,Shaheed Benazir Bhutto Women University Peshawar PakistanPakistan,,4525,805,1125,375,210,1235,775,2024
1040,Universitas Pembangunan JayaIndonesia,,4515,570,1200,600,360,710,1075,2024
1041,University of ManoubaTunisia,,4495,655,840,675,450,950,925,2024
1042,TERMEZ STATE UNIVERSITYUzbekistan,,4495,710,670,600,700,875,940,2024
1043,Wasit UniversityIraq,,4485,735,1175,450,450,1075,600,2024
1044,Sinai UniversityEgypt,,4480,620,1050,375,400,1085,950,2024
1045,Narxoz UniversityKazakhstan,,4465,610,1020,600,110,775,1350,2024
1046,Vasyl Stefanyk Precarpathian National UniversityUkraine,,4465,550,1010,450,310,1210,935,2024
1047,Phetchabun Rajabhat UniversityThailand,,4465,800,890,450,350,1100,875,2024
1048,1 Decembrie 1918 University of Alba IuliaRomania,,4465,465,790,1425,60,835,890,2024
1049,Daneshpajoohan Pishro Higher Education InstituteIran,,4465,395,750,1125,460,885,850,2024
1050,Prince Sattam bin Abdulaziz UniversitySaudi%20Arabia,,4460,775,985,600,400,650,1050,2024
1051,Pakistan Institute of Engineering and Applied Sciences (PIEAS)Pakistan,,4460,915,760,450,400,1010,925,2024
1052,Sinop UniversityTurkiye,,4460,815,650,1125,310,735,825,2024
1053,Al-Rafidain University CollogeIraq,,4455,330,925,525,800,950,925,2024
1054,University of LagosNigeria,,4445,835,885,750,400,825,750,2024
1055,Southern Technical UniversityIraq,,4435,915,1100,375,410,885,750,2024
1056,Al-Turath UniversityIraq,,4430,385,1045,450,250,1085,1215,2024
1057,Adamawa State UniversityNigeria,,4415,790,1190,1050,500,425,460,2024
1058,ILMA UniversityPakistan,,4410,590,975,825,410,610,1000,2024
1059,Universitaria AgustinianaColombia,,4405,730,1325,825,450,300,775,2024
1060,Ahmadu Bello UniversityNigeria,,4405,820,975,75,800,660,1075,2024
1061,Central Mindanao UniversityPhilippines,,4405,955,440,675,260,900,1175,2024
1062,University of SamarraIraq,,4385,825,910,675,400,825,750,2024
1063,Indian Institute of Technology RoorkeeIndia,,4385,1010,710,600,400,750,915,2024
1064,Tashkent University of Architecture and Civil EngineeringUzbekistan,,4370,545,1150,600,260,975,840,2024
1065,Institut Teknologi Telkom SurabayaIndonesia,,4365,805,1150,375,410,800,825,2024
1066,Taibah UniversitySaudi%20Arabia,,4365,745,750,450,310,1085,1025,2024
1067,"Vignan's Foundation for Science, Technology and ResearchIndia",,4360,875,975,450,400,1085,575,2024
1068,Iloilo Science and Technology UniversityPhilippines,,4340,875,960,450,220,660,1175,2024
1069,Adiyaman UniversityTurkiye,,4335,795,1010,825,120,860,725,2024
1070,Institut Teknologi Telkom PurwokertoIndonesia,,4325,490,1010,825,360,725,915,2024
1071,Don Mariano Marcos Memorial State UniversityPhilippines,,4300,580,950,900,260,750,860,2024
1072,Russian-Armenian UniversityArmenia,,4295,885,885,375,350,850,950,2024
1073,Atma Jaya Yogyakarta UniversityIndonesia,,4290,625,945,525,410,960,825,2024
1074,Universitas Katolik Widya Mandala SurabayaIndonesia,,4290,725,915,525,450,675,1000,2024
1075,Universidad Tecnologica Empresarial de GuayaquilEcuador,,4280,760,1500,300,510,510,700,2024
1076,Institut Pendidikan Indonesia GarutIndonesia,,4280,660,800,750,410,885,775,2024
1077,Azerbaijan State Agricultural UniversityAzerbaijan,,4270,650,725,450,160,1010,1275,2024
1078,Catholic University In RužomberkuSlovakia,,4260,315,1000,1125,510,585,725,2024
1079,Universidad Católica De OrienteColombia,,4255,710,1125,825,350,760,485,2024
1080,Universidad Popular De La ChontalpaMexico,,4255,635,1125,825,450,410,810,2024
1081,Termez State University of Engineering and AgrotechnologiesUzbekistan,,4250,540,1150,675,400,710,775,2024
1082,Sumgayit State UniversityAzerbaijan,,4245,750,1185,300,210,900,900,2024
1083,Yasouj UniversityIran,,4225,695,1035,600,210,760,925,2024
1084,"Kolej Komuniti Bukit Beruang, Melaka, MalaysiaMalaysia",,4225,520,635,1575,310,710,475,2024
1085,Universidad Nacional Agraria La MolinaPeru,,4220,1000,700,600,20,850,1050,2024
1086,VELS Medical College & HospitalIndia,,4210,950,1025,600,310,850,475,2024
1087,Tula State UniversityRussia,,4205,765,570,450,170,950,1300,2024
1088,University of Exact and Social SciencesUzbekistan,,4200,750,950,450,350,925,775,2024
1089,Rajabhat Rajanagarindra University (RRU)Thailand,,4200,615,865,375,170,1500,675,2024
1090,TURKMEN STATE ARCHITECTURE AND CONSTRUCTION INSTITUTETurkmenistan,,4200,1075,760,300,350,1075,640,2024
1091,South Valley UniversityEgypt,,4185,1130,750,450,220,435,1200,2024
1092,Platov South-Russian State Polytechnic University (NPI)Russia,,4180,645,1225,675,200,610,825,2024
1093,Women University MardanPakistan,,4180,635,1150,600,360,835,600,2024
1094,Politeknik Transportasi Darat BaliIndonesia,,4175,765,575,600,400,860,975,2024
1095,Associação Caruaruense de Ensino Superior e Técnico - Asces-unitaBrazil,,4170,640,725,975,220,785,825,2024
1096,Kazan State Medical UniversityRussia,,4170,1030,610,300,20,660,1550,2024
1097,Tashkent Institute of Chemical TechnologyUzbekistan,,4170,700,360,450,260,875,1525,2024
1098,Yanka Kupala State University of GrodnoBelarus,,4165,540,850,675,150,975,975,2024
1099,Alsafwa University CollegeIraq,,4165,685,675,975,170,610,1050,2024
1100,Karakalpak State University Named After BerdakhUzbekistan,,4155,585,1000,450,170,575,1375,2024
1101,Mapúa Malayan College MindanaoPhilippines,,4150,475,1200,600,460,900,515,2024
1102,Politeknik Manufaktur Negeri Bangka BelitungIndonesia,,4150,830,790,900,570,1010,50,2024
1103,Universidad CESMAGColombia,,4145,510,985,825,550,750,525,2024
1104,Universidad Manuela BeltranColombia,,4145,775,810,600,400,610,950,2024
1105,The State Energy Institute of TurkmenistanTurkmenistan,,4140,840,525,750,150,975,900,2024
1106,Centro Universitario de Joao Pessoa UNIPEBrazil,,4135,705,795,900,400,410,925,2024
1107,Afyonkarahisar Health Sciences UniversityTurkiye,,4125,730,735,750,500,660,750,2024
1108,Ho Technical UniversityGhana,,4120,1000,1190,225,170,660,875,2024
1109,Universidad de CaribeMexico,,4120,850,775,675,400,410,1010,2024
1110,KOLEJ KOMUNITI SEGAMAT 2Malaysia,,4105,825,710,750,170,675,975,2024
1111,UIN Sultan Aji Muhammad Idris SamarindaIndonesia,,4100,605,1025,750,460,985,275,2024
1112,Interregional Academy of Personnel ManagementUkraine,,4100,690,900,300,210,600,1400,2024
1113,KOLEJ KOMUNITI KEPALA BATASMalaysia,,4090,720,610,825,650,925,360,2024
1114,Maranhao State UniversityBrazil,,4090,530,315,825,120,850,1450,2024
1115,Cordillera Career Development CollegePhilippines,,4085,780,845,600,550,810,500,2024
1116,Otto-von-Guericke Universität MagdeburgGermany,,4070,550,915,300,120,1000,1185,2024
1117,Karatina UniversityKenya,,4065,430,1065,900,200,535,935,2024
1118,Politeknik Negeri BanyuwangiIndonesia,,4065,670,1000,600,210,735,850,2024
1119,Mohammed V University In RabatMorocco,,4065,580,940,450,260,735,1100,2024
1120,Hakkari UniversityTurkiye,,4065,880,935,300,350,750,850,2024
1121,Politeknik Negeri BaliIndonesia,,4065,355,850,750,460,675,975,2024
1122,Universidad AustralArgentina,,4060,940,850,975,110,410,775,2024
1123,Penza State UniversityRussia,,4050,1105,475,525,20,800,1125,2024
1124,Valahia University of TargovisteRomania,,4035,830,1175,525,70,535,900,2024
1125,Voronezh State Technical UniversityRussia,,4035,565,925,600,350,635,960,2024
1126,Universidad Catolica San Antonio De MurciaSpain,,4020,640,760,1125,160,560,775,2024
1127,Instituto Politécnico NacionalMexico,,4010,555,785,375,550,560,1185,2024
1128,Armenian State University of EconomicsArmenia,,4010,840,700,525,210,710,1025,2024
1129,Universidad Autonoma De NayaritMexico,,4010,705,650,975,270,660,750,2024
1130,University of TelaferIraq,,4010,850,500,600,450,785,825,2024
1131,Helwan UniversityEgypt,,4000,690,1115,450,170,675,900,2024
1132,Nakhon Ratchasima Rajabhat UniversityThailand,,3990,635,810,675,210,485,1175,2024
1133,Birzeit UniversityPalestine,,3985,665,1125,450,260,660,825,2024
1134,International University for Science and TechnologySyria,,3985,900,1075,450,260,675,625,2024
1135,Dunarea de Jos University of GalatiRomania,,3980,575,495,375,160,1325,1050,2024
1136,Sri Padmavati Mahila Visvavidyalayam (Women's University)India,,3975,805,950,375,310,750,785,2024
1137,"Universitas Muhammadiyah Kalimantan Timur, Samarinda, Kalimantan TimurIndonesia",,3975,380,775,825,310,710,975,2024
1138,Deraya UniversityEgypt,,3975,655,650,300,160,910,1300,2024
1139,Universidad Catolica Del NorteChile,,3970,450,625,825,160,835,1075,2024
1140,KOLEJ KOMUNITI SUNGAI SIPUTMalaysia,,3955,850,575,1200,170,810,350,2024
1141,Giresun UniversityTurkiye,,3950,730,900,675,60,985,600,2024
1142,Petroleum University of TechnologyIran,,3950,790,775,525,300,950,610,2024
1143,AFYA FACULDADE DE CIÊNCIAS MÉDICAS DE ITABUNABrazil,,3945,385,1200,750,350,525,735,2024
1144,Lyceum-Northwestern UniversityPhilippines,,3935,575,975,525,350,510,1000,2024
1145,Ashur UniversityIraq,,3935,825,775,1200,700,385,50,2024
1146,Islamic Azad University Isfahan (Khorasgan) branchIran,,3935,750,700,450,350,835,850,2024
1147,Kolej Komuniti SelayangMalaysia,,3930,725,710,900,120,675,800,2024
1148,Universitas DinamikaIndonesia,,3915,810,760,525,460,850,510,2024
1149,Baba Guru Nanak UniversityPakistan,,3915,590,750,375,200,1175,825,2024
1150,The Government Sadiq College Women University BahawalpurPakistan,,3910,570,1075,375,70,1310,510,2024
1151,"The University of Agriculture, Peshawar - PakistanPakistan",,3910,715,875,300,170,1075,775,2024
1152,POLITEKNIK SULTAN SALAHUDDIN ABDUL AZIZ SHAHMalaysia,,3905,875,685,375,120,900,950,2024
1153,TOBB University of Economy and TechnologyTurkiye,,3905,785,560,525,410,900,725,2024
1154,Indus UniversityPakistan,,3900,620,1085,600,410,110,1075,2024
1155,Poltekkes Kemenkes TanjungkarangIndonesia,,3885,705,735,1200,210,510,525,2024
1156,Yozgat Bozok UniversityTurkiye,,3885,750,675,525,210,810,915,2024
1157,Kasem Bundit UniversityThailand,,3885,555,585,750,210,810,975,2024
1158,Nueva Vizcaya State UniversityPhilippines,,3885,920,585,375,120,760,1125,2024
1159,Almaty Technological UniversityKazakhstan,,3880,790,760,825,20,735,750,2024
1160,Korkyt Ata Kyzylorda UniversityKazakhstan,,3855,750,850,675,220,685,675,2024
1161,Jizzakh branch of the National University of Uzbekistan named after Mirzo UlugbekUzbekistan,,3835,725,850,450,210,825,775,2024
1162,Kazakh Agrotechnical UniversityKazakhstan,,3835,1005,660,375,120,525,1150,2024
1163,Egyptian Chinese UniversityEgypt,,3830,495,960,600,200,725,850,2024
1164,Universitas Islam Negeri MataramIndonesia,,3830,510,685,750,500,535,850,2024
1165,KPR Institute of Engineering and TechnologyIndia,,3825,550,800,525,400,900,650,2024
1166,Universidad Nacional De Educacion A Distancia UnedSpain,,3815,295,1225,600,350,785,560,2024
1167,University of DubaiUnited%20Arab%20Emirates,,3815,455,875,675,600,610,600,2024
1168,Taif UniversitySaudi%20Arabia,,3805,600,910,450,20,985,840,2024
1169,The European UniversityUkraine,,3805,610,800,525,210,785,875,2024
1170,Universitas Muria KudusIndonesia,,3790,710,1010,600,210,560,700,2024
1171,Universitas WirarajaIndonesia,,3785,595,945,600,310,535,800,2024
1172,State University of Northern NegrosPhilippines,,3780,790,810,600,120,935,525,2024
1173,Aurora State College Of TechnologyPhilippines,,3775,700,710,375,270,710,1010,2024
1174,Turkmen state institute of FinanceTurkmenistan,,3770,590,825,900,120,925,410,2024
1175,University of Sistan and BaluchestanIran,,3760,660,900,300,400,825,675,2024
1176,Millersville University of PennsylvaniaUSA,,3760,865,460,675,410,825,525,2024
1177,Namangan Institute of Engineering and TechnologyUzbekistan,,3750,745,1325,375,170,260,875,2024
1178,Universidad de PanamaPanama,,3750,705,375,675,210,635,1150,2024
1179,Borys Grinchenko Kyiv Metropolitan UniversityUkraine,,3745,655,1200,225,170,610,885,2024
1180,National University of Science and Technology MISISRussia,,3730,455,935,450,250,650,990,2024
1181,Hofstra UniversityUSA,,3730,960,510,975,110,800,375,2024
1182,Mapua Malayan Colleges LagunaPhilippines,,3725,420,735,525,310,585,1150,2024
1183,University of SfaxTunisia,,3725,575,505,600,360,835,850,2024
1184,Namal University MianwaliPakistan,,3720,700,1060,300,300,760,600,2024
1185,Universitas GaluhIndonesia,,3720,640,810,375,360,710,825,2024
1186,Istanbul Kültür UniversityTurkiye,,3720,710,710,525,350,950,475,2024
1187,Punjab Tianjin University of Technology LahorePakistan,,3715,520,1400,375,360,435,625,2024
1188,Universidad Central de VenezuelaVenezuela,,3710,695,675,525,120,835,860,2024
1189,Universitas KuninganIndonesia,,3685,940,675,600,120,575,775,2024
1190,West University of TimisoaraRomania,,3680,695,785,375,300,750,775,2024
1191,Arish UniversityEgypt,,3670,1000,910,225,400,485,650,2024
1192,Universitas Maritim Raja Ali HajiIndonesia,,3660,765,1050,0,20,750,1075,2024
1193,Beaconhouse National UniversityPakistan,,3660,670,825,525,170,960,510,2024
1194,Politeknik Sultan Haji Ahmad ShahMalaysia,,3660,315,775,375,310,1110,775,2024
1195,Politeknik Perkapalan Negeri SurabayaIndonesia,,3655,395,950,375,210,1050,675,2024
1196,Ardakan UniversityIran,,3655,660,835,525,350,435,850,2024
1197,Universitas Pendidikan NasionalIndonesia,,3655,475,520,525,350,585,1200,2024
1198,Alikhan Bokeikhan UniversityKazakhstan,,3650,620,1210,300,160,610,750,2024
1199,Al-nisour University CollegeIraq,,3650,690,725,525,410,725,575,2024
1200,Abbottabad University of Science and TechnologyPakistan,,3640,490,1075,525,250,550,750,2024
1201,Yaşar UniversityTurkiye,,3640,445,810,150,500,710,1025,2024
1202,University of ChenabPakistan,,3640,710,725,450,20,710,1025,2024
1203,Colegio de MuntinlupaPhilippines,,3635,390,1065,450,510,1110,110,2024
1204,University Centre of NaamaAlgeria,,3615,460,885,600,210,835,625,2024
1205,Jabir ibn Hayyan University for Medical and Pharmaceutical SciencesIraq,,3615,570,800,300,300,760,885,2024
1206,Ufa University of Science and TechnologyRussia,,3610,350,550,675,500,585,950,2024
1207,Universidad Privada Dr. Rafael Belloso ChacinVenezuela,,3605,535,590,600,220,775,885,2024
1208,Universitas PapuaIndonesia,,3590,810,535,375,70,1000,800,2024
1209,Università di FoggiaItaly,,3580,435,790,1125,110,310,810,2024
1210,Universitat De Les Illes BalearsSpain,,3580,790,360,975,20,810,625,2024
1211,Cankaya UniversityTurkiye,,3575,715,500,525,160,775,900,2024
1212,National University Of Science & TechnologyZimbabwe,,3570,675,885,525,200,860,425,2024
1213,"Mirpur University of Science and Technology (MUST), Mirpur AJKPakistan",,3565,685,1075,225,270,710,600,2024
1214,Ostrogradsky National University of KremenchukUkraine,,3565,370,1035,375,20,775,990,2024
1215,Kabardino-Balkarian State University named after H.M. BerbekovRussia,,3565,1000,710,300,20,60,1475,2024
1216,Politeknik Negeri BengkalisIndonesia,,3560,590,1350,450,210,435,525,2024
1217,Politeknik Tuanku Syed SirajuddinMalaysia,,3560,665,890,375,360,485,785,2024
1218,Andijan State Medical InstituteUzbekistan,,3555,790,735,375,170,635,850,2024
1219,Yarmouk UniversityJordan,,3550,405,975,450,210,485,1025,2024
1220,Al-Mustafa University CollegeIraq,,3550,735,535,675,220,785,600,2024
1221,University of MashreqIraq,,3540,875,660,525,170,960,350,2024
1222,Università Degli Studi Dell'Insubria Varese e ComoItaly,,3540,735,435,375,20,675,1300,2024
1223,University of GuilanIran,,3515,865,745,600,160,660,485,2024
1224,Ishenaly Arabaev Kyrgyz State UniversityKyrgyzstan,,3515,410,700,300,20,710,1375,2024
1225,University of SahiwalPakistan,,3510,610,1135,300,170,685,610,2024
1226,University Politechnica Of TimisoaraRomania,,3495,635,815,375,260,710,700,2024
1227,North-Caucasus Federal UniversityRussia,,3490,670,600,75,70,900,1175,2024
1228,Moscow State University of Civil EngineeringRussia,,3485,930,585,300,110,435,1125,2024
1229,Al-Hadi University CollageIraq,,3480,520,450,450,460,825,775,2024
1230,Politeknik Negeri SemarangIndonesia,,3470,275,1075,525,120,725,750,2024
1231,Universidad de ManizalesColombia,,3455,615,510,900,170,510,750,2024
1232,Cihan University-ErbilIraq,,3450,595,325,225,70,885,1350,2024
1233,University of FallujahIraq,,3435,600,415,375,310,1085,650,2024
1234,National University of Water And Environmental EngineeringUkraine,,3430,475,785,600,160,785,625,2024
1235,universitas Safin PatiIndonesia,,3430,835,785,600,250,310,650,2024
1236,Dong Thap Community CollegeVietnam,,3430,860,625,675,70,725,475,2024
1237,Universitas Dumoga KotamobaguIndonesia,,3425,470,1100,750,120,385,600,2024
1238,Navamindradhiraj UniversityThailand,,3390,315,430,600,170,950,925,2024
1239,Maryam Abacha American University of NigerNiger,,3385,775,1125,225,70,800,390,2024
1240,Universidad Católica del UruguayUruguay,,3385,225,885,450,300,1050,475,2024
1241,Namangan State Institute of Foreign LanguagesUzbekistan,,3380,545,1250,225,300,635,425,2024
1242,Estonian Academy of ArtsEstonia,,3380,255,900,450,550,525,700,2024
1243,Università Telematica E-campusItaly,,3380,750,675,225,20,710,1000,2024
1244,Universitas Internasional Semen IndonesiaIndonesia,,3380,775,585,525,260,535,700,2024
1245,National University of Life and Environmental Sciences of UkraineUkraine,,3365,660,685,375,170,850,625,2024
1246,Universidade Do Extremo Sul CatarinenseBrazil,,3365,330,400,450,500,610,1075,2024
1247,Azerbaijan State University of Culture and ArtsAzerbaijan,,3350,610,910,150,120,685,875,2024
1248,Ala-Too International UniversityKyrgyzstan,,3345,790,960,450,70,610,465,2024
1249,Voronezh State University of Forestry and Technologies named after G.F. MorozovRussia,,3335,485,640,525,350,835,500,2024
1250,Metropolitan International UniversityUganda,,3335,230,485,600,700,885,435,2024
1252,Institut Agama Islam Negeri LangsaIndonesia,,3320,690,750,375,320,685,500,2024
1253,National Defence UniversityPakistan,,3320,680,725,150,70,910,785,2024
1254,Universitas Muhammadiyah PurwokertoIndonesia,,3320,925,615,525,170,585,500,2024
1255,Yaroslav Mudryi National Law UniversityUkraine,,3315,505,575,450,210,875,700,2024
1256,Universidad de los LlanosColombia,,3315,625,485,825,120,585,675,2024
1257,"Islamic Azad University, Ardabil Branch - IranIran",,3310,540,1175,150,160,685,600,2024
1258,Tadeusz Kosciuszko Cracow University of TechnologyPoland,,3305,520,890,450,310,610,525,2024
1259,Lviv State University of Life SafetyUkraine,,3300,645,675,450,210,735,585,2024
1260,University of MonastirTunisia,,3295,590,760,450,160,685,650,2024
1261,Romblon State UniversityPhilippines,,3280,675,810,375,20,200,1200,2024
1262,Universitas Dirgantara Marsekal SuryadarmaIndonesia,,3280,475,760,525,310,460,750,2024
1263,KOLEJ KOMUNITI PADANG TERAPMalaysia,,3280,400,460,675,410,710,625,2024
1264,"Politeknik Maritim Negeri Indonesia, SemarangIndonesia",,3270,610,900,375,350,660,375,2024
1265,Universitas Islam Negeri Alauddin MakassarIndonesia,,3265,620,810,225,250,785,575,2024
1266,Sekolah Tinggi Manajemen IpmiIndonesia,,3255,730,625,375,200,525,800,2024
1267,Universidad MarianaColombia,,3255,715,445,525,360,710,500,2024
1268,"POLITEKNIK SULTAN AZLAN SHAH, BEHRANG, PERAK, MALAYSIAMalaysia",,3250,460,765,450,260,650,665,2024
1269,College Community Tasek GelugorMalaysia,,3240,800,465,450,60,1000,465,2024
1270,"Maryam Abacha American University of Nigeria, KanoNigeria",,3235,955,735,150,310,560,525,2024
1271,"Instituto Federal de Educacao, Ciencia e Tecnologia de Sao Paulo - IFSPBrazil",,3230,560,675,600,260,460,675,2024
1272,"Aror University Art, Architecture, Design and HeritagePakistan",,3225,895,750,75,70,910,525,2024
1273,Tashkent State Agrarian UniversityUzbekistan,,3225,600,685,375,170,535,860,2024
1274,Universidad De La FronteraChile,,3225,560,435,525,220,735,750,2024
1275,National University of SkillIran,,3200,345,860,525,310,335,825,2024
1276,Universidad Catolica Santo Toribio de MogrovejoPeru,,3175,545,875,300,110,385,960,2024
1277,Al-Manara College for Medical SciencesIraq,,3175,760,615,150,550,485,615,2024
1278,Budapest Metropolitan UniversityHungary,,3165,440,600,600,60,800,665,2024
1279,Tikrit UniversityIraq,,3160,675,625,375,350,685,450,2024
1280,STIKES TELOGOREJOIndonesia,,3150,675,390,600,350,235,900,2024
1281,Kazakh National Women's Teacher Training UniversityKazakhstan,,3150,835,160,225,170,635,1125,2024
1282,"National Institute of Fashion Technology, BhubaneswarIndia",,3140,580,800,375,260,700,425,2024
1283,Damascus UniversitySyria,,3130,1125,750,225,170,385,475,2024
1284,Omsk State Technical UniversityRussia,,3130,860,550,525,260,535,400,2024
1285,Universitas Teknologi Muhammadiyah JakartaIndonesia,,3125,485,710,450,270,360,850,2024
1286,Universidad Tecnológica de México - Campus AtizapánMexico,,3120,635,550,975,260,525,175,2024
1287,Al-Salam University CollegeIraq,,3115,710,860,150,60,560,775,2024
1288,Kiambu National PolytechnicKenya,,3110,730,775,150,320,585,550,2024
1289,Al-Farahidi UniversityIraq,,3110,465,610,450,310,675,600,2024
1290,Halic UniversityTurkiye,,3110,550,500,300,210,985,565,2024
1291,M. Dulati Taraz Regional UniversityKazakhstan,,3105,710,685,225,260,700,525,2024
1292,Universitas Mercu BuanaIndonesia,,3100,630,725,300,20,525,900,2024
1293,Isik UniversityTurkiye,,3090,720,510,300,250,735,575,2024
1294,KOLEJ KEMAHIRAN TINGGI MARA SRI GADINGMalaysia,,3075,610,650,525,120,535,635,2024
1295,Universidad Nacional de ChimborazoEcuador,,3070,500,650,225,210,760,725,2024
1296,Kherson State Maritime AcademyUkraine,,3070,465,575,525,20,660,825,2024
1297,Tashkent Textile and Light Industry InstituteUzbekistan,,3055,445,940,150,120,725,675,2024
1298,Universidad de La LagunaSpain,,3055,525,650,825,20,235,800,2024
1299,Medical University - SofiaBulgaria,,3055,285,625,600,270,725,550,2024
1300,University of RuhunaSri%20Lanka,,3045,735,750,525,60,485,490,2024
1301,L.N. Gumilyov Eurasian National UniversityKazakhstan,,3040,545,575,300,70,485,1065,2024
1302,Universitas Teknologi SumbawaIndonesia,,3025,830,665,300,170,485,575,2024
1303,The Eldoret National PolytechnicKenya,,3020,465,775,525,170,635,450,2024
1304,Technical University of KošiceSlovakia,,3020,275,735,600,350,335,725,2024
1305,Politeknik Negeri LampungIndonesia,,3020,570,625,600,350,385,490,2024
1306,Universidad de CartagenaColombia,,3015,470,500,375,110,985,575,2024
1307,Kharkiv National Automobile And Highway UniversityUkraine,,3010,605,535,300,210,750,610,2024
1308,Francisk Skorina Gomel State UniversityBelarus,,3010,690,525,375,210,485,725,2024
1309,Paris Panthéon-Assas UniversityFrance,,3000,315,965,225,360,310,825,2024
1310,Universitas Pendidikan GaneshaIndonesia,,2995,490,860,375,360,435,475,2024
1311,Ecole polytechnique d'architecture et d'urbanismeAlgeria,,2995,465,525,375,310,760,560,2024
1312,Universidade Federal do Vale do São Francisco UNIVASFBrazil,,2990,600,510,450,110,560,760,2024
1313,"Instituto Federal de Educação, Ciência e Tecnologia de Minas GeraisBrazil",,2975,375,1000,525,310,675,90,2024
1314,Tashkent International University of Financial Management and TechnologiesUzbekistan,,2975,380,900,300,310,610,475,2024
1315,University Of ZilinaSlovakia,,2975,795,550,225,20,535,850,2024
1316,Politeknik Negeri PadangIndonesia,,2960,660,870,300,120,535,475,2024
1317,University of LoralaiPakistan,,2955,700,1025,150,260,560,260,2024
1318,National Textile University FaisalabadPakistan,,2950,645,825,225,20,335,900,2024
1319,Madonna UniversityUSA,,2945,850,760,450,150,435,300,2024
1320,"Northern University, NowsheraPakistan",,2945,860,550,75,210,750,500,2024
1321,International Higher School of MedicineKyrgyzstan,,2945,580,210,600,70,585,900,2024
1322,Galatasaray UniversityTurkiye,,2925,445,860,375,160,775,310,2024
1323,Institut Informatika dan Bisnis DarmajayaIndonesia,,2925,455,540,450,70,535,875,2024
1324,Universidade do Estado do AmazonasBrazil,,2910,515,660,375,300,285,775,2024
1325,Ted UniversityTurkiye,,2910,475,585,300,450,485,615,2024
1326,Politeknik Negeri BalikpapanIndonesia,,2905,935,675,300,120,560,315,2024
1327,Universidad Nacional De RosarioArgentina,,2900,775,635,225,20,535,710,2024
1328,Zarmed UniversityUzbekistan,,2885,590,610,300,210,625,550,2024
1329,"University of Baltistan, SkarduPakistan",,2870,385,900,300,210,510,565,2024
1330,Politeknik Manufaktur Negeri BandungIndonesia,,2865,435,960,525,250,435,260,2024
1331,Mohammad Ali Jinnah UniversityPakistan,,2860,490,775,450,210,475,460,2024
1332,National University of PharmacyUkraine,,2855,575,650,225,120,585,700,2024
1333,University of SwatPakistan,,2850,830,500,375,110,585,450,2024
1334,Baku Eurasian UniversityAzerbaijan,,2840,175,675,525,170,535,760,2024
1335,AlMaarefa UniversitySaudi%20Arabia,,2830,425,885,75,210,510,725,2024
1336,"Instituto Federal de Educação, Ciência e Tecnologia Sul-rio-grandenseBrazil",,2830,320,750,375,250,435,700,2024
1337,Adana Alparslan Türkeş Science and Technology UniversityTurkiye,,2830,485,650,150,110,685,750,2024
1338,Politeknik Pertanian Negeri SamarindaIndonesia,,2830,980,595,150,70,335,700,2024
1339,Shaheed Allah Bux Soomro University Art Design and HeritagesPakistan,,2825,495,975,300,120,585,350,2024
1340,Lupane State UniversityZimbabwe,,2815,495,710,525,350,335,400,2024
1341,University of MostarBosnia%20and%20Herzegovina,,2810,355,625,450,310,485,585,2024
1342,Universidad Pegagógica y Tecnológica de ColombiaColombia,,2805,800,635,300,260,310,500,2024
1343,INTI International UniversityMalaysia,,2805,545,540,375,20,410,915,2024
1344,Shahid Beheshti UnivresityIran,,2805,610,385,225,400,535,650,2024
1345,Politeknik Ungku OmarMalaysia,,2800,460,1035,450,120,260,475,2024
1346,Udon Thani Rajabhat UniversityThailand,,2800,735,410,525,170,385,575,2024
1347,University of ParakouBenin,,2795,630,610,375,120,635,425,2024
1348,Lahore Garrison UniveristyPakistan,,2765,510,675,300,210,535,535,2024
1349,Al Amara University CollegeIraq,,2740,280,700,450,450,335,525,2024
1350,Woosong University - SolBridge International School of BusinessSouth%20Korea,,2740,445,475,375,60,900,485,2024
1351,INSTITUT KEMAHIRAN MARA SEBERANG PERAI UTARAMalaysia,,2735,565,540,600,360,310,360,2024
1352,Universitas PakuanIndonesia,,2715,525,160,0,170,1010,850,2024
1353,University of Science and CultureIran,,2705,485,760,450,250,485,275,2024
1354,Cankiri Karatekin UniversityTurkiye,,2705,625,535,300,160,685,400,2024
1355,Denau Institute of Entrepreneurship and PedagogyUzbekistan,,2685,500,500,300,160,900,325,2024
1356,Osol AL Deen University CollegeIraq,,2680,600,650,300,260,510,360,2024
1357,Queensland University (UQ)Haiti,,2670,475,700,450,310,235,500,2024
1358,Politeknik Negeri MadiunIndonesia,,2670,610,475,225,250,660,450,2024
1359,Begum Nusrat Bhutto (BNB) Women University SukkurPakistan,,2660,580,750,0,110,535,685,2024
1360,Gaza UniversityPalestine,,2660,575,725,150,350,260,600,2024
1361,FACULDADES INTEGRADAS DA AMÉRICA DO SULBrazil,,2655,710,815,150,210,460,310,2024
1362,"Central University Of Technology, Free StateSouth%20Africa",,2640,225,635,225,260,660,635,2024
1363,Amol University of Special Modern TechnologiesIran,,2635,355,800,300,170,460,550,2024
1364,Nukus Innovation InstituteUzbekistan,,2630,575,725,0,70,600,660,2024
1365,Abylkas Saginov Karaganda Technical UniversityKazakhstan,,2625,365,825,75,300,435,625,2024
1366,University of MiskolcHungary,,2620,550,640,525,70,610,225,2024
1367,Institut Teknologi IndonesiaIndonesia,,2610,570,385,300,120,535,700,2024
1368,KOLEJ KOMUNITI SEBERANG JAYA (SEBERANG JAYA COMMUNITY COLLEGE)Malaysia,,2605,310,800,525,260,410,300,2024
1369,WSB Merito Poznan UniversityPoland,,2605,475,600,300,120,475,635,2024
1370,Politeknik AstraIndonesia,,2595,430,500,525,350,475,315,2024
1371,Universidad Nacional de HuancavelicaPeru,,2580,475,275,375,110,660,685,2024
1372,Akenten Appiah-Menka University of Skills Training and Entrepreneurial DevelopmentGhana,,2560,745,650,225,20,360,560,2024
1373,Politeknik CaltexIndonesia,,2535,625,300,300,500,360,450,2024
1374,Turkmen State Pedagogical Institute named after Seyitnazar SeydiTurkmenistan,,2515,505,375,375,250,485,525,2024
1375,Gilgamesh UniversityIraq,,2510,490,910,150,250,460,250,2024
1376,University of Information Technology and CommunicationsIraq,,2510,280,750,225,120,785,350,2024
1377,Dogus UniversityTurkiye,,2510,490,460,225,410,460,465,2024
1378,Occidental Mindoro State CollegePhilippines,,2485,635,210,150,20,760,710,2024
1379,Margulan UniversityKazakhstan,,2465,605,325,525,60,510,440,2024
1380,Government College University FaisalabadPakistan,,2455,755,565,75,250,360,450,2024
1381,Institut Komunikasi Dan Bisnis LSPRIndonesia,,2450,235,320,375,160,485,875,2024
1382,National University ManilaPhilippines,,2445,275,800,150,70,185,965,2024
1383,Institut Teknologi dan Bisnis Bina Sarana GlobalIndonesia,,2445,425,575,375,120,625,325,2024
1384,Al Jouf UniversitySaudi%20Arabia,,2440,450,285,0,170,710,825,2024
1385,Universitas Pahlawan Tuanku TambusaiIndonesia,,2435,775,375,75,120,575,515,2024
1386,Politeknik Negeri ManadoIndonesia,,2405,330,745,150,20,510,650,2024
1387,Institut Teknologi KalimantanIndonesia,,2405,770,550,225,250,210,400,2024
1388,Azerbaijan State Pedagogical UniversityAzerbaijan,,2400,470,275,225,170,310,950,2024
1389,POLITEKNIK NEGERI MEDANIndonesia,,2390,445,725,75,20,650,475,2024
1390,Davao del Norte State CollegePhilippines,,2385,520,510,375,60,410,510,2024
1391,Pontificia Universidade Catolica Do ParanáBrazil,,2385,745,400,150,20,210,860,2024
1392,Université de TunisTunisia,,2375,525,550,150,110,525,515,2024
1393,Universitas YARSIIndonesia,,2375,435,310,525,20,10,1075,2024
1394,Sir Syed University of Engineering and TechnologyPakistan,,2365,730,605,75,120,260,575,2024
1395,Universidad San MarcosCosta%20Rica,,2365,510,535,525,20,210,565,2024
1396,Ion Mincu University of Architecture and UrbanismRomania,,2340,325,370,300,210,210,925,2024
1397,Politeknik Teknologi Kimia Industri - MedanIndonesia,,2335,480,660,375,360,385,75,2024
1398,Institut Agama Islam Negeri CurupIndonesia,,2325,385,610,450,170,585,125,2024
1399,Iran University of Medical SciencesIran,,2295,355,410,525,170,610,225,2024
1400,Universidad de La SalleColombia,,2280,60,60,1425,650,10,75,2024
1401,International University of SarajevoBosnia%20and%20Herzegovina,,2255,580,135,75,20,485,960,2024
1402,Universidad Libre de ColombiaColombia,,2250,660,650,150,150,375,265,2024
1403,University of Palangka RayaIndonesia,,2235,610,320,225,20,385,675,2024
1404,"Islamia College Peshawar, PakistanPakistan",,2220,675,665,450,120,285,25,2024
1405,Universitas Islam Negeri Fatmawati Sukarno BengkuluIndonesia,,2215,475,660,225,160,335,360,2024
1406,Tashkent Institute Of FinanceUzbekistan,,2195,335,850,150,160,485,215,2024
1407,Tarsus UniversityTurkiye,,2195,590,485,375,110,410,225,2024
1408,Politeknik Negeri CilacapIndonesia,,2195,625,375,375,260,235,325,2024
1409,UIN Syekh Ali Hasan Ahmad Addary PadangsidimpuanIndonesia,,2155,575,395,75,210,450,450,2024
1410,Universitas HamzanwadiIndonesia,,2145,415,585,225,20,635,265,2024
1411,Universitas WidyatamaIndonesia,,2115,385,460,150,20,260,840,2024
1412,Malatya Turgut Ozal UniversityTurkiye,,2110,645,535,225,70,385,250,2024
1413,Astrakhan State UniversityRussia,,2110,405,500,0,20,635,550,2024
1414,Universitas KlabatIndonesia,,2105,540,410,300,120,585,150,2024
1415,Politeknik Pertanian Negeri Pangkajene KepulauanIndonesia,,2105,730,120,0,20,385,850,2024
1416,Institute of Rural Management AnandIndia,,2085,635,510,150,20,435,335,2024
1417,Institut Bisnis dan Informatika KesatuanIndonesia,,2085,420,260,375,170,185,675,2024
1418,GIATMARA PASIR GUDANGMalaysia,,2080,765,435,375,70,335,100,2024
1419,Mir Chakar Khan Rind University of TechnologyPakistan,,2075,515,565,150,120,460,265,2024
1420,Asfendiyarov Kazakh National Medical UniversityKazakhstan,,2045,320,360,375,170,410,410,2024
1421,Universitas Dhyana PuraIndonesia,,2015,640,495,75,70,410,325,2024
1422,Politeknik Negeri KetapangIndonesia,,2015,520,460,150,250,435,200,2024
1423,Al-Qalam University CollegeIraq,,2015,265,370,300,20,335,725,2024
1424,University of Al-hamdaniyaIraq,,2010,460,660,150,20,10,710,2024
1425,Universidade Katyavala BwilaAngola,,2010,720,420,0,410,385,75,2024
1426,Vitebsk State Medical UniversityBelarus,,2005,250,375,150,170,710,350,2024
1427,Institut Teknologi dan Kesehatan BaliIndonesia,,2000,475,270,225,20,185,825,2024
1428,University of GjakovaKosovo,,1975,285,560,0,20,685,425,2024
1429,Politeknik Kesehatan Genesis MedicareIndonesia,,1975,345,225,300,210,435,460,2024
1430,KOLEJ KOMUNITI BAYAN BARUMalaysia,,1965,310,275,750,20,360,250,2024
1431,Ilocos Sur Polytechnic State CollegePhilippines,,1940,435,435,225,210,10,625,2024
1432,University of TripoliLibya,,1940,700,335,225,70,235,375,2024
1433,Universitas Nusa MandiriIndonesia,,1920,455,525,150,20,110,660,2024
1434,Ternopil National Medical UniversityUkraine,,1920,425,190,300,20,810,175,2024
1435,African Methodist Episcopal UniversityLiberia,,1890,560,600,300,120,210,100,2024
1436,Al-Idrisi University CollegeIraq,,1890,150,535,150,110,660,285,2024
1437,Yugra State UniversityRussia,,1890,480,405,75,20,510,400,2024
1438,Link Campus UniversityItaly,,1875,425,560,150,70,260,410,2024
1439,Kolej Komuniti Batu PahatMalaysia,,1850,170,635,225,20,600,200,2024
1440,Kokshetau University named after Abai MyrzakhmetovKazakhstan,,1840,470,425,75,120,335,415,2024
1441,Institut Agama Islam Negeri PonorogoIndonesia,,1830,505,620,75,20,485,125,2024
1442,Bilad Al Rafidain UniversityIraq,,1810,330,425,225,220,335,275,2024
1443,University of NyiregyhazaHungary,,1805,100,210,450,110,285,650,2024
1444,Institut Teknologi dan Bisnis STIKOM BaliIndonesia,,1790,480,140,375,120,275,400,2024
1445,Aqaba University of TechnologyJordan,,1770,745,270,75,120,285,275,2024
1446,Universite de DiffaNiger,,1740,365,460,150,20,360,385,2024
1447,Maaref University of Applied SciencesSyria,,1725,410,275,150,120,435,335,2024
1448,Renaissance Educational UniversityUzbekistan,,1685,600,570,0,20,110,385,2024
1449,Alanya UniversityTurkiye,,1670,470,345,225,70,235,325,2024
1450,KOLEJ KOMUNITI SEGAMATMalaysia,,1645,555,485,450,20,110,25,2024
1451,Universitas Al Azhar IndonesiaIndonesia,,1640,125,585,0,20,235,675,2024
1452,Universitas Putra BangsaIndonesia,,1630,350,625,150,20,310,175,2024
1453,"MY University, IslamabadPakistan",,1605,425,575,0,20,210,375,2024
1454,Universitas BumigoraIndonesia,,1590,160,800,225,20,310,75,2024
1455,Ramkhamhaeng UniversityThailand,,1525,645,475,75,20,235,75,2024
1456,Vongchavalitkul UniversityThailand,,1520,60,465,75,110,385,425,2024
1457,Apayao State CollegePhilippines,,1520,280,60,0,20,535,625,2024
1458,Ahl Al Bayt UniversityIraq,,1505,415,685,0,20,260,125,2024
1459,Universitas Sains dan Teknologi KomputerIndonesia,,1440,185,760,150,110,210,25,2024
1460,Centro de Estudios para la Calidad Educativa y la Investigación Científica (CECEIC)Mexico,,1365,305,180,225,120,135,400,2024
1461,Civil Aviation AcademyKazakhstan,,1360,270,210,150,170,185,375,2024
1462,Universidad del Valle de PueblaMexico,,1350,270,535,75,60,210,200,2024
1463,Diplomatic Academy of the Ministry of Foreign Affairs of the Kyrgyz Republic named after Kazy DikambaevKyrgyzstan,,1345,220,485,225,20,210,185,2024
1464,Sekolah Tinggi Ilmu Ekonomi Kesuma NegaraIndonesia,,1315,60,650,75,20,410,100,2024
1465,Shaheed Mohtarma Benazir Bhutto Medical UniversityPakistan,,1305,190,310,75,20,510,200,2024
1466,Universitas Ngurah RaiIndonesia,,1245,465,350,0,20,285,125,2024
1467,STIE Indonesia Banking SchoolIndonesia,,1240,410,150,150,20,235,275,2024
1468,Munzur ÜniversitesiTurkiye,,1215,110,145,300,150,135,375,2024
1469,Universitas Negeri MedanIndonesia,,1205,515,460,0,20,185,25,2024
1470,University of Parna RayaIndonesia,,1160,120,525,150,20,260,85,2024
1471,Al-Zaytoonah International UniversitySyria,,1110,200,185,0,100,385,240,2024
1472,Universidad del IstmoPanama,,940,225,60,75,20,60,500,2024
1473,Sekolah Tinggi Teknologi BandungIndonesia,,895,365,350,0,20,135,25,2024
1474,Ibn Sina University of Medical and Pharmaceutical SciencesIraq,,880,275,150,150,70,60,175,2024
1475,Quezon City UniversityPhilippines,,740,135,100,0,20,60,425,2024
1476,Sekolah Tinggi Ilmu Ekonomi Eben Haezer ManadoIndonesia,,585,110,195,0,120,10,150,2024
1477,Mari State UniversityRussia,,375,60,60,0,20,210,25,2024
1,1,1,"Wageningen University & ResearchNetherlands, Europe",9600,1350,1950,1800,1000,1750,2025
2,1,2,"University College CorkIreland, Europe",9562.5,1325,2000,1800,1000,1700,2025
3,1,3,"Nottingham Trent UniversityUnited Kingdom, Europe",9562.5,1400,2000,1800,950,1700,2025
4,1,4,"Umwelt-Campus Birkenfeld (Trier University of Applied Sciences)Germany, Europe",9562.5,1275,1975,1775,987.5,1750,2025
5,1,1,"Universidade de Sao Paulo USPBrazil, Latin_america",9550,1475,1875,1800,1000,1700,2025
6,2,5,"University of GroningenNetherlands, Europe",9525,1275,2000,1800,1000,1750,2025
7,1,1,"University of California, DavisUSA, North_america",9512.5,1400,1925,1800,1000,1687.5,2025
8,2,2,"University of ConnecticutUSA, North_america",9500,1325,1850,1800,1000,1750,2025
9,1,6,"Universita di BolognaItaly, Europe",9487.5,1350,1825,1800,912.5,1800,2025
10,2,7,"Universitat BremenGermany, Europe",9437.5,1400,1850,1800,1000,1750,2025
11,1,2,"Universidad Autónoma de Nuevo LeónMexico, Latin_america",9412.5,1500,1775,1650,950,1750,2025
12,2,8,"Luiss UniversityItaly, Europe",9387.5,1175,1950,1725,1000,1750,2025
13,3,9,"University of TurinItaly, Europe",9337.5,1200,2000,1800,950,1650,2025
14,2,10,"University of LimerickIreland, Europe",9337.5,1325,1950,1725,950,1700,2025
15,1,3,"Université de SherbrookeCanada, North_america",9335,1350,1910,1725,950,1700,2025
16,3,11,"Dublin City UniversityIreland, Europe",9280,1205,1950,1800,1000,1700,2025
17,1,12,"Hame University of Applied SciencesFinland, Europe",9275,1300,1925,1800,1000,1575,2025
18,4,13,"Politecnico di TorinoItaly, Europe",9267.5,1030,1975,1750,962.5,1750,2025
19,1,1,"Universitas IndonesiaIndonesia, Asia",9262.5,1300,1775,1800,1000,1600,2025
20,1,14,"RUDN UniversityRussia, Europe",9175,1175,1850,1800,900,1750,2025
21,1,2,"National Pingtung University of Science & TechnologyChinese Taipei, Asia",9172.5,1350,1735,1775,987.5,1675,2025
22,1,3,"Kasetsart UniversityThailand, Asia",9162.5,1350,1850,1575,912.5,1750,2025
23,2,4,"Universitas DiponegoroIndonesia, Asia",9112.5,1275,1975,1500,837.5,1725,2025
24,1,3,"Universidad del RosarioColombia, Latin_america",9075,1150,1925,1775,887.5,1725,2025
25,1,15,"Istanbul Technical UniversityTurkiye, Europe",9062.5,1175,1775,1700,987.5,1675,2025
26,3,5,"Universitas Gadjah MadaIndonesia, Asia",9050,1250,1900,1500,950,1650,2025
27,2,4,"Federal University of LavrasBrazil, Latin_america",9012.5,1400,1750,1700,1000,1437.5,2025
28,4,6,"Universitas Negeri SemarangIndonesia, Asia",9000,1400,1900,1575,925,1500,2025
29,1,16,"University of PécsHungary, Europe",9000,1175,1825,1775,900,1575,2025
30,2,7,"National Chi Nan UniversityChinese Taipei, Asia",8977.5,1425,1750,1625,987.5,1612.5,2025
31,1,8,"Universiti Putra MalaysiaMalaysia, Asia",8975,1475,1600,1625,987.5,1612.5,2025
32,5,17,"Universita degli Studi dell'AquilaItaly, Europe",8950,1275,1800,1700,937.5,1525,2025
33,5,9,"IPB UniversityIndonesia, Asia",8950,1375,1625,1725,987.5,1562.5,2025
34,2,10,"Universiti MalayaMalaysia, Asia",8947.5,1300,1510,1800,1000,1587.5,2025
35,2,11,"Mahidol UniversityThailand, Asia",8940,1225,1650,1775,937.5,1625,2025
36,1,18,"Aalborg UniversityDenmark, Europe",8937.5,1175,1850,1800,1000,1325,2025
37,3,12,"Da-Yeh UniversityChinese Taipei, Asia",8937.5,1275,1725,1650,987.5,1562.5,2025
38,1,13,"University of SharjahUnited Arab Emirates, Asia",8930,1450,1530,1800,1000,1400,2025
39,6,14,"Universitas Sebelas MaretIndonesia, Asia",8925,1200,1925,1700,850,1450,2025
40,3,15,"Universiti Malaysia Pahang Al- Sultan AbdullahMalaysia, Asia",8925,1350,1700,1625,937.5,1625,2025
41,2,19,"University of SzegedHungary, Europe",8917.5,1305,1550,1775,850,1775,2025
42,1,16,"Al-Balqa Applied UniversityJordan, Asia",8912.5,1250,1950,1500,800,1700,2025
43,4,17,"National Yunlin University of Science & TechnologyChinese Taipei, Asia",8910,1085,1775,1700,987.5,1675,2025
44,7,18,"Universitas AirlanggaIndonesia, Asia",8900,1150,1775,1575,950,1700,2025
45,5,19,"Tunghai UniversityChinese Taipei, Asia",8887.5,1300,1625,1775,950,1600,2025
46,2,5,"Universidad De SantanderColombia, Latin_america",8875,1375,1825,1525,950,1525,2025
47,1,20,"Weifang Institute of TechnologyChina, Asia",8862.5,1125,1925,1700,887.5,1775,2025
48,2,20,"Yildiz Technical UniversityTurkiye, Europe",8850,1150,1875,1425,900,1775,2025
49,6,21,"Chaoyang University of TechnologyChinese Taipei, Asia",8850,1275,1850,1575,1000,1625,2025
50,2,21,"Siberian Federal UniversityRussia, Europe",8850,1375,1800,1425,937.5,1662.5,2025
51,3,6,"Universidad Autónoma de OccidenteColombia, Latin_america",8847.5,1135,1950,1700,987.5,1375,2025
52,2,7,"Benemérita Universidad Autónoma de PueblaMexico, Latin_america",8837.5,1275,1825,1775,875,1512.5,2025
53,8,22,"Institut Teknologi BandungIndonesia, Asia",8835,1425,1460,1650,950,1550,2025
54,3,23,"Siam UniversityThailand, Asia",8825,1225,1850,1475,900,1700,2025
55,3,22,"Cyprus International UniversityTurkiye, Europe",8825,1300,1725,1575,1000,1612.5,2025
56,9,24,"Universitas PadjadjaranIndonesia, Asia",8812.5,1250,1925,1500,837.5,1562.5,2025
57,1,23,"Riga Technical UniversityLatvia, Europe",8812.5,1175,1825,1650,950,1700,2025
58,7,25,"National Taitung UniversityChinese Taipei, Asia",8812.5,1325,1650,1775,987.5,1462.5,2025
59,10,26,"Universitas Islam Negeri Raden Intan LampungIndonesia, Asia",8800,1200,1875,1425,887.5,1637.5,2025
60,3,8,"Universidade Federal De Mato Grosso Do SulBrazil, Latin_america",8800,1450,1825,1400,850,1612.5,2025
61,1,27,"Qassim UniversitySaudi Arabia, Asia",8800,1325,1825,1400,987.5,1625,2025
62,11,28,"Telkom UniversityIndonesia, Asia",8800,1000,1750,1800,1000,1500,2025
63,1,24,"Universidad de GranadaSpain, Europe",8787.5,1025,1975,1675,937.5,1600,2025
64,4,9,"Instituto Federal de Educacao, Ciencia e Tecnologia do Sul de Minas GeraisBrazil, Latin_america",8787.5,1325,1725,1650,1000,1437.5,2025
65,12,29,"Institut Teknologi SumateraIndonesia, Asia",8775,1450,1925,1225,850,1700,2025
66,4,25,"Erciyes UniversityTurkiye, Europe",8775,1400,1800,1450,837.5,1625,2025
67,13,30,"Institut Teknologi Sepuluh NopemberIndonesia, Asia",8775,1350,1750,1525,987.5,1362.5,2025
68,1,26,"Czech University of Life Sciences PragueCzech Republic, Europe",8762.5,1150,1750,1700,987.5,1525,2025
69,4,31,"King Mongkut's University of Technology ThonburiThailand, Asia",8762.5,1300,1750,1350,887.5,1725,2025
70,8,32,"National Chin-Yi University of TechnologyChinese Taipei, Asia",8750,1100,1850,1800,950,1325,2025
71,5,33,"Suranaree University of TechnologyThailand, Asia",8747.5,1350,1725,1775,887.5,1437.5,2025
72,9,34,"National Cheng Kung UniversityChinese Taipei, Asia",8742.5,1130,1925,1725,737.5,1700,2025
73,2,27,"University of Eastern FinlandFinland, Europe",8735,910,1900,1800,987.5,1525,2025
74,2,28,"Universidad Complutense De MadridSpain, Europe",8725,1100,1950,1675,962.5,1425,2025
75,4,35,"Universiti Malaysia SabahMalaysia, Asia",8725,1225,1825,1500,887.5,1512.5,2025
76,1,36,"Ton Duc Thang UniversityVietnam, Asia",8725,1125,1775,1700,950,1525,2025
77,4,10,"Universidad Nacional de ColombiaColombia, Latin_america",8725,1275,1750,1575,987.5,1575,2025
78,1,1,"Lincoln UniversityNew Zealand, Oceania",8725,1275,1725,1475,850,1675,2025
79,5,11,"Universidad El BosqueColombia, Latin_america",8722.5,960,1800,1650,1000,1637.5,2025
80,6,12,"Universidad de los Andes ColombiaColombia, Latin_america",8712.5,1175,1800,1725,950,1475,2025
81,5,13,"University of CampinasBrazil, Latin_america",8712.5,1225,1575,1725,950,1550,2025
82,7,14,"Universidad Pontificia BolivarianaColombia, Latin_america",8700,1200,1825,1625,937.5,1462.5,2025
83,5,29,"Ege UniversityTurkiye, Europe",8700,1450,1650,1600,887.5,1537.5,2025
84,6,37,"Walailak UniversityThailand, Asia",8700,1425,1650,1425,937.5,1675,2025
85,14,38,"Universitas HasanuddinIndonesia, Asia",8687.5,1425,1775,1275,887.5,1575,2025
86,3,15,"Universidad Nacional Autónoma de MéxicoMexico, Latin_america",8687.5,1225,1625,1700,937.5,1612.5,2025
87,15,39,"Universitas Sultan Ageng TirtayasaIndonesia, Asia",8675,1025,1950,1575,987.5,1337.5,2025
88,16,40,"Universitas LampungIndonesia, Asia",8675,1100,1925,1650,825,1537.5,2025
89,6,30,"Ozyegin UniversityTurkiye, Europe",8650,1025,1975,1775,837.5,1462.5,2025
90,17,41,"Universitas Islam IndonesiaIndonesia, Asia",8650,1125,1675,1525,950,1637.5,2025
91,7,31,"Yeditepe UniversityTurkiye, Europe",8650,1175,1675,1800,925,1587.5,2025
92,6,32,"Politecnico Di MilanoItaly, Europe",8647.5,960,1600,1775,937.5,1725,2025
93,7,42,"Mahasarakham UniversityThailand, Asia",8637.5,1400,1625,1475,825,1600,2025
94,5,43,"UiTM SHAH ALAMMalaysia, Asia",8637.5,1150,1575,1775,987.5,1525,2025
95,18,44,"Universitas Negeri YogyakartaIndonesia, Asia",8625,975,1925,1625,812.5,1550,2025
96,7,33,"Universita Politecnica delle MarcheItaly, Europe",8625,1325,1850,1375,912.5,1412.5,2025
97,3,4,"California State University, SacramentoUSA, North_america",8612.5,950,1850,1800,1000,1350,2025
98,6,45,"Universiti Pendidikan Sultan IdrisMalaysia, Asia",8612.5,1325,1725,1375,862.5,1687.5,2025
99,3,34,"University of SopronHungary, Europe",8605,1155,1700,1500,937.5,1650,2025
100,2,5,"Ontario Tech UniversityCanada, North_america",8600,1275,1825,1550,937.5,1462.5,2025
101,8,46,"Baskent UniversityTurkiye, Asia",8600,1425,1800,1475,800,1487.5,2025
102,19,47,"Universitas Muhammadiyah MalangIndonesia, Asia",8600,1300,1675,1425,937.5,1512.5,2025
103,9,48,"Middle East Technical UniversityTurkiye, Asia",8600,1450,1450,1475,987.5,1612.5,2025
104,7,49,"Universiti Teknikal Malaysia MelakaMalaysia, Asia",8587.5,1375,1650,1500,900,1587.5,2025
105,10,50,"National Pingtung UniversityChinese Taipei, Asia",8587.5,1250,1575,1575,912.5,1650,2025
106,20,51,"Universitas BrawijayaIndonesia, Asia",8585,1350,1775,1600,735,1525,2025
107,2,35,"Masaryk UniversityCzech Republic, Europe",8585,985,1750,1625,987.5,1725,2025
108,1,52,"An-Najah National UniversityPalestine, Asia",8575,1225,1950,1325,887.5,1500,2025
109,8,53,"University of PhayaoThailand, Asia",8575,1225,1725,1425,887.5,1650,2025
110,8,36,"University of CamerinoItaly, Europe",8575,1400,1675,1550,850,1562.5,2025
111,9,37,"University of Milano-BicoccaItaly, Europe",8575,1100,1525,1700,900,1662.5,2025
112,1,54,"De La Salle University - DasmarinasPhilippines, Asia",8562.5,1050,1775,1700,850,1625,2025
113,21,55,"Universitas Teuku UmarIndonesia, Asia",8562.5,1300,1775,1550,887.5,1450,2025
114,1,56,"University of BabylonIraq, Asia",8562.5,1375,1700,1450,837.5,1637.5,2025
115,2,57,"Imam Abdulrahman Bin Faisal UniversitySaudi Arabia, Asia",8522.5,1350,1460,1550,987.5,1512.5,2025
116,2,58,"Jordan University of Science and TechnologyJordan, Asia",8512.5,1400,1675,1650,937.5,1462.5,2025
117,1,59,"Manipal Academy of Higher EducationIndia, Asia",8500,1050,1625,1700,987.5,1675,2025
118,2,60,"Chettinad Academy of Research and EducationIndia, Asia",8487.5,1225,1900,1450,812.5,1562.5,2025
119,1,61,"American University of BeirutLebanon, Asia",8482.5,1425,1710,1325,950,1535,2025
120,9,62,"Valaya Alongkorn Rajabhat University Under the Royal PatronageThailand, Asia",8477.5,1100,1750,1400,950,1700,2025
121,22,63,"Universitas Medan AreaIndonesia, Asia",8475,1100,1850,1375,850,1600,2025
122,8,16,"Universidad De AntioquiaColombia, Latin_america",8475,1050,1825,1700,850,1425,2025
123,10,64,"Izmir Institute of TechnologyTurkiye, Asia",8462.5,1275,1750,1325,825,1662.5,2025
124,8,65,"Sunway UniversityMalaysia, Asia",8462.5,1225,1650,1350,850,1675,2025
125,11,66,"National Chiayi UniversityChinese Taipei, Asia",8462.5,1275,1550,1550,937.5,1625,2025
126,23,67,"Universitas Multimedia NusantaraIndonesia, Asia",8460,1085,1800,1650,950,1337.5,2025
127,3,68,"Mangalore UniversityIndia, Asia",8450,1400,1775,1400,887.5,1450,2025
128,1,17,"Universidad Tecnologica ECOTECEcuador, Latin_america",8450,1250,1625,1500,850,1612.5,2025
129,9,18,"Universidad EAFITColombia, Latin_america",8447.5,1010,2000,1475,1000,1400,2025
130,1,38,"Gdańsk University of TechnologyPoland, Europe",8447.5,1300,1510,1650,550,1650,2025
131,10,69,"Ubon Ratchathani UniversityThailand, Asia",8437.5,1350,1725,1450,887.5,1475,2025
132,12,70,"Providence UniversityChinese Taipei, Asia",8437.5,1175,1625,1725,812.5,1637.5,2025
133,24,71,"Universitas Muhammadiyah YogyakartaIndonesia, Asia",8425,1175,1800,1400,750,1587.5,2025
134,2,19,"Universidad Politécnica Estatal del CarchiEcuador, Latin_america",8425,1250,1775,1400,800,1575,2025
135,11,39,"Inonu University MalatyaTurkiye, Europe",8425,1375,1775,1125,862.5,1650,2025
136,4,72,"S R M University (Institute of Science and Technology)India, Asia",8422.5,960,1600,1775,937.5,1575,2025
137,3,40,"Universitat Autònoma de BarcelonaSpain, Europe",8412.5,1050,1975,1625,887.5,1500,2025
138,4,20,"Universidad Iberoamericana PueblaMexico, Latin_america",8412.5,1100,1975,1525,937.5,1362.5,2025
139,1,73,"D. Serikbayev East Kazakhstan technical universityKazakhstan, Asia",8412.5,1350,1850,1225,662.5,1525,2025
140,3,21,"Escuela Superior Politecnica del LitoralEcuador, Latin_america",8412.5,1215,1335,1750,900,1625,2025
141,1,74,"The University of LahorePakistan, Asia",8410,1035,1825,1375,937.5,1625,2025
142,2,75,"University Of AnbarIraq, Asia",8400,1300,1775,1175,837.5,1700,2025
143,6,22,"Universidade do Vale do Taquari - UNIVATESBrazil, Latin_america",8400,1175,1775,1525,1000,1550,2025
144,2,76,"Khwaja Fareed University of Engineering and Information TechnologyPakistan, Asia",8400,1200,1750,1400,887.5,1587.5,2025
145,3,77,"Muhammad Nawaz Shareef University of Agriculture, Multan PakistanPakistan, Asia",8400,1225,1675,1350,875,1562.5,2025
146,3,78,"Jadara UniversityJordan, Asia",8400,1200,1675,1350,900,1575,2025
147,1,79,"Razi University KermanshahIran, Asia",8400,1425,1650,1200,937.5,1662.5,2025
148,1,41,"Universidade do MinhoPortugal, Europe",8400,1175,1500,1775,987.5,1300,2025
149,9,80,"Universiti Sultan Zainal AbidinMalaysia, Asia",8400,1375,1400,1400,987.5,1612.5,2025
150,11,81,"Naresuan UniversityThailand, Asia",8387.5,1175,1600,1475,937.5,1500,2025
151,10,82,"Universiti Tun Hussein Onn MalaysiaMalaysia, Asia",8387.5,1200,1550,1500,800,1562.5,2025
152,2,42,"NOVA University LisbonPortugal, Europe",8375,1150,1950,1800,750,1237.5,2025
153,25,83,"Universitas PancasilaIndonesia, Asia",8375,1075,1625,1600,925,1475,2025
154,13,84,"National University of KaohsiungChinese Taipei, Asia",8375,1250,1625,1350,987.5,1650,2025
155,12,85,"Dhurakij Pundit UniversityThailand, Asia",8372.5,1110,1725,1550,975,1437.5,2025
156,3,43,"Instituto Politecnico De Viana Do CasteloPortugal, Europe",8350,1275,1900,1300,912.5,1525,2025
157,12,86,"Sakarya ÜniversitesiTurkiye, Asia",8350,1350,1750,1475,850,1562.5,2025
158,3,44,"Bashkir State Agrarian UniversityRussia, Europe",8350,1300,1675,1275,862.5,1562.5,2025
159,26,87,"Universitas Negeri MalangIndonesia, Asia",8350,1250,1675,1200,937.5,1575,2025
160,13,88,"Sabanci UniversityTurkiye, Asia",8337.5,1200,1750,1550,937.5,1400,2025
161,13,89,"Pibulsongkram Rajabhat UniversityThailand, Asia",8337.5,1175,1575,1800,900,1475,2025
162,4,90,"Irkutsk National Research Technical UniversityRussia, Asia",8325,1300,1850,1200,700,1612.5,2025
163,5,23,"Universidad PanamericanaMexico, Latin_america",8325,1125,1775,1575,912.5,1437.5,2025
164,27,91,"Universitas Negeri SurabayaIndonesia, Asia",8325,1150,1750,1675,887.5,1262.5,2025
165,2,92,"Tarbiat Modares UniversityIran, Asia",8317.5,1030,1400,1650,887.5,1575,2025
166,3,93,"Al-Mustaqbal UniversityIraq, Asia",8312.5,1100,1700,1250,987.5,1625,2025
167,3,94,"Princess Nourah Bint Abdulrahman UniversitySaudi Arabia, Asia",8310,1250,1470,1650,1000,1687.5,2025
168,1,95,"International University of Business Agriculture and TechnologyBangladesh, Asia",8300,1100,1825,1275,762.5,1637.5,2025
169,14,45,"Dokuz Eylul UniversityTurkiye, Europe",8300,1275,1825,1375,712.5,1587.5,2025
170,15,96,"Bartin UniversityTurkiye, Asia",8300,1225,1600,1550,800,1587.5,2025
171,1,1,"Alexandria UniversityEgypt, Africa",8287.5,1225,1800,1250,900,1512.5,2025
172,5,46,"Immanuel Kant Baltic Federal UniversityRussia, Europe",8287.5,1375,1775,1450,612.5,1612.5,2025
173,2,97,"Tra Vinh UniversityVietnam, Asia",8287.5,1250,1575,1425,937.5,1675,2025
174,1,47,"Slovak University of Agriculture in NitraSlovakia, Europe",8275,1125,1725,1675,975,1387.5,2025
175,16,48,"Cukurova UniversityTurkiye, Europe",8275,1350,1525,1500,937.5,1462.5,2025
176,1,98,"American University of the Middle East (AUM)Kuwait, Asia",8267.5,1100,1280,1575,937.5,1575,2025
177,17,99,"Kutahya Dumlupinar UniversityTurkiye, Asia",8265,1250,1800,1225,937.5,1625,2025
178,3,49,"Hochschule AnhaltGermany, Europe",8262.5,1150,1625,1475,812.5,1550,2025
179,4,100,"King Faisal UniversitySaudi Arabia, Asia",8262.5,1275,1625,1375,850,1562.5,2025
180,18,101,"Atatürk ÜniversitesiTurkiye, Asia",8260,1425,1385,1500,887.5,1487.5,2025
181,1,102,"Tashkent State University of LawUzbekistan, Asia",8250,1125,1775,1175,850,1612.5,2025
182,19,50,"Tokat Gaziosmanpasa UniversityTurkiye, Europe",8247.5,1275,1510,1725,887.5,1375,2025
183,20,103,"Hacettepe UniversityTurkiye, Asia",8235,1400,1475,1725,697.5,1437.5,2025
184,21,51,"Trakya UniversityTurkiye, Europe",8235,1350,1335,1800,900,1462.5,2025
185,22,52,"Düzce UniversityTurkiye, Europe",8225,1325,1725,1275,750,1562.5,2025
186,1,104,"University of PeradeniyaSri Lanka, Asia",8212.5,1275,1675,1425,737.5,1612.5,2025
187,10,24,"Universidad Tecnologica de PereiraColombia, Latin_america",8200,1025,1950,1250,875,1550,2025
188,11,25,"Universidad EIAColombia, Latin_america",8200,1125,1825,1400,987.5,1350,2025
189,2,105,"University of KelaniyaSri Lanka, Asia",8200,850,1750,1775,937.5,1312.5,2025
190,14,106,"Nanhua University TaiwanChinese Taipei, Asia",8197.5,1125,1310,1750,887.5,1537.5,2025
191,5,107,"National Institute of Technology SilcharIndia, Asia",8187.5,1200,1850,1275,737.5,1475,2025
192,14,108,"Silpakorn UniversityThailand, Asia",8187.5,1075,1750,1325,850,1625,2025
193,28,109,"Universitas Halu OleoIndonesia, Asia",8187.5,1325,1700,1350,850,1350,2025
194,15,110,"Thaksin UniversityThailand, Asia",8187.5,1175,1650,1325,937.5,1525,2025
195,16,111,"Mae Fah Luang UniversityThailand, Asia",8177.5,1275,1650,1350,837.5,1575,2025
196,7,26,"Senac University CenterBrazil, Latin_america",8175,1400,1750,1800,1000,1075,2025
197,4,112,"Al-Furat Al-Awsat Technical UniversityIraq, Asia",8175,1050,1500,1400,937.5,1737.5,2025
198,10,53,"Universita degli Studi di PadovaItaly, Europe",8162.5,1025,1725,1775,937.5,1225,2025
199,11,113,"Politeknik Merlimau MelakaMalaysia, Asia",8162.5,1125,1475,1475,937.5,1462.5,2025
200,2,114,"Mariano Marcos State UniversityPhilippines, Asia",8150,1275,1825,1075,837.5,1550,2025
201,23,115,"Hasan Kalyoncu UniversityTurkiye, Asia",8150,1325,1675,1425,750,1575,2025
202,24,116,"Mersin UniversityTurkiye, Asia",8137.5,1250,1725,1475,850,1462.5,2025
203,29,117,"Universitas Esa UnggulIndonesia, Asia",8135,960,1700,1625,737.5,1312.5,2025
204,12,118,"Universiti Malaysia Terengganu (UMT)Malaysia, Asia",8135,1075,1285,1625,837.5,1612.5,2025
205,6,27,"Universidad Iberoamericana TorreónMexico, Latin_america",8125,1225,1825,1275,937.5,1400,2025
206,6,119,"Saveetha Institute of Medical and Technical SciencesIndia, Asia",8125,1125,1800,1200,850,1562.5,2025
207,7,28,"CETYS University (Centro de Ensenanza Tecnica y Superior)Mexico, Latin_america",8125,1000,1575,1775,987.5,1362.5,2025
208,17,120,"Huachiew Chalermprakiet UniversityThailand, Asia",8112.5,1050,1525,1700,700,1350,2025
209,3,121,"Alzahra UniversityIran, Asia",8112.5,1000,1500,1550,837.5,1675,2025
210,12,29,"Universidad de La SabanaColombia, Latin_america",8102.5,1350,1575,1400,887.5,1525,2025
211,11,54,"Università degli Studi della TusciaItaly, Europe",8100,1250,1575,1400,700,1412.5,2025
212,12,55,"Università degli Studi di FirenzeItaly, Europe",8097.5,1200,1460,1575,1000,1275,2025
213,4,122,"University of KashanIran, Asia",8087.5,1300,1875,1175,887.5,1325,2025
214,25,56,"Firat UniversityTurkiye, Europe",8087.5,1200,1775,1200,937.5,1600,2025
215,18,123,"Northeastern UniversityThailand, Asia",8087.5,1050,1650,1425,850,1712.5,2025
216,5,124,"University of BaghdadIraq, Asia",8087.5,1250,1650,1500,875,1537.5,2025
217,26,57,"Kastamonu UniversityTurkiye, Europe",8087.5,1300,1385,1800,787.5,1312.5,2025
218,1,125,"Shinshu UniversityJapan, Asia",8085,1160,1475,1675,725,1500,2025
219,13,30,"Institución Universitaria Politecnico GrancolombianoColombia, Latin_america",8072.5,1010,1825,1650,887.5,1387.5,2025
220,19,126,"Rajamangala University of Technology Thanyaburi (RMUTT)Thailand, Asia",8062.5,1000,1775,1375,950,1650,2025
221,13,127,"Universiti SelangorMalaysia, Asia",8062.5,1450,1275,1625,850,1437.5,2025
222,8,31,"Centro Universitário FacensBrazil, Latin_america",8050,1150,1875,1300,875,1400,2025
223,15,128,"Kun Shan UniversityChinese Taipei, Asia",8050,1075,1650,1575,800,1425,2025
224,27,58,"Ondokuz Mayis UniversityTurkiye, Europe",8050,1425,1525,1250,900,1462.5,2025
225,14,32,"Fundación Universidad del Norte BarranquillaColombia, Latin_america",8050,975,1485,1775,1000,1475,2025
226,13,59,"Universita degli Studi di Milano La StataleItaly, Europe",8037.5,1125,1475,1800,800,1550,2025
227,28,60,"Mardin Artuklu ÜniversitesiTurkiye, Europe",8037.5,1175,1450,1475,800,1462.5,2025
228,15,33,"Universidad SurcolombianaColombia, Latin_america",8025,1050,1550,1600,1000,1625,2025
229,14,129,"Universiti Tunku Abdul RahmanMalaysia, Asia",8025,1200,1425,1500,725,1562.5,2025
230,16,34,"Pontificia Universidad Javeriana CaliColombia, Latin_america",8022.5,950,1875,1575,950,1185,2025
231,4,61,"University of PassauGermany, Europe",8012.5,850,1875,1550,900,1500,2025
232,8,35,"ITESO, Universidad Jesuita de GuadalajaraMexico, Latin_america",8012.5,1075,1875,1750,987.5,1010,2025
233,9,36,"Universidade de SorocabaBrazil, Latin_america",8012.5,1075,1825,1350,887.5,1425,2025
234,7,130,"Kalasalingam Academy of Research and EducationIndia, Asia",8012.5,1200,1525,1075,887.5,1612.5,2025
235,4,131,"Ziauddin UniversityPakistan, Asia",8000,1100,1750,1275,887.5,1425,2025
236,4,132,"University of PetraJordan, Asia",8000,950,1650,1475,875,1425,2025
237,30,133,"Universitas Islam Negeri Raden Fatah PalembangIndonesia, Asia",8000,1225,1650,1100,687.5,1550,2025
238,31,134,"Universitas Islam Negeri Syarif hidayatullah JakartaIndonesia, Asia",8000,1050,1500,1575,750,1575,2025
239,3,135,"Batangas State University, The National Engineering UniversityPhilippines, Asia",7995,870,1700,1500,737.5,1575,2025
240,4,62,"Universidad Politecnica de ValenciaSpain, Europe",7987.5,925,1725,1700,587.5,1462.5,2025
241,9,37,"Tecnologico de MonterreyMexico, Latin_america",7987.5,1100,1550,1350,950,1262.5,2025
242,20,136,"Maejo UniversityThailand, Asia",7975,1075,1775,1550,737.5,1587.5,2025
243,32,137,"Universitas Syiah KualaIndonesia, Asia",7975,1000,1600,1525,887.5,1387.5,2025
244,33,138,"BINUS UniversityIndonesia, Asia",7972.5,1085,1350,1675,937.5,1362.5,2025
245,29,63,"Kutahya Health Sciences UniversityTurkiye, Europe",7960,1275,1335,1375,850,1537.5,2025
246,2,64,"University Of Information Technology And Management In RzeszowPoland, Europe",7950,1125,1575,1650,560,1537.5,2025
247,1,65,"Vytautas Magnus UniversityLithuania, Europe",7950,1350,1475,1700,600,1412.5,2025
248,6,139,"University of KerbalaIraq, Asia",7950,1125,1400,1350,887.5,1612.5,2025
249,5,66,"Universidad de SalamancaSpain, Europe",7942.5,930,1725,1650,787.5,1300,2025
250,6,67,"Russian Biotechnological UniversityRussia, Europe",7937.5,1175,1625,1100,787.5,1600,2025
251,15,140,"Universiti Malaysia Kelantan (UMK)Malaysia, Asia",7935,1350,1185,1775,687.5,1275,2025
252,5,141,"University of Central Punjab,Lahore, PakistanPakistan, Asia",7925,1250,1750,1150,775,1400,2025
253,16,142,"Universiti Kebangsaan MalaysiaMalaysia, Asia",7925,1225,1575,1400,700,1537.5,2025
254,30,68,"Niğde Ömer Halisdemir UniversityTurkiye, Europe",7912.5,1225,1775,1350,850,1450,2025
255,7,143,"University of AlKafeelIraq, Asia",7912.5,1050,1725,1350,875,1387.5,2025
256,17,38,"Universidad IcesiColombia, Latin_america",7912.5,1100,1700,1275,837.5,1450,2025
257,6,144,"Ghulam Ishaq Khan Institute of Engineering Sciences and TechnologyPakistan, Asia",7912.5,1200,1500,1250,700,1537.5,2025
258,2,145,"M. Auezov South Kazakhstan Research UniversityKazakhstan, Asia",7900,1175,1625,1400,737.5,1562.5,2025
259,18,39,"Universidad de CaldasColombia, Latin_america",7897.5,1150,1600,1450,987.5,1425,2025
260,2,2,"October 6 UniversityEgypt, Africa",7882.5,960,1900,1500,762.5,1460,2025
261,8,146,"GITAM : Gandhi Institute of Technology And ManagementIndia, Asia",7875,1075,1550,1650,800,1237.5,2025
262,6,69,"Universidade de VigoSpain, Europe",7875,1075,1525,1800,912.5,1350,2025
263,3,3,"Benha UniversityEgypt, Africa",7872.5,1035,1950,1200,987.5,1450,2025
264,2,147,"Tashkent State University of EconomicsUzbekistan, Asia",7872.5,1210,1750,1275,837.5,1675,2025
265,2,148,"Daffodil International UniversityBangladesh, Asia",7870,1000,1660,1350,887.5,1397.5,2025
266,5,149,"Al-Zaytoonah University of JordanJordan, Asia",7862.5,1150,1550,1350,750,1562.5,2025
267,8,150,"Islamic UniversityIraq, Asia",7862.5,1075,1450,1525,825,1600,2025
268,14,70,"Università Degli Studi Di Urbino Carlo BoItaly, Europe",7857.5,910,1875,1600,735,1375,2025
269,34,151,"Universitas TerbukaIndonesia, Asia",7850,1150,1750,1300,600,1412.5,2025
270,31,71,"Istanbul Aydin UniversityTurkiye, Europe",7847.5,800,1725,1625,800,1260,2025
271,19,40,"Universidad Santo TomasColombia, Latin_america",7847.5,1025,1485,1575,775,1262.5,2025
272,35,152,"Universitas Ahmad DahlanIndonesia, Asia",7847.5,1035,1450,1400,900,1525,2025
273,15,72,"Università degli Studi di GenovaItaly, Europe",7835,885,1625,1775,750,1375,2025
274,36,153,"Universitas Sumatera UtaraIndonesia, Asia",7827.5,1050,1600,1300,850,1512.5,2025
275,7,73,"Universidad de AlcaláSpain, Europe",7825,1050,1825,1550,850,1500,2025
276,7,154,"Capital University of Science and TechnologyPakistan, Asia",7825,1150,1700,1425,637.5,1337.5,2025
277,21,155,"Rajamangala University of Technology IsanThailand, Asia",7825,1250,1250,1500,837.5,1437.5,2025
278,37,156,"Universitas Katolik Indonesia Atma JayaIndonesia, Asia",7822.5,1025,1310,1225,937.5,1675,2025
279,8,157,"Allama Iqbal Open UniversityPakistan, Asia",7812.5,1200,1875,900,800,1500,2025
280,1,158,"University of BahrainBahrain, Asia",7812.5,1300,875,1725,850,1312.5,2025
281,1,41,"Pontificia Universidad Catolica De ChileChile, Latin_america",7807.5,960,1585,1800,687.5,1450,2025
282,8,74,"Universitat De GironaSpain, Europe",7800,850,1825,1375,850,1425,2025
283,3,75,"Adam Mickiewicz University, PoznanPoland, Europe",7800,1200,1675,1725,562.5,1162.5,2025
284,4,76,"Universidade de AveiroPortugal, Europe",7797.5,900,1585,1725,700,1212.5,2025
285,10,42,"Universidad Iberoamericana Ciudad de MéxicoMexico, Latin_america",7797.5,810,1575,1750,950,1150,2025
286,16,159,"Chang Jung Christian UniversityChinese Taipei, Asia",7797.5,1150,1310,1700,950,1300,2025
287,1,77,"Babes Bolyai UniversityRomania, Europe",7790,1075,1565,1600,775,1600,2025
288,16,78,"Universita Degli Studi Della BasilicataItaly, Europe",7787.5,1300,1625,1575,537.5,1287.5,2025
289,17,79,"Università degli Studi di SalernoItaly, Europe",7787.5,900,1575,1775,762.5,1275,2025
290,32,80,"Zonguldak Bulent Ecevit UniversityTurkiye, Europe",7785,1275,1575,1550,750,1372.5,2025
291,33,160,"Kocaeli UniversityTurkiye, Asia",7785,1325,1560,1450,637.5,1450,2025
292,17,161,"Tzu Chi UniversityChinese Taipei, Asia",7785,1125,1460,1550,925,1450,2025
293,9,162,"University of Warith Al-AnbiyaaIraq, Asia",7775,900,1700,1350,800,1462.5,2025
294,22,163,"King Mongkut's Institute of Technology LadkrabangThailand, Asia",7775,1325,1550,1125,825,1462.5,2025
295,4,164,"University of Northern PhilippinesPhilippines, Asia",7775,1175,1400,1350,800,1500,2025
296,18,165,"National Taipei University of TechnologyChinese Taipei, Asia",7762.5,950,1325,1650,975,1300,2025
297,4,4,"Sohag UniversityEgypt, Africa",7757.5,1325,1360,1175,975,1472.5,2025
298,38,166,"Universitas Islam Negeri Jurai Siwo  LampungIndonesia, Asia",7737.5,825,1700,1500,862.5,1512.5,2025
299,9,167,"Nitte (Deemed to be University)India, Asia",7737.5,1225,1275,1200,825,1675,2025
300,9,168,"Iqra UniversityPakistan, Asia",7712.5,1150,1675,1075,675,1412.5,2025
301,23,169,"Hatyai UniversityThailand, Asia",7712.5,1125,1600,1425,737.5,1300,2025
302,34,170,"Afyon Kocatepe UniversityTurkiye, Asia",7707.5,1130,1515,1500,662.5,1687.5,2025
303,9,81,"Universidade De Santiago De CompostelaSpain, Europe",7687.5,1025,1725,1675,750,1212.5,2025
304,10,171,"Northern Technical UniversityIraq, Asia",7687.5,1275,1600,975,812.5,1562.5,2025
305,20,43,"Pontificia Universidad Javeriana-BogotaColombia, Latin_america",7685,1100,1800,1575,887.5,1285,2025
306,1,172,"Oguz han Engineering and Technology University of TurkmenistanTurkmenistan, Asia",7675,1200,1575,1125,850,1437.5,2025
307,17,173,"Universiti Malaysia PerlisMalaysia, Asia",7675,1150,1375,1325,750,1462.5,2025
308,5,174,"Tarlac Agricultural UniversityPhilippines, Asia",7662.5,1040,1685,1450,775,1450,2025
309,24,175,"King Mongkut's University of Technology North BangkokThailand, Asia",7652.5,1125,1575,1300,737.5,1600,2025
310,1,82,"University of West AtticaGreece, Europe",7647.5,810,1650,1500,987.5,1525,2025
311,11,44,"Universidad Autónoma del Estado de MexicoMexico, Latin_america",7637.5,1010,1775,1150,762.5,1412.5,2025
312,2,176,"Palestine Technical University - KadooriePalestine, Asia",7637.5,975,1650,1150,750,1625,2025
313,3,177,"Open University of Sri LankaSri Lanka, Asia",7635,985,1675,1300,675,1450,2025
314,7,83,"Ryazan State Medical UniversityRussia, Europe",7635,1125,1410,1575,650,1562.5,2025
315,25,178,"Kamphaeng Phet Rajabhat UniversityThailand, Asia",7635,1110,1325,1700,837.5,1250,2025
316,26,179,"Prince of Songkla UniversityThailand, Asia",7632.5,1150,1135,1450,887.5,1435,2025
317,1,45,"Universidad Catolica Andres BelloVenezuela, Latin_america",7625,1025,1825,1475,737.5,1150,2025
318,27,180,"Khon Kaen UniversityThailand, Asia",7625,1325,1550,1150,937.5,1362.5,2025
319,10,46,"Universidade Estadual de MaringáBrazil, Latin_america",7625,1175,1450,1475,837.5,1425,2025
320,19,181,"Ming Chi University of TechnologyChinese Taipei, Asia",7625,1225,1250,1425,725,1400,2025
321,2,47,"Universidad Metropolitana CaracasVenezuela, Latin_america",7622.5,1225,1725,1475,850,1022.5,2025
322,8,84,"Volgograd State UniversityRussia, Europe",7620,1125,1560,1100,625,1610,2025
323,20,182,"Hungkuang UniversityChinese Taipei, Asia",7615,875,1575,1275,862.5,1600,2025
324,10,183,"Sri Sri UniversityIndia, Asia",7615,1325,1500,1225,812.5,1450,2025
325,10,184,"The University of FaisalabadPakistan, Asia",7612.5,1100,1675,1250,825,1375,2025
326,1,48,"Universidad Catolica De CordobaArgentina, Latin_america",7607.5,1125,1710,1575,612.5,1285,2025
327,3,185,"Fergana State UniversityUzbekistan, Asia",7600,700,1925,1225,800,1250,2025
328,39,186,"Universitas Teknokrat IndonesiaIndonesia, Asia",7600,1225,1800,1025,650,1400,2025
329,35,85,"Canakkale Onsekiz Mart UniversityTurkiye, Europe",7600,1150,1475,1650,650,1512.5,2025
330,40,187,"Universitas Pelita HarapanIndonesia, Asia",7595,1010,1410,1525,787.5,1312.5,2025
331,18,188,"KOLEJ KOMUNITI JERANTUTMalaysia, Asia",7595,860,1385,1525,975,1487.5,2025
332,9,86,"Derzhavin Tambov State UniversityRussia, Europe",7587.5,950,1700,1275,800,1450,2025
333,3,189,"Yessenov UniversityKazakhstan, Asia",7577.5,1030,1535,1300,800,1237.5,2025
334,2,190,"Abu Dhabi UniversityUnited Arab Emirates, Asia",7570,1025,1310,1625,900,1110,2025
335,4,191,"Alisher Navo'i Tashkent State University of Uzbek Language and LiteratureUzbekistan, Asia",7562.5,900,1625,925,850,1625,2025
336,11,49,"Universidade De Passo FundoBrazil, Latin_america",7562.5,1125,1400,1600,900,1037.5,2025
337,21,50,"Institución Universitaria Colegio Mayor de AntioquiaColombia, Latin_america",7560,885,1875,1400,837.5,1300,2025
338,41,192,"Universitas SriwijayaIndonesia, Asia",7552.5,1025,1575,1500,875,1250,2025
339,4,87,"Bialystok University of TechnologyPoland, Europe",7550,1225,1725,1400,637.5,1012.5,2025
340,36,88,"Manisa Celal Bayar UniversityTurkiye, Europe",7550,1075,1625,1275,837.5,1362.5,2025
341,5,89,"University of GdanskPoland, Europe",7550,950,1600,1500,775,1387.5,2025
342,42,193,"Universitas Pembangunan Nasional Veteran Jawa TimurIndonesia, Asia",7547.5,1075,1485,1125,687.5,1500,2025
343,1,90,"Ukrainian National Forestry UniversityUkraine, Europe",7547.5,1200,1135,1450,662.5,1500,2025
344,37,91,"Cappadocia UniversityTurkiye, Europe",7537.5,860,1450,1800,612.5,1537.5,2025
345,11,194,"The Islamia University of BahawalpurPakistan, Asia",7537.5,925,1450,1300,850,1537.5,2025
346,11,195,"Karunya Institute of Technology and SciencesIndia, Asia",7537.5,1250,1375,975,900,1387.5,2025
347,12,51,"Universidade Federal FluminenseBrazil, Latin_america",7532.5,1085,1560,1225,437.5,1712.5,2025
348,6,196,"Southern Leyte State UniversityPhilippines, Asia",7525,1200,1475,1125,850,1525,2025
349,1,92,"Juraj Dobrila University of PulaCroatia, Europe",7517.5,855,1700,1575,650,1625,2025
350,13,52,"Universidade Federal do Triângulo MineiroBrazil, Latin_america",7505,1300,1290,1725,537.5,1150,2025
351,28,197,"Sukhothai Thammathirat Open UniversityThailand, Asia",7495,860,1410,1800,850,1350,2025
352,10,93,"University of A CoruñaSpain, Europe",7487.5,975,1325,1700,837.5,1237.5,2025
353,19,198,"Politeknik Seberang PeraiMalaysia, Asia",7480,1035,1135,1475,837.5,1612.5,2025
354,1,5,"2iE International Institute for Water and Environmental EngineeringBurkina Faso, Africa",7475,1250,1325,1150,775,1337.5,2025
355,38,94,"Bursa Uludag UniversityTurkiye, Europe",7472.5,1325,1260,1450,700,1312.5,2025
356,4,199,"Abai Kazakh National Pedagogical UniversityKazakhstan, Asia",7462.5,1075,1575,1150,637.5,1562.5,2025
357,3,95,"Seinäjoki University of Applied SciencesFinland, Europe",7457.5,880,1450,1650,912.5,1275,2025
358,7,200,"Bukidnon State UniversityPhilippines, Asia",7452.5,1025,1400,1525,762.5,1500,2025
359,22,53,"Universidad del ValleColombia, Latin_america",7450,1075,1260,1600,737.5,1400,2025
360,43,201,"Universitas Budi LuhurIndonesia, Asia",7447.5,1010,1550,1475,800,1275,2025
361,8,202,"Samar State UniversityPhilippines, Asia",7447.5,1250,1485,975,600,1462.5,2025
362,9,203,"Urdaneta City UniversityPhilippines, Asia",7445,910,1575,1425,800,1360,2025
363,11,96,"Universidad Rey Juan CarlosSpain, Europe",7437.5,900,1550,1575,687.5,1425,2025
364,12,204,"Chitkara University, PunjabIndia, Asia",7432.5,960,1625,1125,950,1147.5,2025
365,5,6,"Ain Shams UniversityEgypt, Africa",7430,1010,1585,1275,700,1335,2025
366,6,7,"New Mansoura UniversityEgypt, Africa",7425,1175,1625,1150,737.5,1425,2025
367,29,205,"Bansomdejchaopraya Rajabhat UniversityThailand, Asia",7415,665,1475,1575,562.5,1525,2025
368,20,206,"Politeknik Sultan Idris ShahMalaysia, Asia",7412.5,1075,1450,1275,825,1337.5,2025
369,18,97,"Universita degli Studi di CagliariItaly, Europe",7400,1075,1500,1700,725,1112.5,2025
370,4,207,"University of ColomboSri Lanka, Asia",7387.5,1025,1625,1075,750,1412.5,2025
371,23,54,"Instituto Tecnologico MetropolitanoColombia, Latin_america",7385,910,1700,1550,687.5,1250,2025
372,7,8,"Beni-Suef UniversityEgypt, Africa",7385,1235,1550,950,750,1262.5,2025
373,21,208,"Politeknik MukahMalaysia, Asia",7385,1125,1350,1450,700,1322.5,2025
374,3,98,"VSB - Technical University of OstravaCzech Republic, Europe",7377.5,900,1625,1475,850,1375,2025
375,13,209,"Mangalayatan University JabalpurIndia, Asia",7375,1175,1525,1100,837.5,1487.5,2025
376,14,210,"Jamia Millia IslamiaIndia, Asia",7375,1100,1450,1050,850,1400,2025
377,39,211,"Bilkent UniversityTurkiye, Asia",7372.5,1325,1150,1500,347.5,1387.5,2025
378,14,55,"Universidade Federal de Vicosa - UFVBrazil, Latin_america",7362.5,1175,1350,1425,750,1337.5,2025
379,44,212,"Universitas Pendidikan IndonesiaIndonesia, Asia",7362.5,1125,1250,1175,750,1312.5,2025
380,10,99,"Perm National Research Polytechnic UniversityRussia, Europe",7340,1275,1750,1200,712.5,1387.5,2025
381,40,213,"Hitit UniversityTurkiye, Asia",7337.5,1040,1435,1650,612.5,1362.5,2025
382,2,100,"Sumy State UniversityUkraine, Europe",7335,950,1560,1350,700,1262.5,2025
383,30,214,"Burapha UniversityThailand, Asia",7335,835,1400,1675,800,1300,2025
384,31,215,"Phranakhon Si Ayutthaya Rajabhat UniversityThailand, Asia",7335,975,1335,1450,650,1550,2025
385,32,216,"Rajamangala University of Technology SuvarnabhumiThailand, Asia",7327.5,1250,1565,1225,787.5,1200,2025
386,41,101,"Mugla Sitki Kocman UniversityTurkiye, Europe",7320,960,1400,1725,587.5,1022.5,2025
387,11,217,"University of KirkukIraq, Asia",7312.5,1050,1775,1250,750,1287.5,2025
388,42,102,"Osmaniye Korkut Ata UniversityTurkiye, Europe",7312.5,1000,1550,1225,700,1437.5,2025
389,3,218,"Can Tho University of Medicine and PharmacyVietnam, Asia",7312.5,1225,1550,1150,787.5,1300,2025
390,45,219,"Universitas Kristen Krida WacanaIndonesia, Asia",7310,835,1650,1600,737.5,1387.5,2025
391,10,220,"Pangasinan State UniversityPhilippines, Asia",7307.5,1110,1250,1350,737.5,1235,2025
392,12,56,"Metropolitan Autonomous University, UAMMexico, Latin_america",7300,900,1500,1125,1000,1237.5,2025
393,15,221,"Integral UniversityIndia, Asia",7300,950,1300,1275,850,1400,2025
394,5,222,"Jizzakh Polytechnic InstituteUzbekistan, Asia",7275,1075,1475,1025,712.5,1625,2025
395,24,57,"Universidad CESColombia, Latin_america",7262.5,1050,1975,1050,850,1187.5,2025
396,12,223,"National Skills University IslamabadPakistan, Asia",7262.5,1075,1650,1500,512.5,1275,2025
397,25,58,"Universidad de Ciencias Aplicadas y Ambientales UDCAColombia, Latin_america",7260,1050,1060,1575,1000,1262.5,2025
398,46,224,"Universitas Aisyiyah YogyakartaIndonesia, Asia",7250,1075,1500,1050,662.5,1487.5,2025
399,1,9,"Euromed University of FesMorocco, Africa",7242.5,1005,1600,1125,537.5,1400,2025
400,4,103,"Eötvös Loránd University BudapestHungary, Europe",7240,1100,1165,1275,750,1400,2025
401,6,225,"Bukhara State UniversityUzbekistan, Asia",7237.5,1150,1625,1000,700,1350,2025
402,47,226,"Universitas Katolik ParahyanganIndonesia, Asia",7232.5,1025,1510,1575,787.5,1222.5,2025
403,7,227,"Karshi State UniversityUzbekistan, Asia",7212.5,1050,1700,825,875,1450,2025
404,6,228,"Middle East University (MEU)Jordan, Asia",7212.5,950,1675,1500,837.5,1562.5,2025
405,33,229,"Nakhon Si Thammarat Rajabhat UniversityThailand, Asia",7212.5,1150,1200,1450,625,1425,2025
406,11,230,"Saint Mary's UniversityPhilippines, Asia",7210,1050,1425,1225,725,1297.5,2025
407,12,104,"Universidad de JaénSpain, Europe",7207.5,855,1575,1425,762.5,1300,2025
408,5,105,"Corvinus University of BudapestHungary, Europe",7200,735,1800,1200,537.5,1425,2025
409,19,106,"Universita degli Studi di ParmaItaly, Europe",7200,900,1500,1450,550,1275,2025
410,13,107,"Loyola UniversitySpain, Europe",7197.5,685,1800,1475,1000,1237.5,2025
411,16,231,"O.P. Jindal UniversityIndia, Asia",7187.5,1200,1425,975,750,1437.5,2025
412,13,6,"Universidad de las Américas PueblaMexico, North_america",7172.5,1175,1160,1400,750,1037.5,2025
413,5,232,"Kashan University of Medical Sciences and Health ServicesIran, Asia",7165,1175,1600,1400,800,1437.5,2025
414,22,233,"Politeknik NilaiMalaysia, Asia",7162.5,1150,1450,975,762.5,1487.5,2025
415,43,234,"Antalya Bilim UniversityTurkiye, Asia",7160,1075,1435,1700,475,1362.5,2025
416,13,235,"Institute for Art & CulturePakistan, Asia",7150,1125,1625,1225,800,1100,2025
417,23,236,"POLITEKNIK PORT DICKSONMalaysia, Asia",7150,875,1525,1400,587.5,1250,2025
418,12,237,"Al-Zahraa University for WomenIraq, Asia",7150,825,1475,1050,800,1525,2025
419,44,238,"Atilim UniversityTurkiye, Asia",7150,900,1325,1600,762.5,1225,2025
420,17,239,"Mahatma Gandhi UniversityIndia, Asia",7150,975,1200,1125,787.5,1450,2025
421,24,240,"POLITEKNIK IBRAHIM SULTAN,JOHOR MALAYSIAMalaysia, Asia",7142.5,1080,1625,1200,1000,1100,2025
422,7,241,"Amman Arab UniversityJordan, Asia",7137.5,1025,1500,1250,737.5,1312.5,2025
423,45,108,"Gaziantep UniversityTurkiye, Europe",7135,1050,1315,1650,635,1172.5,2025
424,46,242,"Akdeniz UniversityTurkiye, Asia",7135,1200,1210,1200,650,1362.5,2025
425,34,243,"Loei Rajabhat UniversityThailand, Asia",7125,1250,1075,1450,562.5,1512.5,2025
426,14,244,"Dow University of Health Sciences KarachiPakistan, Asia",7112.5,1025,1400,1000,900,1387.5,2025
427,2,245,"International Horse Breeding Academy named after Aba AnnaevTurkmenistan, Asia",7112.5,950,1360,1025,825,1600,2025
428,13,246,"Al-Kitab UniversityIraq, Asia",7110,1025,1575,1150,700,1397.5,2025
429,8,247,"Andijan State Technical InstituteUzbekistan, Asia",7100,875,1500,1125,775,1375,2025
430,47,109,"Marmara UniversityTurkiye, Europe",7097.5,1175,1425,975,737.5,1297.5,2025
431,1,59,"Universidad Tecnológica de PanamáPanama, Latin_america",7095,1075,1260,1125,650,1435,2025
432,3,248,"Palestine Ahliya UniversityPalestine, Asia",7087.5,1025,1575,900,750,1462.5,2025
433,14,249,"University of BasrahIraq, Asia",7082.5,1025,1850,1350,887.5,1135,2025
434,48,250,"Recep Tayyip Erdogan UniversityTurkiye, Asia",7075,975,1475,875,650,1450,2025
435,1,60,"Peruvian University Cayetano HerediaPeru, Latin_america",7075,1215,1360,1400,625,1137.5,2025
436,14,110,"Universitat Internacional de CatalunyaSpain, Europe",7072.5,810,1650,1650,612.5,1275,2025
437,9,251,"Tashkent State Transport UniversityUzbekistan, Asia",7072.5,810,1450,1000,587.5,1650,2025
438,21,252,"Yuan Ze UniversityChinese Taipei, Asia",7062.5,850,1425,1225,662.5,1387.5,2025
439,2,61,"Universidad Nacional Del LitoralArgentina, Latin_america",7062.5,1175,1350,1025,675,1412.5,2025
440,49,111,"Kto Karatay UniversityTurkiye, Europe",7060,1125,1300,1200,950,1447.5,2025
441,2,253,"Holy Spirit University of KaslikLebanon, Asia",7050,875,1625,1525,500,1237.5,2025
442,4,254,"Al-Quds UniversityPalestine, Asia",7050,850,1400,1150,800,1500,2025
443,22,255,"National Chung Cheng UniversityChinese Taipei, Asia",7050,1225,1000,1575,737.5,1237.5,2025
444,50,112,"Ankara UniversityTurkiye, Europe",7047.5,1200,1275,1025,687.5,1297.5,2025
445,8,256,"German Jordanian UniversityJordan, Asia",7040,825,1500,1050,737.5,1425,2025
446,51,257,"Ağrı İbrahim Çeçen ÜniversitesiTurkiye, Asia",7040,1325,1040,1275,810,1437.5,2025
447,9,258,"Al-Ahliyya Amman UniversityJordan, Asia",7037.5,1025,1450,1000,750,1550,2025
448,2,113,"University of OradeaRomania, Europe",7035,875,1675,1300,647.5,1300,2025
449,2,62,"Universidad Científica Del SurPeru, Latin_america",7032.5,885,1550,1250,825,1185,2025
450,18,259,"SSM Institute of Engineering and TechnologyIndia, Asia",7027.5,900,1550,975,800,1637.5,2025
451,11,114,"Russian State Agrarian University - Moscow Timiryazev Agricultural AcademyRussia, Europe",7025,1475,1350,1375,650,1325,2025
452,26,63,"Universidad Militar Nueva GranadaColombia, Latin_america",7022.5,1150,1360,1350,962.5,1062.5,2025
453,23,260,"National Chung Hsing UniversityChinese Taipei, Asia",7015,905,1085,1475,475,1487.5,2025
454,48,261,"Politeknik Negeri MalangIndonesia, Asia",7012.5,850,1500,1175,587.5,1212.5,2025
455,49,262,"Universitas JemberIndonesia, Asia",7010,1125,1310,1175,487.5,1362.5,2025
456,15,263,"University of MosulIraq, Asia",6987.5,1175,1525,950,687.5,1375,2025
457,4,64,"Universidad Tecnica Particular de LojaEcuador, Latin_america",6987.5,1050,1450,1175,487.5,1412.5,2025
458,12,264,"Panpacific UniversityPhilippines, Asia",6985,885,1700,850,737.5,1425,2025
459,15,65,"Centro Universitario do Rio Grande do Norte UNI-RNBrazil, Latin_america",6985,1050,1600,1325,950,1185,2025
460,4,265,"An Giang University - Vietnam National University Ho Chi Minh CityVietnam, Asia",6985,875,1125,1700,460,1450,2025
461,24,266,"Fo Guang UniversityChinese Taipei, Asia",6985,1250,1110,1275,800,1150,2025
462,6,115,"Semmelweis UniversityHungary, Europe",6982.5,830,1150,1725,637.5,1675,2025
463,25,267,"POLITEKNIK JELI KELANTANMalaysia, Asia",6975,1200,1275,875,700,1487.5,2025
464,50,268,"Universitas Islam Negeri Sultan Thaha Saifuddin JambiIndonesia, Asia",6970,1125,1410,1075,712.5,1222.5,2025
465,27,66,"Universidad de Bogota Jorge Tadeo LozanoColombia, Latin_america",6962.5,900,1525,1400,875,1275,2025
466,8,10,"Arab Academy for Science, Technology, and Maritime TransportEgypt, Africa",6957.5,860,1285,1125,887.5,1462.5,2025
467,12,116,"Omsk State Agrarian UniversityRussia, Europe",6957.5,995,850,1550,812.5,1100,2025
468,52,269,"Bursa Technical UniversityTurkiye, Asia",6955,795,1460,1325,587.5,1350,2025
469,1,67,"Universidad de Costa RicaCosta Rica, Latin_america",6952.5,925,1490,1550,850,987.5,2025
470,4,117,"Mendel University in BrnoCzech Republic, Europe",6950,1140,1100,1325,625,1235,2025
471,3,118,"George Emil Palade University of Medicine, Pharmacy, Science, and Technology of Targu MuresRomania, Europe",6947.5,1000,1625,1400,312.5,1347.5,2025
472,28,68,"Fundación Universitaria NavarraColombia, Latin_america",6947.5,735,1525,1300,737.5,1337.5,2025
473,5,119,"University of Hradec KraloveCzech Republic, Europe",6942.5,835,1360,1575,510,1475,2025
474,20,120,"Università Degli Studi Gabriele D'Annunzio Chieti e PescaraItaly, Europe",6937.5,1075,1060,1550,712.5,1400,2025
475,53,121,"Balikesir UniversityTurkiye, Europe",6935,1150,1210,1200,550,1500,2025
476,15,270,"University of Agriculture FaisalabadPakistan, Asia",6925,950,1450,1025,500,1512.5,2025
477,13,271,"Catanduanes State UniversityPhilippines, Asia",6925,1175,1350,1175,787.5,1300,2025
478,14,272,"Pampanga State UniversityPhilippines, Asia",6922.5,760,1525,1325,687.5,1300,2025
479,19,273,"Guru Ghasidas VishwavidyalayaIndia, Asia",6912.5,975,1625,950,687.5,1262.5,2025
480,54,122,"Karadeniz Technical UniversityTurkiye, Europe",6912.5,975,1425,1200,687.5,1412.5,2025
481,1,123,"Jean Moulin University Lyon 3France, Europe",6900,615,1825,1575,675,1185,2025
482,55,124,"Usak UniversityTurkiye, Europe",6897.5,1125,1185,825,750,1487.5,2025
483,6,125,"Cardinal Stefan Wyszynski University in Warsaw, PolandPoland, Europe",6892.5,930,1550,1425,700,1175,2025
484,3,126,"The National University of Ostroh AcademyUkraine, Europe",6890,1100,1675,1375,337.5,1475,2025
485,2,274,"Gulf University For Science & TechnologyKuwait, Asia",6890,1155,1650,1350,712.5,710,2025
486,14,69,"Universidad Iberoamericana LeónMexico, Latin_america",6887.5,975,1800,1150,587.5,1250,2025
487,1,275,"Kyrgyz Turkish Manas UniversityKyrgyzstan, Asia",6880,1155,1065,1350,687.5,1612.5,2025
488,15,276,"Biliran Province State UniversityPhilippines, Asia",6877.5,1375,1150,1000,612.5,1525,2025
489,5,277,"Palestine Polytechnic UniversityPalestine, Asia",6875,965,1600,1750,500,547.5,2025
490,16,278,"University of Southern Punjab, Multan, PakistanPakistan, Asia",6875,900,1550,975,750,1475,2025
491,5,127,"Polytechnic University of Coimbra (PUC)Portugal, Europe",6875,1175,1375,1350,335,1350,2025
492,35,279,"Roi Et Rajabhat UniversityThailand, Asia",6875,1150,1375,1350,587.5,1237.5,2025
493,1,128,"Baku State UniversityAzerbaijan, Europe",6875,950,1000,1075,662.5,1625,2025
494,7,129,"Wrocław University Of Environmental And Life SciencesPoland, Europe",6870,1155,1400,1425,725,1100,2025
495,25,280,"Soochow UniversityChinese Taipei, Asia",6867.5,915,1350,1475,662.5,1237.5,2025
496,4,130,"International European UniversityUkraine, Europe",6862.5,1075,1425,900,737.5,1312.5,2025
497,21,131,"Universita degli Studi di Bari Aldo MoroItaly, Europe",6862.5,850,1275,1425,900,1400,2025
498,3,281,"Brac UniversityBangladesh, Asia",6860,985,1525,1000,675,1200,2025
499,16,70,"Centro Federal de Educacao Tecnologica Celso Suckow da Fonseca - CEFET/RJBrazil, Latin_america",6860,785,1500,1500,812.5,875,2025
500,51,282,"Universitas Pembangunan Nasional Veteran YogyakartaIndonesia, Asia",6860,1000,1435,975,575,1212.5,2025
501,22,132,"Domus AcademyItaly, Europe",6855,730,1825,950,600,1650,2025
502,56,133,"Istanbul Atlas UniversityTurkiye, Europe",6847.5,735,1700,1175,625,1250,2025
503,4,134,"University of Medicine and Pharmacy Grigore T PopaRomania, Europe",6845,935,1675,1500,775,747.5,2025
504,2,11,"Ibn Tofail UniversityMorocco, Africa",6845,785,1600,775,937.5,1135,2025
505,10,283,"Tashkent State Technical Universitiy Named After Islam KarimovUzbekistan, Asia",6837.5,925,1750,925,712.5,1450,2025
506,26,284,"Management and Science UniversityMalaysia, Asia",6837.5,925,1010,1150,712.5,1587.5,2025
507,52,285,"Universitas Negeri ManadoIndonesia, Asia",6835,1275,1550,850,675,897.5,2025
508,53,286,"Universitas Muhammadiyah Prof.Dr HamkaIndonesia, Asia",6835,885,1200,1250,612.5,1337.5,2025
509,11,287,"Samarkand State UniversityUzbekistan, Asia",6825,1150,1625,975,637.5,1062.5,2025
510,3,7,"Toronto Metropolitan UniversityCanada, North_america",6825,590,1385,1350,597.5,1550,2025
511,17,288,"University of WahPakistan, Asia",6822.5,910,1450,1225,625,1162.5,2025
512,18,289,"NUR International UniversityPakistan, Asia",6820,1060,1410,1475,525,1225,2025
513,16,290,"University of Saint LouisPhilippines, Asia",6820,1060,1360,1050,587.5,1337.5,2025
514,4,8,"British Columbia Institute of TechnologyCanada, North_america",6820,710,1285,1650,862.5,1100,2025
515,17,291,"Bulacan Agricultural State CollegePhilippines, Asia",6812.5,1030,1410,1050,562.5,1260,2025
516,27,292,"Polytechnic of Mersing JohorMalaysia, Asia",6812.5,1125,1350,975,662.5,1187.5,2025
517,9,12,"New valley universityEgypt, Africa",6805,1080,1250,1150,675,1275,2025
518,10,13,"Cairo UniversityEgypt, Africa",6800,1075,1410,925,687.5,1325,2025
519,11,14,"Egyptian Russian UniversityEgypt, Africa",6800,800,1325,1425,887.5,1287.5,2025
520,28,293,"University of Technology SarawakMalaysia, Asia",6800,1025,1200,1225,800,1362.5,2025
521,18,294,"West Visayas State UniversityPhilippines, Asia",6792.5,1045,1010,1375,787.5,1472.5,2025
522,1,295,"Al-Razi UniversityYemen, Asia",6787.5,600,1675,975,800,1212.5,2025
523,12,296,"Samarkand State Institute of Foreign LanguagesUzbekistan, Asia",6785,860,1575,575,750,1562.5,2025
524,19,297,"Air University IslamabadPakistan, Asia",6785,825,1375,1250,800,1247.5,2025
525,1,298,"The Hang Seng University of Hong KongHong Kong, Asia",6777.5,665,1475,1225,662.5,1650,2025
526,17,71,"FURG - Universidade Federal do Rio GrandeBrazil, Latin_america",6777.5,1350,1390,1500,625,925,2025
527,15,135,"Universidad Autónoma de MadridSpain, Europe",6772.5,975,1400,1575,487.5,1235,2025
528,20,299,"University of GujratPakistan, Asia",6772.5,950,1385,700,775,1362.5,2025
529,54,300,"Universitas Islam Sultan AgungIndonesia, Asia",6762.5,900,1250,1125,650,1400,2025
530,21,301,"Mehran University of Engineering & Technology, JamshoroPakistan, Asia",6750,1175,1525,875,675,1212.5,2025
531,57,302,"Gazi UniversityTurkiye, Asia",6750,925,1475,975,650,1312.5,2025
532,19,303,"University of the CordillerasPhilippines, Asia",6745,885,1375,1075,887.5,1060,2025
533,29,72,"UNIVERSIDAD DE CUNDINAMARCAColombia, Latin_america",6742.5,645,1775,950,900,1337.5,2025
534,30,73,"Universidad de AméricaColombia, Latin_america",6737.5,910,1675,1400,725,1050,2025
535,36,304,"Nakhon Pathom Rajabhat UniversityThailand, Asia",6737.5,765,1360,1475,750,1122.5,2025
536,6,136,"Palacky University OlomoucCzech Republic, Europe",6735,765,1350,1550,725,1287.5,2025
537,37,305,"Phetchaburi Rajabhat University (PBRU)Thailand, Asia",6725,1025,1175,1250,800,1297.5,2025
538,5,306,"Shakarim University of SemeyKazakhstan, Asia",6722.5,1200,1450,900,475,1097.5,2025
539,18,74,"Universidade Federal do Oeste do Pará - UfopaBrazil, Latin_america",6720,1110,1175,1350,737.5,1047.5,2025
540,20,307,"Saint Louis UniversityPhilippines, Asia",6717.5,645,1625,1175,662.5,1235,2025
541,7,137,"University of PannoniaHungary, Europe",6712.5,1000,1350,1100,462.5,1425,2025
542,58,308,"Dicle UniversityTurkiye, Asia",6710,1250,1110,1425,637.5,1200,2025
543,59,309,"Gebze Techinal UniversityTurkiye, Asia",6710,1200,985,800,487.5,1675,2025
544,2,138,"Liepaja UniversityLatvia, Europe",6702.5,610,1365,1625,575,1550,2025
545,22,310,"Hazara University Mansehra, Khyber Pakhtunkhwa (KP) PakistanPakistan, Asia",6700,1000,1625,1075,750,1275,2025
546,2,139,"Western Caspian UniversityAzerbaijan, Europe",6700,750,1525,1025,587.5,1237.5,2025
547,21,311,"Kalinga State UniversityPhilippines, Asia",6700,1100,1400,825,612.5,1500,2025
548,22,312,"Central Philippines State University  (CPSU)Philippines, Asia",6700,1275,1315,975,600,1185,2025
549,6,313,"University of Mohaghegh ArdabiliIran, Asia",6695,1125,1285,875,975,1235,2025
550,23,314,"WCC AERONAUTICAL & TECHNOLOGICAL COLLEGE INC.Philippines, Asia",6692.5,930,1475,900,662.5,1300,2025
551,23,315,"Karakoram International UniversityPakistan, Asia",6690,1030,1575,850,700,1222.5,2025
552,5,75,"Universidad Tecnica del NorteEcuador, Latin_america",6687.5,1275,1650,825,450,1187.5,2025
553,20,316,"Manipal University JaipurIndia, Asia",6685,950,1500,850,750,1222.5,2025
554,19,76,"Universidade Federal de ItajubaBrazil, Latin_america",6682.5,795,1325,1500,812.5,1150,2025
555,5,317,"Northern Border UniversitySaudi Arabia, Asia",6682.5,900,920,850,775,1587.5,2025
556,6,140,"Iscte - Instituto Universitário de LisboaPortugal, Europe",6675,600,1410,1450,625,1300,2025
557,16,318,"Al-Karkh University of ScienceIraq, Asia",6675,1250,1375,825,537.5,1362.5,2025
558,8,141,"University of DebrecenHungary, Europe",6675,1125,925,1175,512.5,1675,2025
559,23,142,"Università Degli Studi di Modena e Reggio EmiliaItaly, Europe",6662.5,900,1300,1550,350,1400,2025
560,60,319,"Selcuk UniversityTurkiye, Asia",6662.5,1175,1300,900,650,1362.5,2025
561,16,143,"Universitat Rovira i VirgiliSpain, Europe",6660,810,1525,1425,587.5,1200,2025
562,31,77,"Ean UniversityColombia, Latin_america",6657.5,620,1550,975,775,1325,2025
563,29,320,"Politeknik Banting Selangor (PBS)Malaysia, Asia",6655,755,750,1125,887.5,1387.5,2025
564,21,321,"Bhagat Phool Singh Mahila VishwavidyalayaIndia, Asia",6652.5,1200,1500,1200,637.5,1375,2025
565,12,15,"Minia UniversityEgypt, Africa",6650,925,1550,950,687.5,1512.5,2025
566,24,322,"Ateneo De Manila UniversityPhilippines, Asia",6650,835,1415,1550,550,1025,2025
567,55,323,"Universitas Ciputra SurabayaIndonesia, Asia",6645,695,1500,1125,537.5,1075,2025
568,2,144,"University of Western MacedoniaGreece, Europe",6642.5,1225,1375,1475,245,922.5,2025
569,13,324,"Uzbekistan State World Languages UniversityUzbekistan, Asia",6637.5,685,1140,1275,900,1400,2025
570,15,78,"Universidad De GuadalajaraMexico, Latin_america",6635,860,1450,800,550,1475,2025
571,61,325,"Istanbul Okan UniversityTurkiye, Asia",6632.5,810,1550,975,600,1272.5,2025
572,24,326,"University of OkaraPakistan, Asia",6625,1175,1475,750,650,1125,2025
573,7,327,"University of ZanjanIran, Asia",6625,1350,1325,800,637.5,1087.5,2025
574,56,328,"University of BengkuluIndonesia, Asia",6622.5,900,1675,1100,787.5,1047.5,2025
575,3,145,"Azerbaijan State University of Economics (UNEC)Azerbaijan, Europe",6612.5,900,1550,675,725,1312.5,2025
576,25,329,"Government College Women University Faisalabad PakistanPakistan, Asia",6602.5,905,1525,950,687.5,1347.5,2025
577,17,146,"Universidad de Las Palmas de Gran CanariaSpain, Europe",6602.5,1000,1375,1225,600,1125,2025
578,22,330,"Periyar Maniammai Institute of Science & TechnologyIndia, Asia",6597.5,785,1535,1075,862.5,1212.5,2025
579,57,331,"Universitas Islam Negeri Sunan Kalijaga YogyakartaIndonesia, Asia",6597.5,1025,1110,1225,725,1275,2025
580,1,147,"Eastern Mediterranean UniversityNorthern Cyprus, Europe",6597.5,1035,1060,950,662.5,1412.5,2025
581,14,332,"Termiz University of Economics and ServiceUzbekistan, Asia",6592.5,905,1625,650,750,1575,2025
582,58,333,"Universitas UdayanaIndonesia, Asia",6590,1225,1450,1200,425,950,2025
583,5,148,"PETROLEUM-GAS UNIVERSITY OF PLOIESTI, ROMANIARomania, Europe",6582.5,1050,1485,975,537.5,1437.5,2025
584,25,334,"Xavier University Ateneo De CagayanPhilippines, Asia",6582.5,910,1300,1300,650,1197.5,2025
585,23,335,"SR UniversityIndia, Asia",6575,1100,1525,900,687.5,1275,2025
586,13,16,"Tanta UniversityEgypt, Africa",6575,915,1425,1000,637.5,1335,2025
587,26,336,"Eastern Samar State UniversityPhilippines, Asia",6575,1325,1125,1400,787.5,1100,2025
588,26,337,"Government College Women University SialkotPakistan, Asia",6565,1125,1600,825,462.5,1350,2025
589,14,17,"BENHA NATIONAL UNIVERSITYEgypt, Africa",6565,975,1375,1000,587.5,1287.5,2025
590,27,338,"University of MalakandPakistan, Asia",6562.5,950,1575,875,575,1250,2025
591,30,339,"Politeknik Kota KinabaluMalaysia, Asia",6560,960,1335,1300,675,1175,2025
592,59,340,"Universitas Muhammadiyah Semarang, Jawa TengahIndonesia, Asia",6557.5,975,1295,875,587.5,1312.5,2025
593,32,79,"Universidad Catolica De ManizalesColombia, Latin_america",6557.5,910,1135,1325,800,1137.5,2025
594,31,341,"POLITEKNIK TUANKU SULTANAH BAHIYAHMalaysia, Asia",6555,885,985,1300,687.5,1122.5,2025
595,15,18,"Fayoum UniversityEgypt, Africa",6552.5,690,1160,1350,737.5,1200,2025
596,24,342,"National Institute Of Technology WarangalIndia, Asia",6550,800,1575,1000,687.5,1350,2025
597,16,80,"Universidad Autonoma De San Luis PotosiMexico, Latin_america",6550,800,1150,1200,650,1300,2025
598,4,343,"World University of Bangladesh (WUB)Bangladesh, Asia",6547.5,860,1275,675,850,1487.5,2025
599,1,344,"Hebrew University Of JerusalemIsrael, Asia",6547.5,1000,1110,1375,562.5,1462.5,2025
600,18,149,"Universidad de AlicanteSpain, Europe",6545,980,1240,1625,612.5,810,2025
601,60,345,"Universitas AndalasIndonesia, Asia",6545,1000,1060,1325,625,1060,2025
602,27,346,"University of Rizal SystemPhilippines, Asia",6545,1100,1025,1450,585,1047.5,2025
603,17,347,"University of Thi-qarIraq, Asia",6537.5,975,1325,950,687.5,1375,2025
604,6,150,"""Ion Ionescu de la Brad"" Iasi University of Life SciencesRomania, Europe",6537.5,1050,1050,1500,487.5,1100,2025
605,8,348,"Yazd UniversityIran, Asia",6535,835,1350,1125,737.5,1362.5,2025
606,4,151,"Azerbaijan University of Architecture and ConstructionAzerbaijan, Europe",6527.5,765,1175,925,687.5,1487.5,2025
607,9,349,"Isfahan University Of TechnologyIran, Asia",6522.5,1075,1075,1425,875,960,2025
608,62,350,"Bayburt UniversityTurkiye, Asia",6512.5,1075,1350,850,612.5,1287.5,2025
609,19,152,"Universidad de ValladolidSpain, Europe",6510,900,1575,1500,347.5,975,2025
610,28,351,"Manuel S. Enverga University FoundationPhilippines, Asia",6497.5,935,1425,875,437.5,1400,2025
611,28,352,"The University Of Modern SciencesPakistan, Asia",6497.5,875,1360,975,962.5,1362.5,2025
612,63,153,"Cag UniversityTurkiye, Europe",6497.5,795,1000,1075,612.5,1587.5,2025
613,29,353,"The Women University MultanPakistan, Asia",6472.5,975,1375,725,650,1272.5,2025
614,16,19,"Aswan UniversityEgypt, Africa",6467.5,885,1310,1025,737.5,1197.5,2025
615,20,81,"Universidade Federal Da BahiaBrazil, Latin_america",6467.5,1155,1200,1000,650,1337.5,2025
616,18,354,"University of Al-QadisiyahIraq, Asia",6465,1075,1350,1125,712.5,1337.5,2025
617,10,355,"Zanjan University of Medical Sciences and Health ServicesIran, Asia",6462.5,800,1575,1400,687.5,1187.5,2025
618,26,356,"Chung Hua UniversityChinese Taipei, Asia",6462.5,950,1350,1550,725,1075,2025
619,64,154,"Kayseri ÜniversitesiTurkiye, Europe",6462.5,800,1200,1200,550,1212.5,2025
620,25,357,"Dr. Vishwanath Karad MIT World Peace University (MIT-WPU)India, Asia",6460,660,1525,1150,500,1175,2025
621,24,155,"Universita degli Studi del Piemonte OrientaleItaly, Europe",6460,785,1525,1050,625,1212.5,2025
622,5,156,"Azerbaijan State Oil and Industry UniversityAzerbaijan, Europe",6457.5,595,1400,1025,587.5,1500,2025
623,61,358,"Universitas Islam Negeri Walisongo SemarangIndonesia, Asia",6450,775,1410,1125,712.5,1337.5,2025
624,62,359,"Universitas Muhammadiyah MakassarIndonesia, Asia",6445,1425,1360,600,650,997.5,2025
625,4,157,"Maynooth UniversityIreland, Europe",6440,725,1300,1700,812.5,800,2025
626,26,360,"Indian Institute of Management IndoreIndia, Asia",6437.5,850,1285,1425,912.5,1225,2025
627,2,158,"Université Côte d'AzurFrance, Europe",6435,875,1600,1175,325,1010,2025
628,6,361,"Nakhchivan State UniversityAzerbaijan, Asia",6435,950,1550,1175,462.5,1285,2025
629,63,362,"Universitas Pendidikan Muhammadiyah SorongIndonesia, Asia",6435,960,1500,850,637.5,1212.5,2025
630,13,159,"Perm State UniversityRussia, Europe",6435,810,1325,1225,625,1237.5,2025
631,17,20,"Assiut UniversityEgypt, Africa",6435,810,1275,1325,737.5,1225,2025
632,30,363,"Kohat University of Science & TechnologyPakistan, Asia",6435,1150,1250,925,637.5,1300,2025
633,7,160,"Politécnico de Lisboa | Polytechnic University of LisbonPortugal, Europe",6435,675,1185,1525,500,1375,2025
634,32,364,"Universiti Sains Islam MalaysiaMalaysia, Asia",6430,1110,1110,1200,585,1362.5,2025
635,14,161,"Tyumen Industrial UniversityRussia, Europe",6430,660,935,1350,485,1450,2025
636,19,365,"Mustansiriyah UniversityIraq, Asia",6425,875,1475,1075,525,1337.5,2025
637,38,366,"Suratthani Rajabhat UniversityThailand, Asia",6422.5,1175,1110,1475,372.5,1325,2025
638,33,82,"Universidad de San BuenaventuraColombia, Latin_america",6417.5,975,1415,1100,762.5,1062.5,2025
639,33,367,"KOLEJ KOMUNITI JASIN (KKJS)Malaysia, Asia",6415,975,1435,900,560,1260,2025
640,64,368,"Universitas TanjungpuraIndonesia, Asia",6412.5,1025,1175,825,800,1225,2025
641,6,369,"Al Aqsa UniversityPalestine, Asia",6410,735,1450,975,737.5,1337.5,2025
642,2,370,"I. Razzakov Kyrgyz State Technical UniversityKyrgyzstan, Asia",6410,835,1450,700,737.5,1287.5,2025
643,20,371,"Hilla UniversityIraq, Asia",6400,815,1250,1050,787.5,1335,2025
644,31,372,"Minhaj University LahorePakistan, Asia",6397.5,925,1285,800,675,1412.5,2025
645,21,83,"Pontifícia Universidade Católica de CampinasBrazil, Latin_america",6395,1010,1400,1175,787.5,847.5,2025
646,65,373,"Institut Teknologi Nasional BandungIndonesia, Asia",6392.5,1010,1185,875,410,1375,2025
647,17,84,"CENTROMexico, Latin_america",6385,735,1385,1300,950,925,2025
648,18,21,"Zagazig UniversityEgypt, Africa",6382.5,985,1575,700,562.5,1235,2025
649,25,162,"Università degli Studi Roma TreItaly, Europe",6382.5,860,1300,1325,460,1187.5,2025
650,65,374,"Aksaray UniversityTurkiye, Asia",6380,970,1435,1175,550,1175,2025
651,66,163,"Bilecik Seyh Edebali UniversityTurkiye, Europe",6377.5,725,1625,1400,475,1350,2025
652,67,164,"Igdir UniversitesiTurkiye, Europe",6377.5,975,1340,1325,750,760,2025
653,3,375,"Turkmen Agricultural InstituteTurkmenistan, Asia",6377.5,1180,1000,875,750,1337.5,2025
654,66,376,"Politeknik Perkeretaapian Indonesia, MadiunIndonesia, Asia",6375,775,1275,975,637.5,1625,2025
655,6,377,"Saudi Electronic UniversitySaudi Arabia, Asia",6370,610,1250,1100,600,1310,2025
656,67,378,"Universitas Bangka BelitungIndonesia, Asia",6365,1000,1465,1275,375,997.5,2025
657,27,379,"Sri Balaji VidyapeethIndia, Asia",6365,1100,1300,625,562.5,1387.5,2025
658,68,380,"Izmir Katip Celebi UniversityTurkiye, Asia",6365,765,1225,1675,750,947.5,2025
659,34,381,"KOLEJ KOMUNITI MASJID TANAHMalaysia, Asia",6365,900,1200,1050,650,1262.5,2025
660,69,165,"Samsun UniversitesiTurkiye, Europe",6360,1175,1210,600,637.5,1450,2025
661,68,382,"Universitas Negeri PadangIndonesia, Asia",6357.5,700,1400,950,397.5,1260,2025
662,2,85,"Universidad Nacional Costa Rica Campus LiberiaCosta Rica, Latin_america",6355,980,1400,1425,550,950,2025
663,32,383,"Fatima Jinnah Women UniversityPakistan, Asia",6352.5,1120,1450,900,145,1085,2025
664,21,384,"Al-Nahrain UniversityIraq, Asia",6347.5,850,1385,900,675,1250,2025
665,22,385,"Cihan University SulaimaniyaIraq, Asia",6347.5,960,1250,725,662.5,1512.5,2025
666,26,166,"Universita degli Studi di FerraraItaly, Europe",6340,880,1185,1300,675,1175,2025
667,70,167,"Eskisehir Osmangazi UniversityTurkiye, Europe",6335,1225,960,1025,487.5,1162.5,2025
668,69,386,"Politeknik Negeri JemberIndonesia, Asia",6332.5,710,1425,1325,550,772.5,2025
669,71,168,"Istanbul Gelisim UniversityTurkiye, Europe",6330,735,1600,1125,650,1272.5,2025
670,23,387,"Univerity of Al MaarifIraq, Asia",6327.5,690,1425,1000,712.5,1125,2025
671,7,388,"King Saud bin Abdulaziz University for Health SciencesSaudi Arabia, Asia",6327.5,1030,1335,575,887.5,1187.5,2025
672,72,169,"Istanbul Medeniyet UniversityTurkiye, Europe",6327.5,545,1085,1800,737.5,797.5,2025
673,15,389,"Samarkand Institute of Economics and ServiceUzbekistan, Asia",6325,850,1225,750,700,1425,2025
674,29,390,"Benguet State UniversityPhilippines, Asia",6322.5,750,1000,975,800,1222.5,2025
675,16,391,"The Law Enforcement Academy of the Republic of UzbekistanUzbekistan, Asia",6317.5,830,1525,925,550,1287.5,2025
676,33,392,"University of Sargodha, SargodhaPakistan, Asia",6315,1075,1265,525,662.5,1400,2025
677,11,393,"Shahrekord UniversityIran, Asia",6300,1350,1425,550,600,1275,2025
678,28,394,"M.Kumarasamy College of EngineeringIndia, Asia",6297.5,1250,1300,1200,762.5,925,2025
679,7,170,"Tomas Bata UniversityCzech Republic, Europe",6292.5,740,1425,1100,687.5,1200,2025
680,29,395,"Guru Jambheshwar University of Science and Technology,Hisar, HaryanaIndia, Asia",6287.5,1050,1175,1000,762.5,1312.5,2025
681,35,396,"Politeknik Tun Syed Nasir Syed IsmailMalaysia, Asia",6287.5,1055,1085,1250,700,1122.5,2025
682,34,397,"University of EducationPakistan, Asia",6285,650,1135,1025,700,1287.5,2025
683,22,86,"Universidade Federal do Rio Grande do Sul - UFRGSBrazil, Latin_america",6280,980,1550,1075,535,1187.5,2025
684,73,171,"Istanbul Topkapi UniversityTurkiye, Europe",6280,885,1060,1500,722.5,1287.5,2025
685,17,398,"Navoi State University of Mining and TechnologiesUzbekistan, Asia",6275,800,1425,750,500,1287.5,2025
686,7,399,"Arab American UniversityPalestine, Asia",6275,925,1425,875,637.5,1187.5,2025
687,6,400,"Atyrau University named after Khalel DosmukhamedovKazakhstan, Asia",6272.5,660,1675,1100,575,1037.5,2025
688,1,22,"University of CarthageTunisia, Africa",6260,1225,1375,650,437.5,1022.5,2025
689,70,401,"Universitas TrisaktiIndonesia, Asia",6250,1250,1375,800,487.5,1075,2025
690,18,402,"Bukhara State Pedagogical InstituteUzbekistan, Asia",6245,595,1575,725,712.5,1512.5,2025
691,74,403,"Nevşehir Hacı Bektaş Veli ÜniversitesiTurkiye, Asia",6242.5,1075,1385,1475,485,710,2025
692,75,172,"Amasya UniversityTurkiye, Europe",6237.5,1025,1600,800,412.5,1172.5,2025
693,24,404,"Alnoor UniversityIraq, Asia",6237.5,875,1450,675,562.5,1262.5,2025
694,18,9,"University of CelayaMexico, North_america",6237.5,1025,1350,1200,650,937.5,2025
695,76,173,"Izmir Bakircay UniversityTurkiye, Europe",6235,885,1300,950,737.5,1175,2025
696,77,405,"Kirikkale UniversityTurkiye, Asia",6235,1100,1260,900,650,1312.5,2025
697,15,174,"Tver State Technical UniversityRussia, Europe",6230,830,1425,725,725,1212.5,2025
698,25,406,"University of Al-AmeedIraq, Asia",6217.5,955,1475,675,762.5,1312.5,2025
699,71,407,"Gunadarma UniversityIndonesia, Asia",6212.5,1025,1200,975,562.5,1147.5,2025
700,19,408,"Fergana Medical Institute of Public HealthUzbekistan, Asia",6210,860,1400,975,562.5,1312.5,2025
701,3,23,"Mohammed VI Polytechnic UniversityMorocco, Africa",6210,875,1320,925,612.5,1225,2025
702,30,409,"Vignana Jyothi Institute of ManagementIndia, Asia",6205,905,1450,900,737.5,1175,2025
703,1,175,"National Polytechnic University of ArmeniaArmenia, Europe",6200,950,1450,975,512.5,1312.5,2025
704,6,87,"Universidad Nacional de LojaEcuador, Latin_america",6195,1225,1185,825,537.5,1260,2025
705,30,410,"Bulacan State UniversityPhilippines, Asia",6192.5,835,1375,1150,962.5,1272.5,2025
706,31,411,"Mindoro State UniversityPhilippines, Asia",6185,1025,1200,900,260,1350,2025
707,35,412,"University of Engineering and Technology, TaxilaPakistan, Asia",6177.5,980,1100,900,472.5,1650,2025
708,9,176,"Eszterhazy Karoly Catholic UniversityHungary, Europe",6175,1025,1125,1025,550,1212.5,2025
709,39,413,"Kanchanaburi Rajabhat UniversityThailand, Asia",6172.5,885,1275,1175,637.5,1337.5,2025
710,34,88,"Unidad Central del Valle del CaucaColombia, Latin_america",6172.5,885,1275,1325,750,1050,2025
711,4,414,"S.A.Niyazov Turkmen Agricultural UniversityTurkmenistan, Asia",6172.5,975,960,825,537.5,1562.5,2025
712,36,415,"Thal University BhakkarPakistan, Asia",6170,835,1775,975,787.5,975,2025
713,40,416,"Shinawatra UniversityThailand, Asia",6167.5,865,1225,1275,750,1200,2025
714,41,417,"Rajamangala University Of Technology Phra NakhonThailand, Asia",6165,740,1175,975,600,1350,2025
715,26,418,"Al-Hadba UniversityIraq, Asia",6152.5,715,1025,1025,450,1387.5,2025
716,12,419,"Gorgan University Of Agricultural Sciences And Natural ResourcesIran, Asia",6150,1300,1375,675,700,962.5,2025
717,72,420,"Institut Ilmu Kesehatan Bhakti Wiyata KediriIndonesia, Asia",6137.5,835,1675,1225,437.5,1000,2025
718,20,421,"National University of Uzbekistan named after Mirzo UlugbekUzbekistan, Asia",6137.5,825,1475,875,462.5,1112.5,2025
719,37,422,"Sukkur IBA UniversityPakistan, Asia",6137.5,875,1250,750,550,1487.5,2025
720,1,24,"University of South AfricaSouth Africa, Africa",6137.5,1015,1225,1025,300,1372.5,2025
721,7,423,"Zhetysu University named after Iliyas ZhansugurovKazakhstan, Asia",6132.5,645,1250,900,450,1225,2025
722,27,424,"Al-Muthanna UniversityIraq, Asia",6132.5,900,1070,900,575,1437.5,2025
723,36,425,"POLITEKNIK SULTAN MIZAN ZAINAL ABIDINMalaysia, Asia",6132.5,985,1050,975,510,1350,2025
724,73,426,"Universitas Islam Negeri Imam Bonjol PadangIndonesia, Asia",6130,710,1085,900,875,1035,2025
725,21,427,"Bukhara State Medical Institute named after Abu Ali ibn SinoUzbekistan, Asia",6125,600,1425,775,575,1187.5,2025
726,28,428,"Al-Bayan UniversityIraq, Asia",6122.5,785,1525,825,675,1235,2025
727,16,177,"Petrozavodsk State UniversityRussia, Europe",6122.5,1025,1425,1075,210,1262.5,2025
728,74,429,"Universitas Muhammadiyah SurakartaIndonesia, Asia",6122.5,810,1325,900,600,987.5,2025
729,29,430,"University of KutIraq, Asia",6122.5,760,950,925,962.5,1225,2025
730,27,178,"Università Degli Studi di BergamoItaly, Europe",6115,740,1700,1225,347.5,1075,2025
731,78,179,"Kırşehir Ahi Evran UniversityTurkiye, Europe",6112.5,1025,1475,750,350,1125,2025
732,79,180,"Bezmialem Vakıf UniversityTurkiye, Europe",6112.5,975,1125,900,272.5,1425,2025
733,22,431,"ALFRAGANUS UNIVERSITYUzbekistan, Asia",6110,910,1425,700,562.5,1287.5,2025
734,75,432,"Universitas Pembangunan Nasional Veteran JakartaIndonesia, Asia",6110,735,1250,1150,462.5,1262.5,2025
735,80,181,"Istanbul Sabahattin Zaim UniversityTurkiye, Europe",6107.5,785,1460,1625,387.5,1062.5,2025
736,76,433,"President UniversityIndonesia, Asia",6107.5,975,1185,900,712.5,1060,2025
737,20,182,"Universidad Pontificia ComillasSpain, Europe",6102.5,855,1500,1175,587.5,947.5,2025
738,7,183,"Technical University Of Cluj NapocaRomania, Europe",6102.5,855,1400,575,410,1462.5,2025
739,77,434,"Universitas Islam Negeri Maulana Malik Ibrahim MalangIndonesia, Asia",6102.5,975,1375,900,487.5,1187.5,2025
740,8,435,"Kazakh National Agrarian Research University (KazNARU)Kazakhstan, Asia",6100,950,1300,975,662.5,1050,2025
741,38,436,"NED University of Engineering & TechnologyPakistan, Asia",6097.5,850,950,1475,397.5,1087.5,2025
742,7,89,"Universidad de las AmericasEcuador, Latin_america",6087.5,710,1150,1000,812.5,1287.5,2025
743,39,437,"Institute of Business ManagementPakistan, Asia",6085,760,1775,700,562.5,1475,2025
744,4,10,"University at AlbanyUSA, North_america",6085,1030,1105,1500,625,922.5,2025
745,35,90,"Universidad De NarinoColombia, Latin_america",6080,935,1170,1050,825,1112.5,2025
746,78,438,"Universitas Kristen Duta WacanaIndonesia, Asia",6062.5,765,1135,1150,737.5,1250,2025
747,32,439,"Ifugao State UniversityPhilippines, Asia",6062.5,1250,925,725,737.5,1350,2025
748,79,440,"UIN Sunan Gunung Djati BandungIndonesia, Asia",6060,735,1425,825,600,1312.5,2025
749,30,441,"Al Taff University CollegeIraq, Asia",6057.5,695,1025,975,725,1500,2025
750,2,442,"Gulf UniversityBahrain, Asia",6055,730,1175,950,700,887.5,2025
751,19,25,"Badr University in CairoEgypt, Africa",6050,1060,1290,1200,650,847.5,2025
752,23,443,"Tashkent Institute of Management and EconomicsUzbekistan, Asia",6035,785,1300,775,575,1325,2025
753,33,444,"Mountain Province State UniversityPhilippines, Asia",6035,1250,1050,750,875,810,2025
754,81,184,"Aydin Adnan Menderes UniversityTurkiye, Europe",6032.5,1155,985,1425,107.5,1147.5,2025
755,80,445,"Universitas Islam Negeri SalatigaIndonesia, Asia",6027.5,1100,1625,750,475,1237.5,2025
756,13,446,"Azarbaijan Shahid Madani UniversityIran, Asia",6027.5,845,1160,1050,750,1185,2025
757,8,91,"Universidad de CuencaEcuador, Latin_america",6027.5,1075,1075,675,412.5,1650,2025
758,20,26,"Kafrelsheikh UniversityEgypt, Africa",6022.5,785,1500,975,550,1137.5,2025
759,42,447,"Chandrakasem Rajabhat UniversityThailand, Asia",6022.5,690,1260,1450,297.5,1087.5,2025
760,1,27,"Lagos State UniversityNigeria, Africa",6017.5,695,1310,825,512.5,1262.5,2025
761,36,92,"University of CaucaColombia, Latin_america",6012.5,675,1275,950,637.5,1262.5,2025
762,2,185,"Mykolas Romeris UniversityLithuania, Europe",6012.5,1000,1250,1000,537.5,1112.5,2025
763,1,448,"Citi UniversityMongolia, Asia",6012.5,1000,1000,1075,775,1150,2025
764,1,186,"Estonian University of Life SciencesEstonia, Europe",6012.5,1075,700,1500,462.5,912.5,2025
765,27,449,"I-Shou UniversityChinese Taipei, Asia",6010,650,1310,1150,725,1137.5,2025
766,21,28,"Nile UniversityEgypt, Africa",6005,835,1185,975,462.5,1210,2025
767,81,450,"Universitas Negeri JakartaIndonesia, Asia",6002.5,605,1285,925,550,1185,2025
768,34,451,"University of Eastern PangasinanPhilippines, Asia",6000,765,675,1625,837.5,860,2025
769,31,452,"Bundelkhand University, JhansiIndia, Asia",5997.5,975,1210,975,612.5,1150,2025
770,82,453,"Politeknik Pariwisata MakassarIndonesia, Asia",5992.5,805,1225,675,637.5,1275,2025
771,9,454,"Satbayev University (KazNRTU)Kazakhstan, Asia",5992.5,785,770,900,700,1412.5,2025
772,23,93,"Universidade Federal de Santa MariaBrazil, Latin_america",5990,1350,975,1050,637.5,1075,2025
773,82,187,"Süleyman Demirel UniversityTurkiye, Europe",5987.5,1300,1325,1125,387.5,887.5,2025
774,40,455,"University of Sindh JamshoroPakistan, Asia",5987.5,875,1300,950,762.5,1112.5,2025
775,24,456,"Fergana State Technical UniversityUzbekistan, Asia",5985,675,1375,650,385,1462.5,2025
776,1,29,"Equator University of Science and TechnologyUganda, Africa",5985,1175,1335,775,625,1025,2025
777,5,457,"Yagshygeldi Kakayev International Oil and Gas UniversityTurkmenistan, Asia",5985,1025,1110,475,637.5,1412.5,2025
778,83,458,"Burdur Mehmet Akif Ersoy UniversityTurkiye, Asia",5985,785,760,1100,862.5,1412.5,2025
779,8,188,"Poznan University of TechnologyPoland, Europe",5980,710,1235,1250,450,1110,2025
780,43,459,"Songkhla Rajabhat UniversityThailand, Asia",5972.5,925,1185,800,825,1437.5,2025
781,22,30,"Menoufia National UniversityEgypt, Africa",5962.5,675,1310,1200,400,1225,2025
782,35,460,"Leyte Normal UniversityPhilippines, Asia",5960,740,1210,1250,887.5,960,2025
783,5,189,"International Academy of Ecology and MedicineUkraine, Europe",5950,850,1400,925,550,1212.5,2025
784,32,461,"Chennai Institute of TechnologyIndia, Asia",5950,825,1150,575,550,1500,2025
785,24,94,"Universidade Federal Do CearaBrazil, Latin_america",5950,925,1115,1425,435,1087.5,2025
786,31,462,"Al-Qasim Green UniversityIraq, Asia",5947.5,735,1475,600,512.5,1312.5,2025
787,6,190,"National University “Yuri Kondrautyuk Poltava PolytechnicUkraine, Europe",5947.5,760,1350,825,425,1337.5,2025
788,10,463,"Non-profit JSC Almaty University of Power Engineering and Telecommunications named after Gumarbek DaukeyevKazakhstan, Asia",5942.5,695,1285,1150,475,1162.5,2025
789,33,464,"SMBT College of PharmacyIndia, Asia",5942.5,805,1075,800,850,1300,2025
790,25,465,"Termez State Pedagogical InstituteUzbekistan, Asia",5937.5,900,1075,1025,637.5,1175,2025
791,8,466,"University of Business and TechnologySaudi Arabia, Asia",5935,350,1300,1700,425,1022.5,2025
792,83,467,"Politeknik Pariwisata NHI BandungIndonesia, Asia",5935,1225,1275,1175,450,785,2025
793,84,468,"Gaziantep Islam Science and Technology UniversityTurkiye, Asia",5935,1150,1110,900,812.5,772.5,2025
794,25,95,"Universidade do Vale do Itajai UNIVALIBrazil, Latin_america",5927.5,900,1265,1300,612.5,722.5,2025
795,84,469,"Politeknik Pariwisata MedanIndonesia, Asia",5920,920,1550,400,350,1350,2025
796,23,31,"Alamein International UniversityEgypt, Africa",5920,760,1160,950,575,1160,2025
797,36,470,"University of Science and Technology of Southern PhilippinesPhilippines, Asia",5917.5,1125,1185,850,385,1197.5,2025
798,7,191,"Lviv Polytechnic National UniversityUkraine, Europe",5912.5,785,1240,625,300,1400,2025
799,37,471,"Maritime Academy of Asia and the Pacific (MAAP)Philippines, Asia",5912.5,1175,1225,550,775,1035,2025
800,14,472,"Meybod UniversityIran, Asia",5912.5,940,1125,1050,600,1210,2025
801,17,192,"Stavropol State Agrarian UniversityRussia, Europe",5912.5,865,1100,875,487.5,1225,2025
802,19,96,"Universidad Autónoma de QuerétaroMexico, Latin_america",5912.5,1125,900,1000,510,1337.5,2025
803,26,473,"Urgench State UniversityUzbekistan, Asia",5910,1125,1450,350,285,1425,2025
804,37,97,"University of IbaguéColombia, Latin_america",5902.5,875,1225,800,550,1300,2025
805,9,98,"Escuela Superior Politecnica de ChimborazoEcuador, Latin_america",5900,1175,1100,875,562.5,1222.5,2025
806,85,474,"Karabuk UniversityTurkiye, Asia",5892.5,780,1325,1200,350,1050,2025
807,85,475,"Universitas Kristen Satya WacanaIndonesia, Asia",5887.5,775,1275,875,625,1262.5,2025
808,41,476,"Sindh Madressatul Islam UniversityPakistan, Asia",5887.5,950,1250,650,387.5,1187.5,2025
809,34,477,"JSS Science and Technology University, MysuruIndia, Asia",5885,1050,1290,1125,95,1162.5,2025
810,1,478,"International University of Tourism and Entrepreneurship of TajikistanTajikistan, Asia",5885,925,1235,650,512.5,1200,2025
811,38,479,"Manila Central UniversityPhilippines, Asia",5882.5,1025,1425,925,787.5,897.5,2025
812,38,99,"Universidad de PamplonaColombia, Latin_america",5882.5,1085,1325,750,450,1272.5,2025
813,35,480,"Assam down town UniversityIndia, Asia",5882.5,760,1150,1000,737.5,1097.5,2025
814,37,481,"KOLEJ KOMUNITI SELANDAR, KEMENTERIAN PENDIDIKAN TINGGIMalaysia, Asia",5880,535,1010,1675,512.5,1085,2025
815,32,482,"University of SumerIraq, Asia",5877.5,865,1260,800,525,1275,2025
816,33,483,"National University of Science And TechnologyIraq, Asia",5867.5,885,1360,800,410,1100,2025
817,18,193,"Financial University under the Government of the Russian FederationRussia, Europe",5857.5,600,1195,1350,587.5,1085,2025
818,3,100,"Pontificia Universidad Catolica Del PerúPeru, Latin_america",5847.5,800,1110,1450,172.5,1075,2025
819,15,484,"Amirkabir University of TechnologyIran, Asia",5845,420,1150,1575,612.5,1072.5,2025
820,39,485,"UNIVERSITY OF EASTERN PHILIPPINESPhilippines, Asia",5842.5,1300,1360,750,360,922.5,2025
821,39,101,"Colegio de Estudios Superiores de Administracion CESAColombia, Latin_america",5840,455,1360,725,887.5,1162.5,2025
822,3,102,"Universidad Nacional De La PlataArgentina, Latin_america",5840,910,1260,1100,650,1110,2025
823,20,103,"Universidad De ColimaMexico, Latin_america",5835,1000,1025,1175,462.5,797.5,2025
824,1,104,"Universidad Centroamericana José Simeón CañasEl Salvador, Latin_america",5825,850,1475,1175,662.5,472.5,2025
825,40,486,"Central Bicol State University of AgriculturePhilippines, Asia",5825,875,1325,1100,500,1175,2025
826,5,487,"South Eastern University of Sri LankaSri Lanka, Asia",5825,975,1150,875,575,1150,2025
827,86,488,"Universitas BakrieIndonesia, Asia",5822.5,750,1425,700,562.5,1285,2025
828,41,489,"Virgen Milagrosa University FoundationPhilippines, Asia",5822.5,850,1260,1250,500,1050,2025
829,42,490,"IBADAT International University IslamabadPakistan, Asia",5820,860,1500,800,575,1035,2025
830,38,491,"POLITEKNIK KUCHING SARAWAKMalaysia, Asia",5820,1100,1085,825,700,997.5,2025
831,87,492,"Universitas Islam Negeri Siber Syekh Nurjati CirebonIndonesia, Asia",5820,775,985,1475,587.5,560,2025
832,42,493,"Agusan del Sur State College of Agriculture and TechnologyPhilippines, Asia",5815,1125,1000,725,662.5,1412.5,2025
833,44,494,"National Institute of Development AdministrationThailand, Asia",5812.5,685,1150,900,650,1400,2025
834,1,194,"OST - Ostschweizer FachhochschuleSwitzerland, Europe",5800,590,1150,1350,800,1262.5,2025
835,7,495,"Azerbaijan Technical UniversityAzerbaijan, Asia",5797.5,700,1185,825,675,1037.5,2025
836,21,195,"Universitat de Vic - Universitat Central de CatalunyaSpain, Europe",5795,545,1700,1125,500,1137.5,2025
837,43,496,"Nueva Ecija State University of Science and TechnologyPhilippines, Asia",5792.5,760,1150,1275,432.5,887.5,2025
838,4,105,"UNIVERSIDAD PRIVADA DEL NORTEPeru, Latin_america",5787.5,465,1550,900,450,1060,2025
839,27,497,"Samarkand State Architecture And Construction UniversityUzbekistan, Asia",5785,850,1550,500,625,1062.5,2025
840,1,196,"Belarus State Economic UniversityBelarus, Europe",5785,815,985,1450,762.5,860,2025
841,34,498,"Altoosi UniversityIraq, Asia",5780,545,1325,875,775,1410,2025
842,86,197,"Bahcesehir UniversityTurkiye, Europe",5780,800,1235,900,587.5,1322.5,2025
843,36,499,"Aligarh Muslim UniversityIndia, Asia",5777.5,1000,1200,850,500,1125,2025
844,2,106,"Universidad de Vina Del MarChile, Latin_america",5772.5,735,1090,1300,675,760,2025
845,5,11,"University of Arkansas at Little RockUSA, North_america",5767.5,910,1150,1475,900,860,2025
846,24,32,"Heliopolis University for Sustainable DevelopmentEgypt, Africa",5762.5,925,1425,775,462.5,962.5,2025
847,40,107,"Universidad Santiago de CaliColombia, Latin_america",5760,770,1425,1025,900,900,2025
848,45,500,"Buriram Rajabhat UniversityThailand, Asia",5760,925,895,625,575,1312.5,2025
849,46,501,"Sisaket Rajabhat UniversityThailand, Asia",5757.5,1075,1250,775,422.5,1035,2025
850,88,502,"ISI BaliIndonesia, Asia",5757.5,585,1110,1275,475,975,2025
851,9,503,"University of Hafr Al BatinSaudi Arabia, Asia",5750,1250,1325,525,650,787.5,2025
852,26,108,"Universidade Federal Do Rio De JaneiroBrazil, Latin_america",5750,950,625,1425,575,1047.5,2025
853,89,504,"Universitas 17 Agustus 1945 SurabayaIndonesia, Asia",5737.5,725,1300,925,712.5,912.5,2025
854,28,505,"Navoi State UniversityUzbekistan, Asia",5737.5,950,1275,500,450,1250,2025
855,8,198,"University Lucian Blaga of SibiuRomania, Europe",5735,1150,1035,1525,725,575,2025
856,16,506,"University of MazandaranIran, Asia",5730,795,1360,775,612.5,1362.5,2025
857,22,199,"University of BurgosSpain, Europe",5725,825,1700,650,350,862.5,2025
858,29,507,"Tashkent State Medical UniversityUzbekistan, Asia",5725,1000,1250,750,662.5,1125,2025
859,19,200,"Samara State Technical UniversityRussia, Europe",5710,790,925,850,347.5,1160,2025
860,87,201,"Sakarya University of Applied SciencesTurkiye, Europe",5707.5,810,1050,525,762.5,1212.5,2025
861,23,202,"University of NavarraSpain, Europe",5692.5,1035,1070,1475,360,862.5,2025
862,43,508,"Fatima Jinnah Medical UniversityPakistan, Asia",5692.5,925,945,1100,400,1110,2025
863,2,203,"Euphrosyne Polotskaya State University of PolotskBelarus, Europe",5690,705,1185,1025,637.5,950,2025
864,8,204,"Baku Higher Oil SchoolAzerbaijan, Europe",5687.5,700,1225,900,550,1200,2025
865,47,509,"Phuket Rajabhat UniversityThailand, Asia",5685,800,1010,1325,512.5,837.5,2025
866,88,205,"Anadolu UniversityTurkiye, Europe",5682.5,725,1225,1375,310,1025,2025
867,44,510,"The University of HaripurPakistan, Asia",5680,735,1045,725,675,1062.5,2025
868,45,511,"University of South Asia, Lahore, PakistanPakistan, Asia",5677.5,1100,1325,575,550,1187.5,2025
869,89,206,"Üsküdar UniversityTurkiye, Europe",5677.5,505,1235,700,687.5,1247.5,2025
870,20,207,"Togliatti State UniversityRussia, Europe",5672.5,725,1260,800,512.5,1075,2025
871,17,512,"University of HormozganIran, Asia",5667.5,1010,835,1125,675,897.5,2025
872,35,513,"Southern Technical UniversityIraq, Asia",5665,985,1185,825,637.5,1060,2025
873,30,514,"University of Business and ScienceUzbekistan, Asia",5665,800,1175,825,650,1287.5,2025
874,25,33,"Damietta UniversityEgypt, Africa",5657.5,755,1275,900,675,962.5,2025
875,2,515,"Alandalus University for Science and TechnologyYemen, Asia",5650,750,1325,900,600,1000,2025
876,36,516,"Koya UniversityIraq, Asia",5647.5,710,1425,825,387.5,1125,2025
877,46,517,"Sindh Agriculture University Tandojam, PakistanPakistan, Asia",5647.5,800,1300,850,625,1185,2025
878,31,518,"Jizzakh State Pedagogical UniversityUzbekistan, Asia",5635,725,1250,600,550,1347.5,2025
879,48,519,"Ubon Ratchathani Rajabhat UniversityThailand, Asia",5627.5,900,875,950,475,1275,2025
880,1,34,"Bomet University CollegeKenya, Africa",5625,1125,1375,675,587.5,872.5,2025
881,37,520,"Symbiosis International UniversityIndia, Asia",5625,735,1150,600,500,1262.5,2025
882,10,521,"Taibah UniversitySaudi Arabia, Asia",5625,840,825,675,550,1147.5,2025
883,32,522,"Tashkent University of Architecture and Civil EngineeringUzbekistan, Asia",5622.5,835,1450,900,475,1050,2025
884,18,523,"Institute for Advanced Studies in Basic SciencesIran, Asia",5620,975,1095,725,637.5,1312.5,2025
885,38,524,"Hindustan Institute of Technology & ScienceIndia, Asia",5617.5,780,910,925,800,1087.5,2025
886,90,525,"Universitas Katolik Widya Mandala SurabayaIndonesia, Asia",5615,875,1190,675,487.5,1150,2025
887,1,35,"University of El-OuedAlgeria, Africa",5615,1030,1150,300,475,1272.5,2025
888,19,526,"University of BirjandIran, Asia",5607.5,1025,1075,825,712.5,1060,2025
889,91,527,"Politeknik Negeri BatamIndonesia, Asia",5605,985,1260,450,562.5,947.5,2025
890,21,109,"Universidad Autónoma Del Estado De HidalgoMexico, Latin_america",5597.5,810,1310,1100,587.5,1087.5,2025
891,39,528,"Vignan's Foundation for Science, Technology and ResearchIndia, Asia",5587.5,925,1250,825,400,1100,2025
892,90,208,"Eskisehir Technical UniversityTurkiye, Europe",5577.5,940,785,1625,387.5,787.5,2025
893,47,529,"Benazir Bhutto Shaheed University of Technology & Skill DevelopmentPakistan, Asia",5575,1025,1225,550,347.5,1287.5,2025
894,21,209,"Russian State Pedagogical University AI HerzenRussia, Europe",5575,1075,950,850,400,1237.5,2025
895,41,110,"Pascual Bravo UniversityColombia, Latin_america",5572.5,810,1275,1225,537.5,825,2025
896,5,530,"University Of Economics Ho Chi Minh CityVietnam, Asia",5572.5,710,1175,1075,412.5,787.5,2025
897,9,210,"MINGACHEVIR STATE UNIVERSITYAzerbaijan, Europe",5572.5,735,1150,725,675,925,2025
898,2,36,"Universite De SousseTunisia, Africa",5567.5,930,1225,700,600,825,2025
899,27,111,"Universidade Estadual do Norte do Paraná - UENPBrazil, Latin_america",5567.5,1010,1190,1550,257.5,697.5,2025
900,24,211,"Universidad Publica De NavarraSpain, Europe",5565,760,1525,1400,650,622.5,2025
901,8,212,"Uzhhorod National UniversityUkraine, Europe",5552.5,860,1310,900,462.5,1050,2025
902,91,213,"Kadir Has UniversityTurkiye, Europe",5552.5,865,1215,1225,475,1035,2025
903,42,112,"Universidad Autónoma De BucaramangaColombia, Latin_america",5545,950,1000,950,537.5,972.5,2025
904,9,214,"University of KyivUkraine, Europe",5542.5,655,1300,750,700,1112.5,2025
905,6,531,"Dong Nai Technology UniversityVietnam, Asia",5537.5,850,1275,1050,500,1125,2025
906,43,113,"Universidad Nacional Abierta y a Distancia ColombiaColombia, Latin_america",5532.5,745,1200,875,612.5,872.5,2025
907,28,215,"Universita IUAV di VeneziaItaly, Europe",5530,645,1225,700,725,1010,2025
908,22,216,"Don State Technical UniversityRussia, Europe",5530,935,1110,1075,272.5,1262.5,2025
909,9,217,"University of Agriculture in KrakowPoland, Europe",5522.5,1025,1325,950,775,610,2025
910,92,532,"Bolu Abant Izzet Baysal University (BAIBU)Turkiye, Asia",5522.5,960,1165,650,737.5,997.5,2025
911,10,218,"WSB UniversityPoland, Europe",5520,670,1125,1000,550,1000,2025
912,40,533,"VELS Medical College & HospitalIndia, Asia",5512.5,1050,1200,675,347.5,1237.5,2025
913,41,534,"Koneru Lakshmaiah Education Foundation (Deemed To Be University)India, Asia",5510,900,1325,950,700,622.5,2025
914,3,37,"University of ManoubaTunisia, Africa",5510,800,1075,975,425,960,2025
915,92,535,"Universitas RiauIndonesia, Asia",5510,1100,1035,900,700,1022.5,2025
916,3,219,"Yanka Kupala State University of GrodnoBelarus, Europe",5510,950,960,900,487.5,1150,2025
917,44,536,"Bataan Peninsula State UniversityPhilippines, Asia",5502.5,880,1190,600,257.5,1287.5,2025
918,44,114,"Universidad CESMAGColombia, Latin_america",5500,725,1235,1075,762.5,1025,2025
919,45,537,"NATIONAL AVIATION ACADEMY OF THE PHILIPPINES/PHILIPPINE STATE COLLEGE OF AERONAUTICSPhilippines, Asia",5497.5,645,1375,825,550,1287.5,2025
920,93,538,"Adiyaman UniversityTurkiye, Asia",5495,860,1275,1025,375,1085,2025
921,42,539,"MIT Art, Design and Technology UniversityIndia, Asia",5492.5,850,1060,925,600,1100,2025
922,93,540,"Institut Teknologi PLNIndonesia, Asia",5485,610,1415,600,285,1350,2025
923,23,220,"Irkutsk State Agrarian University named after A.A. EzhevskyRussia, Europe",5485,1150,1375,450,360,1087.5,2025
924,26,38,"Pharos University In AlexandriaEgypt, Africa",5477.5,755,850,800,675,1010,2025
925,28,115,"Centro Universitario de Joao Pessoa UNIPEBrazil, Latin_america",5470,860,1185,1025,512.5,885,2025
926,25,221,"Universidad de OviedoSpain, Europe",5467.5,905,1475,725,400,925,2025
927,37,541,"University of DiyalaIraq, Asia",5465,770,1110,850,662.5,1035,2025
928,24,222,"Rostov State Trasport UniversityRussia, Europe",5462.5,650,1250,975,537.5,1297.5,2025
929,43,542,"Universal AI UniversityIndia, Asia",5460,810,1115,950,347.5,1010,2025
930,94,543,"Politeknik Internasional BaliIndonesia, Asia",5455,850,765,1275,400,937.5,2025
931,10,544,"Baku Slavic UniversityAzerbaijan, Asia",5452.5,515,1025,1125,600,1000,2025
932,7,545,"College of Machinery and Irrigation (VCMI)Vietnam, Asia",5450,875,1350,650,825,1050,2025
933,33,546,"The Uzbekistan State Institute of Arts and CultureUzbekistan, Asia",5450,825,1100,625,587.5,850,2025
934,39,547,"Politeknik MelakaMalaysia, Asia",5447.5,625,960,725,460,1175,2025
935,48,548,"Bahria UniversityPakistan, Asia",5445,630,1045,1150,310,772.5,2025
936,3,116,"Universidad Católica Andrés Bello Extensión GuayanaVenezuela, Latin_america",5442.5,1025,555,1225,585,1050,2025
937,25,223,"State University of Land Use PlanningRussia, Europe",5437.5,555,835,1100,737.5,910,2025
938,27,39,"Thebes Technological UniversityEgypt, Africa",5432.5,810,1285,725,360,975,2025
939,8,549,"Hebron UniversityPalestine, Asia",5425,785,1275,525,550,1112.5,2025
940,29,117,"Universidade Federal Da Paraíba - UFPBBrazil, Latin_america",5425,800,1125,875,600,1175,2025
941,1,40,"Ho Technical UniversityGhana, Africa",5417.5,1275,1200,925,332.5,835,2025
942,95,550,"Politeknik Negeri BandungIndonesia, Asia",5410,900,1260,725,287.5,875,2025
943,49,551,"Shaheed Benazir Bhutto University Shaheed Benazirabad SindhPakistan, Asia",5407.5,920,1200,775,725,1062.5,2025
944,94,552,"Van Yuzuncu Yil UniversityTurkiye, Asia",5405,1060,1125,525,170,1262.5,2025
945,3,553,"Islamic university of LebanonLebanon, Asia",5402.5,975,1225,775,562.5,1012.5,2025
946,30,118,"Instituiçío Toledo de EnsinoBrazil, Latin_america",5395,675,1110,650,487.5,1235,2025
947,46,554,"Cagayan State UniversityPhilippines, Asia",5382.5,1200,1290,550,120,1387.5,2025
948,6,555,"The Institute of Telecommunications and Informatics of TurkmenistanTurkmenistan, Asia",5382.5,950,1200,525,825,910,2025
949,34,556,"Andijan State UniversityUzbekistan, Asia",5380,905,1600,450,662.5,947.5,2025
950,26,224,"Moscow State Linguistic UniversityRussia, Europe",5370,410,1235,1275,437.5,1110,2025
951,35,557,"Tashkent Institute of Chemical TechnologyUzbekistan, Asia",5367.5,810,1500,750,322.5,912.5,2025
952,27,225,"Voronezh State UniversityRussia, Europe",5362.5,710,1275,850,487.5,1100,2025
953,4,119,"Universidad AustralArgentina, Latin_america",5362.5,915,950,1575,550,522.5,2025
954,95,226,"Altinbas UniversityTurkiye, Europe",5360,605,1270,1275,410,872.5,2025
955,50,558,"University of SialkotPakistan, Asia",5352.5,715,1015,775,637.5,935,2025
956,1,227,"University for Business and Technology (UBT)Kosovo, Europe",5347.5,725,1650,450,600,935,2025
957,96,228,"Artvin Çoruh UniversityTurkiye, Europe",5347.5,1025,1035,725,775,760,2025
958,11,559,"Azerbaijan University of LanguagesAzerbaijan, Asia",5347.5,710,910,800,512.5,1425,2025
959,51,560,"Qarshi UniversityPakistan, Asia",5345,1255,1475,500,337.5,1100,2025
960,38,561,"Al-Farabi UniversityIraq, Asia",5335,710,1400,750,450,1075,2025
961,97,229,"Erzurum Technical UniversityTurkiye, Europe",5330,945,1060,1250,185,1175,2025
962,1,41,"Injibara UniversityEthiopia, Africa",5317.5,1060,785,675,350,1097.5,2025
963,5,120,"Universidad San Ignacio de LoyolaPeru, Latin_america",5312.5,615,1360,925,385,875,2025
964,11,562,"King Khalid UniversitySaudi Arabia, Asia",5312.5,1075,1060,575,537.5,1175,2025
965,96,563,"Universitas SamudraIndonesia, Asia",5312.5,1100,1025,1000,562.5,822.5,2025
966,31,121,"Universidade Federal do CaririBrazil, Latin_america",5310,770,940,1425,562.5,610,2025
967,20,564,"University of KurdistanIran, Asia",5297.5,1050,1375,500,450,972.5,2025
968,8,230,"University of LisbonPortugal, Europe",5297.5,780,640,1300,600,1200,2025
969,49,565,"Yala Rajabhat UniversityThailand, Asia",5295,700,985,775,762.5,1160,2025
970,52,566,"Pakistan Institute of Engineering and Applied Sciences (PIEAS)Pakistan, Asia",5287.5,865,1100,525,500,1085,2025
971,29,231,"Universita di Macerata (Universita degli Studi di Macerata)Italy, Europe",5285,685,1350,1000,300,825,2025
972,4,232,"Belarusian State University of Informatics and RadioelectronicsBelarus, Europe",5285,625,1085,800,450,1250,2025
973,44,567,"Indian Institute of Technology KharagpurIndia, Asia",5285,975,960,725,500,1075,2025
974,97,568,"Universitas TarumanagaraIndonesia, Asia",5285,1300,785,625,550,1300,2025
975,98,569,"Universitas Bina Sarana InformatikaIndonesia, Asia",5282.5,735,1410,550,387.5,1025,2025
976,28,233,"Ulyanovsk State Technical UniversityRussia, Europe",5280,1025,895,950,72.5,1287.5,2025
977,47,570,"Central Mindanao UniversityPhilippines, Asia",5275,1100,600,800,425,1025,2025
978,36,571,"National Pedagogical University of UzbekistanUzbekistan, Asia",5260,635,1050,875,587.5,1112.5,2025
979,39,572,"Imam AlKadhim University CollegeIraq, Asia",5250,505,1350,925,335,1197.5,2025
980,10,234,"Ivan Franko National University of LvivUkraine, Europe",5250,925,1300,525,575,1087.5,2025
981,10,122,"Universidad Tecnologica Empresarial de GuayaquilEcuador, Latin_america",5240,1125,1260,375,675,922.5,2025
982,32,123,"Federal University of AlfenasBrazil, Latin_america",5240,860,1140,750,475,1050,2025
983,40,573,"KOLEJ KOMUNITI KUALA LANGATMalaysia, Asia",5232.5,785,1225,1350,247.5,787.5,2025
984,99,574,"Politeknik Negeri BaliIndonesia, Asia",5230,680,975,1375,462.5,675,2025
985,45,575,"Kakatiya UniversityIndia, Asia",5227.5,1000,900,925,550,987.5,2025
986,48,576,"University of Southeastern PhilippinesPhilippines, Asia",5207.5,1125,1225,300,247.5,1072.5,2025
987,5,235,"International Sakharov Environmental Institute of Belarusian State UniversityBelarus, Europe",5207.5,735,875,850,122.5,1287.5,2025
988,40,577,"Al-Rafidain UniversityIraq, Asia",5200,540,1475,625,787.5,822.5,2025
989,100,578,"Institut Pendidikan Indonesia GarutIndonesia, Asia",5200,765,1035,1075,312.5,1262.5,2025
990,37,579,"Jizzakh branch of the National University of Uzbekistan named after Mirzo UlugbekUzbekistan, Asia",5197.5,710,1300,475,350,1062.5,2025
991,49,580,"Nueva Vizcaya State UniversityPhilippines, Asia",5190,935,775,950,20,1147.5,2025
992,98,581,"Istanbul Gedik UniversityTurkiye, Asia",5185,825,1110,750,487.5,810,2025
993,41,582,"Shatt Al-Arab  UniversityIraq, Asia",5185,860,1075,550,550,975,2025
994,42,583,"Al-Huda University CollegeIraq, Asia",5182.5,855,825,1175,537.5,1025,2025
995,10,584,"Al al-Bayt UniversityJordan, Asia",5180,730,1050,800,787.5,1100,2025
996,53,585,"The University of MirpurkhasPakistan, Asia",5177.5,725,1450,550,450,1162.5,2025
997,11,236,"West Ukrainian National UniversityUkraine, Europe",5177.5,815,1435,450,375,1037.5,2025
998,101,586,"Universitas PattimuraIndonesia, Asia",5177.5,925,1200,700,612.5,1012.5,2025
999,21,587,"Hakim Sabzevari UniversityIran, Asia",5177.5,975,800,900,562.5,1150,2025
1000,38,588,"Namangan State Technical UniversityUzbekistan, Asia",5175,975,1225,625,235,925,2025
1001,99,237,"Batman UniversityTurkiye, Europe",5175,880,910,600,200,1122.5,2025
1002,100,589,"Nuh Naci Yazgan ÜniversitesiTurkiye, Asia",5170,935,960,825,350,1350,2025
1003,102,590,"Atma Jaya Yogyakarta UniversityIndonesia, Asia",5167.5,875,1485,600,385,710,2025
1004,41,591,"Politeknik Sultan Haji Ahmad ShahMalaysia, Asia",5157.5,625,910,700,447.5,1237.5,2025
1005,28,42,"Helwan UniversityEgypt, Africa",5155,870,1300,600,535,997.5,2025
1006,101,238,"Isparta University of Applied SciencesTurkiye, Europe",5155,1200,1000,700,32.5,972.5,2025
1007,102,239,"Alanya Alaaddin Keykubat UniversityTurkiye, Europe",5150,750,1175,675,297.5,1262.5,2025
1008,29,240,"Tambov State Technical UniversityRussia, Europe",5150,980,910,950,160,662.5,2025
1009,12,241,"PHEE European UniversityUkraine, Europe",5147.5,700,1175,750,637.5,1010,2025
1010,26,242,"Universidad de ZaragozaSpain, Europe",5147.5,445,1000,1150,375,1162.5,2025
1011,50,592,"Dr. Yanga's Colleges, Inc.Philippines, Asia",5145,685,1325,600,350,1172.5,2025
1012,30,243,"Orel State University named after I.S.TurgenevRussia, Europe",5145,810,1010,375,587.5,1285,2025
1013,39,593,"Silk Road International University of Tourism and Cultural HeritageUzbekistan, Asia",5140,730,1375,375,562.5,1300,2025
1014,103,594,"Istanbul University-CerrahpasaTurkiye, Asia",5140,960,585,800,450,1197.5,2025
1015,1,2,"Laucala Campus, University of the South PacificFiji, Oceania",5137.5,925,1275,1000,325,897.5,2025
1016,103,595,"Universitas Lambung MangkuratIndonesia, Asia",5137.5,1000,1025,650,337.5,1200,2025
1017,104,596,"Universitas Muhammadiyah SidoarjoIndonesia, Asia",5132.5,860,1140,500,310,772.5,2025
1018,46,597,"MANGALAYATAN UNIVERSITY, ALIGARHIndia, Asia",5127.5,750,1300,675,537.5,1212.5,2025
1019,54,598,"Abdul Wali Khan University MardanPakistan, Asia",5125,975,1250,600,400,1062.5,2025
1020,11,244,"University of Warmia and Mazury in OlsztynPoland, Europe",5125,915,760,1100,450,672.5,2025
1021,40,599,"Angren UniversityUzbekistan, Asia",5122.5,685,1550,625,462.5,972.5,2025
1022,4,124,"Universidad Privada Dr. Rafael Belloso ChacinVenezuela, Latin_america",5122.5,910,860,725,487.5,1025,2025
1023,50,600,"Muban Chombueng Rajabhat UniversityThailand, Asia",5120,750,1010,750,107.5,1025,2025
1024,41,601,"TERMEZ STATE UNIVERSITYUzbekistan, Asia",5112.5,900,1000,650,537.5,1025,2025
1025,42,602,"Westminster International University in Tashkent (WIUT)Uzbekistan, Asia",5110,660,1325,700,537.5,900,2025
1026,104,603,"Sivas Cumhuriyet UniversityTurkiye, Asia",5097.5,1075,785,825,425,760,2025
1027,47,604,"National Institute of Technology RourkelaIndia, Asia",5090,925,950,950,637.5,1050,2025
1028,6,12,"Southern New Hampshire UniversityUSA, North_america",5090,835,870,1175,550,685,2025
1029,45,125,"Fundación Universitaria del Area AndinaColombia, Latin_america",5087.5,565,1350,625,462.5,900,2025
1030,22,605,"Arak University of TechnologyIran, Asia",5085,810,1150,725,412.5,1300,2025
1031,31,245,"North-Eastern Federal UniversityRussia, Europe",5082.5,1000,785,1125,262.5,360,2025
1032,55,606,"Beaconhouse National UniversityPakistan, Asia",5080,355,1575,650,247.5,1312.5,2025
1033,29,43,"Qena UniversityEgypt, Africa",5080,975,785,725,347.5,1060,2025
1034,28,607,"Chung Yuan Christian UniversityChinese Taipei, Asia",5075,590,1175,750,450,822.5,2025
1035,1,44,"National University Of Science & TechnologyZimbabwe, Africa",5075,1005,1160,775,350,1097.5,2025
1036,43,608,"Central Asian UniversityUzbekistan, Asia",5075,775,1100,600,550,1175,2025
1037,7,609,"The Institute of Engineering-technical and transport communications of TurkmenistanTurkmenistan, Asia",5072.5,1125,885,650,287.5,1350,2025
1038,44,610,"Nukus State Pedagogical Institute named after AjiniyazUzbekistan, Asia",5057.5,625,1110,750,600,1047.5,2025
1039,51,611,"Rajamangala University of Technology RattanakosinThailand, Asia",5057.5,560,985,1000,575,850,2025
1040,6,246,"Belarusian National Technical UniversityBelarus, Europe",5057.5,775,875,675,497.5,1322.5,2025
1041,2,247,"Technical University  Of ZvolenSlovakia, Europe",5055,910,750,1350,260,560,2025
1042,2,248,"Franklin University SwitzerlandSwitzerland, Europe",5050,710,1350,850,325,725,2025
1043,105,612,"Politeknik Negeri BengkalisIndonesia, Asia",5045,700,1325,525,547.5,710,2025
1044,51,613,"Mapua Malayan Colleges LagunaPhilippines, Asia",5042.5,465,1290,525,437.5,862.5,2025
1045,46,126,"Universidad Del TolimaColombia, Latin_america",5040,785,1010,775,257.5,1060,2025
1046,2,45,"Islamic University of KenyaKenya, Africa",5035,975,1550,775,775,460,2025
1047,105,614,"Yozgat Bozok UniversityTurkiye, Asia",5030,695,1060,650,462.5,1085,2025
1048,45,615,"Tashkent State University of Oriental StudiesUzbekistan, Asia",5027.5,470,1350,1200,32.5,585,2025
1049,8,616,"Dong Thap Community CollegeVietnam, Asia",5022.5,760,825,550,472.5,1050,2025
1050,52,617,"Philippine Normal UniversityPhilippines, Asia",5017.5,685,1050,925,597.5,835,2025
1051,43,618,"Al-Turath UniversityIraq, Asia",5015,735,1085,650,262.5,922.5,2025
1052,11,619,"Ualikhanov UniversityKazakhstan, Asia",5000,875,1450,675,400,800,2025
1053,3,620,"Applied Science UniversityBahrain, Asia",5000,850,1300,625,525,997.5,2025
1054,56,621,"Grand Asian University SialkotPakistan, Asia",5000,900,1025,750,587.5,950,2025
1055,106,249,"Kilis 7 Aralık UniversityTurkiye, Europe",4980,780,850,800,462.5,997.5,2025
1056,23,622,"Babol Noshirvani University of TechnologyIran, Asia",4975,655,1260,1125,435,647.5,2025
1057,2,46,"Thomas Adewumi UniversityNigeria, Africa",4972.5,900,635,1025,750,600,2025
1058,107,250,"Istanbul Kültür UniversityTurkiye, Europe",4970,590,720,1425,350,897.5,2025
1059,106,623,"Universitas Muhammadiyah Kalimantan Timur, Samarinda, Kalimantan TimurIndonesia, Asia",4967.5,700,1085,725,210,747.5,2025
1060,32,251,"North-Caucasus Federal UniversityRussia, Europe",4945,860,860,600,512.5,1087.5,2025
1061,57,624,"Indus UniversityPakistan, Asia",4940,885,1400,800,395,447.5,2025
1062,7,252,"Grodno State Medical UniversityBelarus, Europe",4940,840,810,1050,675,800,2025
1063,44,625,"Madenat Alelem University CollegeIraq, Asia",4935,665,1085,950,637.5,810,2025
1064,47,127,"Universidad Católica De OrienteColombia, Latin_america",4932.5,635,1100,1050,475,710,2025
1065,12,626,"Saken Seifullin Kazakh Agrotechnical Research  UniversityKazakhstan, Asia",4930,1025,1010,525,210,1085,2025
1066,46,627,"TIIAME National Research UniversityUzbekistan, Asia",4927.5,425,675,725,675,1262.5,2025
1067,47,628,"Namangan State UniversityUzbekistan, Asia",4925,975,1200,175,712.5,697.5,2025
1068,48,128,"Universidad de ManizalesColombia, Latin_america",4920,625,985,1125,587.5,535,2025
1069,22,129,"Universidad Politécnica de Santa Rosa JáureguiMexico, Latin_america",4920,800,910,800,900,447.5,2025
1070,24,629,"Ahvaz Jundishapur University of Medical SciencesIran, Asia",4920,825,720,775,637.5,1237.5,2025
1071,48,630,"Namangan State Institute of Foreign LanguagesUzbekistan, Asia",4917.5,705,1375,475,450,1050,2025
1072,108,253,"Karamanoğlu Mehmetbey ÜniversityTurkiye, Europe",4917.5,900,810,650,712.5,1222.5,2025
1073,53,631,"Iloilo Science and Technology UniversityPhilippines, Asia",4915,825,1240,650,335,787.5,2025
1074,54,632,"Don Mariano Marcos Memorial State UniversityPhilippines, Asia",4910,640,1025,800,347.5,885,2025
1075,45,633,"University of SamarraIraq, Asia",4907.5,840,655,1000,475,1137.5,2025
1076,109,254,"Sinop UniversityTurkiye, Europe",4905,785,750,1100,210,862.5,2025
1077,55,634,"Ateneo de Davao UniversityPhilippines, Asia",4902.5,960,925,525,407.5,1272.5,2025
1078,30,47,"Egyptian Chinese UniversityEgypt, Africa",4875,490,1235,600,362.5,800,2025
1079,4,48,"University of JendoubaTunisia, Africa",4875,950,1025,875,350,735,2025
1080,46,635,"Ninevah UniversityIraq, Asia",4870,485,1225,725,475,960,2025
1081,25,636,"Persian Gulf UniversityIran, Asia",4870,835,785,975,550,985,2025
1082,49,637,"University of Tashkent Applied SciencesUzbekistan, Asia",4860,565,1275,550,170,1250,2025
1083,58,638,"University of BalochistanPakistan, Asia",4855,885,1185,550,537.5,1012.5,2025
1084,27,255,"Universidad Miguel Hernandez de ElcheSpain, Europe",4842.5,830,1500,600,412.5,950,2025
1085,47,639,"University of Technology- IraqIraq, Asia",4842.5,545,1135,600,550,987.5,2025
1086,48,640,"Cihan University-ErbilIraq, Asia",4842.5,670,900,675,450,960,2025
1087,50,641,"Samarkand State Medical UniversityUzbekistan, Asia",4835,735,1150,975,300,1137.5,2025
1088,13,256,"Kharkiv National University of Radio ElectronicsUkraine, Europe",4835,600,1135,700,350,987.5,2025
1089,56,642,"Cordillera Career Development CollegePhilippines, Asia",4835,835,1125,450,637.5,1050,2025
1090,110,643,"Pamukkale UniversityTurkiye, Asia",4830,1035,550,925,550,860,2025
1091,2,644,"Tajik National UniversityTajikistan, Asia",4820,930,1115,700,475,925,2025
1092,49,130,"Universidad Tecnologica de BolivarColombia, Latin_america",4820,855,1025,1025,337.5,637.5,2025
1093,3,49,"University of Delta AgborNigeria, Africa",4815,1055,910,875,425,585,2025
1094,2,50,"Bahir Dar UniversityEthiopia, Africa",4812.5,775,1150,525,310,1037.5,2025
1095,4,51,"Mountain Top UniversityNigeria, Africa",4810,1075,1100,525,662.5,522.5,2025
1096,107,645,"Universitas Muria KudusIndonesia, Asia",4807.5,785,1325,650,197.5,1047.5,2025
1097,14,257,"National University of Life and Environmental Sciences of UkraineUkraine, Europe",4802.5,940,890,625,460,1000,2025
1098,48,646,"KPR Institute of Engineering and TechnologyIndia, Asia",4800,725,1000,525,500,950,2025
1099,52,647,"Kasem Bundit UniversityThailand, Asia",4800,515,860,775,537.5,935,2025
1100,26,648,"Qom University of TechnologyIran, Asia",4797.5,725,1190,650,447.5,872.5,2025
1101,108,649,"Politeknik Perkapalan Negeri SurabayaIndonesia, Asia",4797.5,760,900,775,375,1112.5,2025
1102,57,650,"Iloilo State University of Fisheries Science and TechnologyPhilippines, Asia",4797.5,1125,875,725,687.5,672.5,2025
1103,8,651,"International University of Industrialists and EntrepreneursTurkmenistan, Asia",4795,755,825,725,437.5,1287.5,2025
1104,49,652,"Al-Esraa UniversityIraq, Asia",4790,530,975,775,662.5,985,2025
1105,5,131,"Universidad Nacional de San Martin ArgentinaArgentina, Latin_america",4787.5,720,1060,925,172.5,947.5,2025
1106,12,653,"Shaqra UniversitySaudi Arabia, Asia",4787.5,815,1055,625,282.5,1035,2025
1107,50,654,"Jabir ibn Hayyan University for Medical and Pharmaceutical SciencesIraq, Asia",4782.5,880,920,525,450,897.5,2025
1108,51,655,"Samarkand State University of Veterinary Medicine Livestock and BiotechnologiesUzbekistan, Asia",4782.5,610,910,675,387.5,825,2025
1109,9,258,"Politechnica University TimisoaraRomania, Europe",4777.5,730,1075,350,587.5,1135,2025
1110,58,656,"Laguna State Polytechnic UniversityPhilippines, Asia",4775,1105,1115,400,170,925,2025
1111,59,657,"Newports Institute of Communications & EconomicsPakistan, Asia",4772.5,1000,1185,375,475,635,2025
1112,59,658,"Romblon State UniversityPhilippines, Asia",4772.5,775,835,550,672.5,837.5,2025
1113,9,659,"LILAMA2 International Technology CollegeVietnam, Asia",4770,730,1150,500,387.5,1125,2025
1114,52,660,"Tashkent University Of Information TechnologiesUzbekistan, Asia",4767.5,1050,935,550,425,1047.5,2025
1115,53,661,"Nakhon Ratchasima Rajabhat UniversityThailand, Asia",4757.5,535,1075,750,347.5,900,2025
1116,54,662,"Dhonburi Rajabhat UniversityThailand, Asia",4757.5,1000,1060,700,132.5,887.5,2025
1117,109,663,"Universitas Internasional BatamIndonesia, Asia",4752.5,685,1110,575,347.5,697.5,2025
1118,110,664,"Universitas Sanata DharmaIndonesia, Asia",4745,785,875,425,425,822.5,2025
1119,111,665,"Politeknik Negeri BanyuwangiIndonesia, Asia",4740,805,950,800,700,610,2025
1120,29,666,"National Dong Hwa UniversityChinese Taipei, Asia",4740,900,650,950,375,850,2025
1121,60,667,"University of MianwaliPakistan, Asia",4730,585,1145,775,260,1087.5,2025
1122,7,13,"North Carolina Agricultural & Technical State UniversityUSA, North_america",4730,785,660,550,537.5,1047.5,2025
1123,61,668,"Women University SwabiPakistan, Asia",4727.5,1035,1110,550,97.5,1022.5,2025
1124,111,259,"Giresun UniversityTurkiye, Europe",4722.5,860,1015,800,225,1172.5,2025
1125,28,260,"Universidad De Castilla La ManchaSpain, Europe",4720,555,1225,575,575,950,2025
1126,13,669,"Majmaah UniversitySaudi Arabia, Asia",4720,610,760,800,487.5,1175,2025
1127,33,132,"Universidade PositivoBrazil, Latin_america",4717.5,700,890,1075,662.5,662.5,2025
1128,13,670,"Narxoz UniversityKazakhstan, Asia",4712.5,640,1160,525,162.5,1037.5,2025
1129,12,671,"Sumgayit State UniversityAzerbaijan, Asia",4712.5,775,1150,450,250,975,2025
1130,1,672,"National University of Science and Technology, OmanOman, Asia",4712.5,930,1075,750,297.5,622.5,2025
1131,50,133,"Universidad La Gran ColombiaColombia, Latin_america",4712.5,925,775,750,587.5,912.5,2025
1132,3,261,"Matej Bel University in Banska BystricaSlovakia, Europe",4705,590,1090,475,350,1037.5,2025
1133,23,134,"Universidad Autónoma De CoahuilaMexico, Latin_america",4705,590,1040,400,260,1037.5,2025
1134,51,673,"Al-Ayen Iraqi UniversityIraq, Asia",4705,945,985,475,462.5,735,2025
1135,60,674,"Aurora State College Of TechnologyPhilippines, Asia",4692.5,1025,1200,475,245,872.5,2025
1136,62,675,"Ghazi UniversityPakistan, Asia",4690,585,845,650,397.5,987.5,2025
1137,31,52,"Deraya UniversityEgypt, Africa",4690,855,675,375,325,1047.5,2025
1138,27,676,"Ilam universityIran, Asia",4685,900,1100,650,462.5,972.5,2025
1139,5,135,"Universidad Central de VenezuelaVenezuela, Latin_america",4677.5,855,825,475,437.5,847.5,2025
1140,53,677,"Tashkent State Agrarian UniversityUzbekistan, Asia",4675,640,975,500,600,1172.5,2025
1141,5,53,"University of SfaxTunisia, Africa",4675,650,875,750,500,1100,2025
1142,61,678,"Western Philippines UniversityPhilippines, Asia",4667.5,1125,825,175,195,1135,2025
1143,62,679,"Mindanao State University Iligan Institute of TechnologyPhilippines, Asia",4665,615,1250,625,197.5,1025,2025
1144,29,262,"Universidad de LeónSpain, Europe",4660,750,1010,750,400,800,2025
1145,63,680,"Lyceum-Northwestern UniversityPhilippines, Asia",4657.5,675,1135,600,450,735,2025
1146,24,136,"Universidad Autonoma De TamaulipasMexico, Latin_america",4655,770,950,700,285,985,2025
1147,55,681,"Sakon Nakhon Rajabhat UniversityThailand, Asia",4647.5,1085,815,450,760,587.5,2025
1148,34,137,"Maranhao State UniversityBrazil, Latin_america",4645,850,700,1025,260,410,2025
1149,11,138,"Universidad Regional Amazonica IkiamEcuador, Latin_america",4630,645,1075,800,310,1012.5,2025
1150,63,682,"COMSATS University Islamabad, Wah CampusPakistan, Asia",4625,640,1325,425,487.5,822.5,2025
1151,35,139,"Universidade Federal de Santa Catarina (UFSC)Brazil, Latin_america",4622.5,685,715,1275,397.5,447.5,2025
1152,2,263,"Public International Business College MitrovicaKosovo, Europe",4610,735,835,600,462.5,1087.5,2025
1153,64,683,"Pampanga State Agricultural UniversityPhilippines, Asia",4602.5,860,985,475,485,635,2025
1154,42,684,"Institut Kemahiran MARA Lumut, PerakMalaysia, Asia",4595,875,1075,600,487.5,935,2025
1155,12,264,"The Maria Grzegorzewska UniversityPoland, Europe",4590,515,835,900,625,562.5,2025
1156,33,265,"National University of Science and Technology MISISRussia, Europe",4585,540,920,900,437.5,650,2025
1157,54,685,"Karakalpak State University Named After BerdakhUzbekistan, Asia",4582.5,660,1275,450,170,600,2025
1158,112,686,"Bingöl UniversityTurkiye, Asia",4582.5,1010,1225,1050,147.5,547.5,2025
1159,14,687,"Astana Medical UniversityKazakhstan, Asia",4575,505,1185,600,272.5,985,2025
1160,10,266,"1 Decembrie 1918 University of Alba IuliaRomania, Europe",4575,390,690,1475,60,772.5,2025
1161,25,140,"Instituto Tecnologico de DurangoMexico, Latin_america",4570,470,1000,1475,235,750,2025
1162,15,688,"L.N. Gumilyov Eurasian National UniversityKazakhstan, Asia",4562.5,705,885,525,210,900,2025
1163,55,689,"Termez State University of Engineering and AgrotechnologiesUzbekistan, Asia",4547.5,610,975,775,500,962.5,2025
1164,52,690,"Lebanese French UniversityIraq, Asia",4545,840,1335,350,497.5,697.5,2025
1165,9,691,"Al Istiqlal UniversityPalestine, Asia",4545,905,650,850,525,900,2025
1166,14,692,"Imam Mohammad Ibn Saud Islamic UniversitySaudi Arabia, Asia",4537.5,590,835,675,400,1072.5,2025
1167,53,693,"Al-iraqia UniversityIraq, Asia",4532.5,350,1425,925,285,1175,2025
1168,64,694,"Baba Guru Nanak UniversityPakistan, Asia",4532.5,590,715,625,350,1225,2025
1169,112,695,"Politeknik Transportasi Darat BaliIndonesia, Asia",4530,830,725,450,400,1125,2025
1170,65,696,"ILMA UniversityPakistan, Asia",4527.5,615,1125,525,360,787.5,2025
1171,54,697,"Middle Technical UniversityIraq, Asia",4525,715,1200,450,385,1047.5,2025
1172,55,698,"Imam Jaafar Al-Sadiq UniversityIraq, Asia",4522.5,685,1310,450,400,675,2025
1173,56,699,"Phetchabun Rajabhat UniversityThailand, Asia",4522.5,675,975,575,70,1200,2025
1174,13,700,"Azerbaijan State Agricultural UniversityAzerbaijan, Asia",4520,1000,700,400,185,1035,2025
1175,65,701,"Rizal Technology UniversityPhilippines, Asia",4517.5,760,1110,450,350,1035,2025
1176,28,702,"Shahid Bahonar University of KermanIran, Asia",4512.5,765,850,625,422.5,1225,2025
1177,6,54,"University of MonastirTunisia, Africa",4505,710,1325,500,185,972.5,2025
1178,66,703,"Southern Luzon State UniversityPhilippines, Asia",4505,835,960,500,210,997.5,2025
1179,66,704,"National University of Technology (NUTECH)Pakistan, Asia",4502.5,620,1200,250,385,897.5,2025
1180,67,705,"University of Management and TechnologyPakistan, Asia",4502.5,885,1060,475,285,772.5,2025
1181,56,706,"Andijan Institute of Agriculture and Agro-TechnologyUzbekistan, Asia",4492.5,1010,800,575,437.5,647.5,2025
1182,15,267,"Kyiv National Economic University Named after Vadym HetmanUkraine, Europe",4492.5,620,650,1100,497.5,547.5,2025
1183,57,707,"YANGIYER BRANCH OF TASHKENT CHEMICAL-TECHNOLOGY INSTITUTEUzbekistan, Asia",4482.5,560,875,650,285,1250,2025
1184,56,708,"University of ManaraIraq, Asia",4475,515,1060,525,550,925,2025
1185,29,709,"Shahid Beheshti UnivresityIran, Asia",4472.5,750,875,675,387.5,985,2025
1186,67,710,"State University of Northern NegrosPhilippines, Asia",4462.5,1055,1000,875,182.5,997.5,2025
1187,113,711,"Universitas GaluhIndonesia, Asia",4460,700,960,725,437.5,700,2025
1188,34,268,"Kemerovo State UniversityRussia, Europe",4460,795,520,1050,170,872.5,2025
1189,15,712,"Albaha UniversitySaudi Arabia, Asia",4457.5,1075,685,400,550,747.5,2025
1190,36,141,"Universidade Federal de Sao PauloBrazil, Latin_america",4450,835,850,825,332.5,447.5,2025
1191,68,713,"National Defence UniversityPakistan, Asia",4440,710,1200,150,160,1110,2025
1192,114,714,"Universitas JambiIndonesia, Asia",4440,665,850,625,462.5,760,2025
1193,115,715,"Politeknik Maritim Negeri Indonesia, SemarangIndonesia, Asia",4435,860,1025,525,537.5,1035,2025
1194,57,716,"Al-Nisour UniversityIraq, Asia",4432.5,710,950,675,537.5,760,2025
1195,69,717,"Women University MardanPakistan, Asia",4427.5,880,1250,550,72.5,860,2025
1196,68,718,"Mapúa Malayan Colleges MindanaoPhilippines, Asia",4427.5,445,1125,475,625,785,2025
1197,8,269,"Mogilev State A. Kuleshov UniversityBelarus, Europe",4420,765,810,625,85,1362.5,2025
1198,58,719,"Ashur UniversityIraq, Asia",4415,430,1275,625,700,522.5,2025
1199,59,720,"Almaaqal UniversityIraq, Asia",4412.5,580,985,725,387.5,760,2025
1200,60,721,"Gilgamesh UniversityIraq, Asia",4410,560,1110,600,300,850,2025
1201,116,722,"Universitas Lancang KuningIndonesia, Asia",4400,825,1035,575,425,862.5,2025
1202,1,270,"Neapolis University PaphosRepublic of Cyprus, Europe",4392.5,595,1250,300,322.5,950,2025
1203,69,723,"Mapua UniversityPhilippines, Asia",4385,335,1015,775,675,560,2025
1204,43,724,"POLITEKNIK SULTAN ABDUL HALIM MU'ADZAM SHAHMalaysia, Asia",4385,875,625,700,260,987.5,2025
1205,3,271,"Lithuanian University Of Health ScienceLithuania, Europe",4377.5,820,975,625,185,1097.5,2025
1206,3,272,"University of IoanninaGreece, Europe",4375,1105,710,750,272.5,875,2025
1207,3,142,"Universidad Tecnologica MetropolitanaChile, Latin_america",4372.5,525,975,1325,335,362.5,2025
1208,44,725,"POLITEKNIK SULTAN SALAHUDDIN ABDUL AZIZ SHAHMalaysia, Asia",4372.5,810,740,650,310,987.5,2025
1209,6,143,"Universidad Nacional Agraria La MolinaPeru, Latin_america",4372.5,980,560,750,70,687.5,2025
1210,10,726,"University of Phan ThietVietnam, Asia",4360,875,1100,525,310,1037.5,2025
1211,70,727,"Shah Abdul Latif UniversityPakistan, Asia",4360,810,925,500,247.5,1150,2025
1212,30,728,"National Taipei University of EducationChinese Taipei, Asia",4347.5,585,1125,1100,387.5,837.5,2025
1213,3,144,"Universidad Estatal A Distancia Costa RicaCosta Rica, Latin_america",4345,495,1160,750,550,675,2025
1214,71,729,"Pir Mehr Ali Shah Arid Agriculture University RawalpindiPakistan, Asia",4345,950,895,300,437.5,787.5,2025
1215,30,273,"Universidad Nacional de Educación a Distancia (UNED)Spain, Europe",4342.5,535,1385,825,500,722.5,2025
1216,2,730,"Armenian State University of EconomicsArmenia, Asia",4340,620,810,600,437.5,1122.5,2025
1217,45,731,"KOLEJ KOMUNITI PASIR SALAKMalaysia, Asia",4340,900,750,925,245,535,2025
1218,49,732,"Indian Institute of Technology RoorkeeIndia, Asia",4340,1055,735,575,412.5,700,2025
1219,72,733,"Shaheed Allah Bux Soomro University Art Design and HeritagesPakistan, Asia",4332.5,735,1175,350,487.5,810,2025
1220,73,734,"Namal University MianwaliPakistan, Asia",4332.5,1115,960,375,222.5,710,2025
1221,50,735,"Universal Business SchoolIndia, Asia",4332.5,585,825,725,235,822.5,2025
1222,12,145,"Universidad HemisferiosEcuador, Latin_america",4332.5,1100,575,550,260,847.5,2025
1223,70,736,"University of Nueva CaceresPhilippines, Asia",4330,740,815,425,537.5,825,2025
1224,71,737,"Quirino State UniversityPhilippines, Asia",4325,905,825,825,297.5,497.5,2025
1225,14,738,"Azerbaijan State Pedagogical UniversityAzerbaijan, Asia",4320,710,750,500,297.5,1087.5,2025
1226,51,146,"Universidad Pegagógica y Tecnológica de ColombiaColombia, Latin_america",4315,685,645,825,237.5,1087.5,2025
1227,16,739,"Prince Sattam bin Abdulaziz UniversitySaudi Arabia, Asia",4310,775,985,575,387.5,625,2025
1228,46,740,"INSTITUT KEMAHIRAN MARA SEBERANG PERAI UTARAMalaysia, Asia",4300,830,800,775,550,597.5,2025
1229,31,741,"Lunghwa University of Science and TechnologyChinese Taipei, Asia",4295,710,1035,450,585,925,2025
1230,9,274,"Universidade LusofonaPortugal, Europe",4295,405,940,750,412.5,600,2025
1231,74,742,"Punjab Tianjin University of Technology LahorePakistan, Asia",4292.5,755,1275,450,337.5,725,2025
1232,47,743,"KOLEJ KOMUNITI BANDAR PENAWARMalaysia, Asia",4290,760,425,750,207.5,1375,2025
1233,31,275,"Universitat de ValenciaSpain, Europe",4282.5,520,1125,950,312.5,622.5,2025
1234,3,744,"Ala-Too International UniversityKyrgyzstan, Asia",4280,565,825,775,450,950,2025
1235,75,745,"Mirpur University of Science and Technology (MUST), Mirpur AJKPakistan, Asia",4277.5,1005,1025,425,450,735,2025
1236,113,746,"Hatay Mustafa Kemal UniversityTurkiye, Asia",4270,1175,1060,350,250,772.5,2025
1237,57,747,"Navamindradhiraj UniversityThailand, Asia",4265,630,560,1150,372.5,750,2025
1238,72,748,"Lorma CollegesPhilippines, Asia",4262.5,785,1310,425,110,935,2025
1239,117,749,"Universitas Sam RatulangiIndonesia, Asia",4260,775,860,675,322.5,1087.5,2025
1240,51,750,"Assam Don Bosco UniversityIndia, Asia",4257.5,625,900,625,762.5,672.5,2025
1241,16,276,"Kyiv National University of Technologies and DesignUkraine, Europe",4250,615,1010,600,287.5,747.5,2025
1242,5,55,"University of LagosNigeria, Africa",4247.5,785,860,725,387.5,812.5,2025
1243,3,56,"Karatina UniversityKenya, Africa",4245,685,1075,400,325,785,2025
1244,37,147,"Centro Universitário Integrado - Integrado UniversityBrazil, Latin_america",4245,960,975,675,260,737.5,2025
1245,48,751,"KOLEJ KEMAHIRAN TINGGI MARA LEDANGMalaysia, Asia",4242.5,835,750,750,335,1037.5,2025
1246,11,752,"Bacninh College of IndustryVietnam, Asia",4232.5,570,850,500,387.5,1225,2025
1247,8,14,"Western Kentucky UniversityUSA, North_america",4230,650,855,775,425,685,2025
1248,118,753,"Universitas SurabayaIndonesia, Asia",4225,960,525,850,375,825,2025
1249,16,754,"Sarsen Amanzholov East Kazakhstan UniversityKazakhstan, Asia",4222.5,975,835,725,400,635,2025
1250,76,755,"GIFT UniversityPakistan, Asia",4217.5,585,1175,425,297.5,785,2025
1251,7,57,"Université de TunisTunisia, Africa",4217.5,845,1065,525,145,737.5,2025
1252,49,756,"Kolej Komuniti SelayangMalaysia, Asia",4212.5,585,835,750,295,1087.5,2025
1253,73,757,"City College of Cagayan de OroPhilippines, Asia",4197.5,395,865,600,550,600,2025
1254,35,277,"Novosibirsk State University Of Economics And ManagementRussia, Europe",4197.5,590,810,625,637.5,335,2025
1255,52,148,"Universidad MarianaColombia, Latin_america",4190,690,750,700,387.5,825,2025
1256,38,149,"Pontificia Universidade Catolica Do ParanáBrazil, Latin_america",4180,740,915,700,250,887.5,2025
1257,52,758,"Indian Institute of Management BangaloreIndia, Asia",4180,690,665,700,762.5,862.5,2025
1258,58,759,"Renaissance Educational UniversityUzbekistan, Asia",4157.5,570,975,600,362.5,825,2025
1259,17,760,"Korkyt Ata Kyzylorda UniversityKazakhstan, Asia",4157.5,800,840,650,220,760,2025
1260,6,58,"Ahmadu Bello UniversityNigeria, Africa",4152.5,890,925,75,750,635,2025
1261,53,761,"Bharathiar UniversityIndia, Asia",4150,925,875,525,285,1025,2025
1262,17,278,"Interregional Academy of Personnel ManagementUkraine, Europe",4145,660,725,300,210,600,2025
1263,36,279,"Ufa University of Science and TechnologyRussia, Europe",4145,465,650,800,347.5,810,2025
1264,50,762,"KOLEJ KOMUNITI BENTONGMalaysia, Asia",4140,925,620,575,460,947.5,2025
1265,30,763,"University of TehranIran, Asia",4125,735,825,600,300,875,2025
1266,119,764,"Universitas Pembangunan JayaIndonesia, Asia",4112.5,540,1085,425,400,735,2025
1267,120,765,"Politeknik Negeri LhokseumaweIndonesia, Asia",4110,590,1010,750,375,522.5,2025
1268,54,766,"Mizoram UniversityIndia, Asia",4105,865,1240,350,497.5,737.5,2025
1269,61,767,"Basra University For Oil And GasIraq, Asia",4102.5,525,750,625,537.5,950,2025
1270,18,280,"Lutsk National Technical UniversityUkraine, Europe",4097.5,705,670,450,347.5,1000,2025
1271,7,59,"Adamawa State UniversityNigeria, Africa",4092.5,740,1090,950,487.5,387.5,2025
1272,51,768,"KOLEJ KOMUNITI SEGAMAT 2Malaysia, Asia",4080,560,685,725,360,925,2025
1273,59,769,"Kokand universityUzbekistan, Asia",4072.5,610,975,575,437.5,825,2025
1274,114,281,"Tekirdağ Namik Kemal UniversityTurkiye, Europe",4067.5,735,710,850,160,947.5,2025
1275,31,770,"University of Science and CultureIran, Asia",4065,645,1150,550,525,647.5,2025
1276,11,282,"Sapientia Hungarian University Of TransylvaniaRomania, Europe",4065,930,815,750,20,850,2025
1277,74,771,"National University ManilaPhilippines, Asia",4060,475,1100,550,435,685,2025
1278,18,772,"Abylkas Saginov Karaganda Technical UniversityKazakhstan, Asia",4060,535,950,675,437.5,700,2025
1279,60,773,"Nukus Branch of the Uzbek State University of Physical Culture and SportsUzbekistan, Asia",4060,575,760,450,450,887.5,2025
1280,52,774,"Politeknik Tuanku Syed SirajuddinMalaysia, Asia",4055,585,1025,675,475,775,2025
1281,19,775,"Dulaty UniversityKazakhstan, Asia",4055,735,735,350,397.5,750,2025
1282,121,776,"Politeknik Manufaktur Negeri Bangka BelitungIndonesia, Asia",4047.5,650,790,950,622.5,735,2025
1283,77,777,"Mohammad Ali Jinnah UniversityPakistan, Asia",4042.5,635,875,450,210,460,2025
1284,115,778,"Afyonkarahisar Health Sciences UniversityTurkiye, Asia",4035,775,735,750,487.5,585,2025
1285,53,779,"INTI International UniversityMalaysia, Asia",4025,755,835,575,32.5,1037.5,2025
1286,58,780,"Rajabhat Rajanagarindra University (RRU)Thailand, Asia",4020,660,890,500,157.5,1250,2025
1287,32,60,"Arish UniversityEgypt, Africa",4020,1075,785,575,575,597.5,2025
1288,78,781,"University of SwatPakistan, Asia",4017.5,1025,1225,325,132.5,672.5,2025
1289,37,283,"Kabardino-Balkarian State University named after H.M. BerbekovRussia, Europe",4015,1000,460,425,297.5,822.5,2025
1290,79,782,"Shaheed Benazir Bhutto Women University Peshawar PakistanPakistan, Asia",4007.5,925,1125,350,57.5,960,2025
1291,53,150,"Universidad de los LlanosColombia, Latin_america",4005,650,515,825,325,850,2025
1292,116,284,"OSTIM Technical UniversityTurkiye, Europe",3997.5,415,950,400,460,997.5,2025
1293,26,151,"Instituto Politécnico NacionalMexico, Latin_america",3995,620,825,475,437.5,622.5,2025
1294,1,285,"University of MariborSlovenia, Europe",3992.5,610,660,525,487.5,785,2025
1295,122,783,"UNIVERSITAS TELOGOREJO SEMARANGIndonesia, Asia",3985,510,800,625,512.5,650,2025
1296,30,286,"Università Degli Studi Dell'Insubria Varese e ComoItaly, Europe",3980,875,610,250,20,687.5,2025
1297,32,287,"Universidad De CadizSpain, Europe",3970,215,1500,275,20,875,2025
1298,123,784,"Universitas Mercu BuanaIndonesia, Asia",3967.5,605,975,525,400,675,2025
1299,80,785,"The Government Sadiq College Women University BahawalpurPakistan, Asia",3965,410,1100,525,132.5,1250,2025
1300,54,786,"KOLEJ KEMAHIRAN TINGGI MARA LENGGONGMalaysia, Asia",3957.5,850,245,650,347.5,1137.5,2025
1301,81,787,"University of LoralaiPakistan, Asia",3955,985,1100,200,310,772.5,2025
1302,124,788,"Politeknik CaltexIndonesia, Asia",3955,485,770,650,587.5,800,2025
1303,125,789,"Universitas Dirgantara Marsekal SuryadarmaIndonesia, Asia",3950,710,960,750,500,635,2025
1304,9,790,"The State Energy Institute of TurkmenistanTurkmenistan, Asia",3950,780,760,350,210,1212.5,2025
1305,126,791,"Universitas Islam Negeri MataramIndonesia, Asia",3950,540,610,725,575,485,2025
1306,15,288,"Baku Eurasian UniversityAzerbaijan, Europe",3945,385,660,575,387.5,687.5,2025
1307,9,15,"Madonna UniversityUSA, North_america",3937.5,775,1025,775,337.5,560,2025
1308,117,792,"Adana Alparslan Türkeş Science and Technology UniversityTurkiye, Asia",3937.5,610,900,600,375,712.5,2025
1309,127,793,"Politeknik Ilmu Pelayaran MakassarIndonesia, Asia",3937.5,850,760,475,450,962.5,2025
1310,10,16,"Hofstra UniversityUSA, North_america",3937.5,885,530,1225,160,737.5,2025
1311,9,289,"Brest State A.S.Pushkin UniversityBelarus, Europe",3922.5,900,675,550,110,1075,2025
1312,17,794,"Islamic University of MadinahSaudi Arabia, Asia",3920,725,920,475,235,787.5,2025
1313,19,290,"Kremenchuk Mykhailo Ostrohradskyi National UniversityUkraine, Europe",3910,515,1150,525,20,737.5,2025
1314,5,795,"Uttara UniversityBangladesh, Asia",3907.5,650,935,325,512.5,760,2025
1315,55,796,"Kolej Kemahiran Tinggi MARA KemamanMalaysia, Asia",3895,835,640,775,185,797.5,2025
1316,128,797,"Petra Christian UniversityIndonesia, Asia",3880,470,850,700,425,622.5,2025
1317,129,798,"Politeknik Multimedia NusantaraIndonesia, Asia",3880,805,700,400,525,1062.5,2025
1318,10,799,"Turkmen state institute of FinanceTurkmenistan, Asia",3880,470,635,650,337.5,1287.5,2025
1319,54,152,"Universidad de La SalleColombia, Latin_america",3880,785,535,1325,675,210,2025
1320,1,61,"University of TripoliLibya, Africa",3875,850,835,375,95,560,2025
1321,38,291,"Platov South-Russian State Polytechnic University (NPI)Russia, Europe",3867.5,595,1125,625,225,585,2025
1322,130,800,"Universitas Pahlawan Tuanku TambusaiIndonesia, Asia",3867.5,1050,760,575,437.5,497.5,2025
1323,27,153,"Tecnológico Universitario del Valle de ChalcoMexico, Latin_america",3865,345,725,800,247.5,1375,2025
1324,20,292,"Vasyl Stefanyk Precarpathian National UniversityUkraine, Europe",3862.5,570,935,400,285,1135,2025
1325,16,293,"Azerbaijan State University of Culture and ArtsAzerbaijan, Europe",3855,610,985,200,297.5,797.5,2025
1326,39,294,"Voronezh State Technical UniversityRussia, Europe",3845,615,860,400,20,887.5,2025
1327,82,801,"Northern University, NowsheraPakistan, Asia",3835,825,1025,200,185,800,2025
1328,40,295,"Altai State UniversityRussia, Europe",3835,625,785,650,387.5,825,2025
1329,131,802,"Universitas Islam Negeri Sunan KudusIndonesia, Asia",3835,685,700,425,260,1050,2025
1330,4,154,"Universidad Autónoma de ChileChile, Latin_america",3835,275,650,900,360,1087.5,2025
1331,33,62,"Sinai UniversityEgypt, Africa",3827.5,1055,1035,250,375,672.5,2025
1332,2,155,"Universidad de PanamaPanama, Latin_america",3827.5,640,765,625,210,747.5,2025
1333,28,17,"Universidad de CaribeMexico, North_america",3817.5,710,675,850,362.5,410,2025
1334,132,803,"Universitas Pendidikan GaneshaIndonesia, Asia",3815,535,1225,325,245,760,2025
1335,55,156,"Universidad Libre de ColombiaColombia, Latin_america",3812.5,760,1200,1000,232.5,272.5,2025
1336,32,804,"Payame Noor UniversityIran, Asia",3802.5,520,1285,475,247.5,847.5,2025
1337,55,805,"Sri Padmavati Mahila Visvavidyalayam (Women's University)India, Asia",3802.5,805,975,350,322.5,725,2025
1338,62,806,"Knowledge UniversityIraq, Asia",3777.5,925,635,600,170,622.5,2025
1339,3,807,"Russian-Armenian UniversityArmenia, Asia",3767.5,760,1035,350,287.5,672.5,2025
1340,63,808,"University of TelaferIraq, Asia",3765,805,500,475,375,947.5,2025
1341,64,809,"Al-Mamoun UniversityIraq, Asia",3760,350,1200,550,450,812.5,2025
1342,133,810,"UIN Sultan Aji Muhammad Idris SamarindaIndonesia, Asia",3752.5,580,950,700,410,922.5,2025
1343,61,811,"University of Exact and Social SciencesUzbekistan, Asia",3740,675,850,425,325,862.5,2025
1344,39,157,"Unime - Lauro De FreitasBrazil, Latin_america",3740,550,825,700,250,450,2025
1345,65,812,"Mazaya University CollegeIraq, Asia",3722.5,435,805,350,347.5,810,2025
1346,134,813,"Universitas Islam Negeri Raden Mas Said SurakartaIndonesia, Asia",3717.5,435,850,1025,270,372.5,2025
1347,34,63,"Mansoura National UniversityEgypt, Africa",3717.5,445,800,675,322.5,422.5,2025
1348,41,296,"Tula State UniversityRussia, Europe",3717.5,850,470,550,232.5,687.5,2025
1349,20,814,"Alikhan Bokeikhan UniversityKazakhstan, Asia",3712.5,645,1135,350,210,660,2025
1350,62,815,"Turan International UniversityUzbekistan, Asia",3710,765,1200,475,132.5,835,2025
1351,83,816,"NFC Institute of Engineering and TechnologyPakistan, Asia",3710,565,940,275,170,847.5,2025
1352,84,817,"The University of Agriculture, Peshawar - PakistanPakistan, Asia",3705,735,800,325,170,1037.5,2025
1353,63,818,"Uzbek State University of Phycical Education And SportsUzbekistan, Asia",3700,675,1025,150,435,512.5,2025
1354,5,297,"Otto-von-Guericke Universität MagdeburgGermany, Europe",3692.5,545,865,325,95,950,2025
1355,56,819,"Jawaharlal Institute of Postgraduate Medical Education & Research (JIPMER)India, Asia",3690,760,715,1200,195,597.5,2025
1356,135,820,"Poltekkes Kemenkes TanjungkarangIndonesia, Asia",3687.5,680,710,1125,210,510,2025
1357,85,821,"Sir Syed University of Engineering and TechnologyPakistan, Asia",3685,565,965,575,257.5,435,2025
1358,33,822,"Yasouj UniversityIran, Asia",3685,690,935,575,197.5,685,2025
1359,18,823,"Al Jouf UniversitySaudi Arabia, Asia",3682.5,845,1120,225,20,297.5,2025
1360,64,824,"Bukhara State Technical UniversityUzbekistan, Asia",3680,570,925,600,222.5,662.5,2025
1361,75,825,"Sulu State CollegePhilippines, Asia",3670,750,875,375,310,772.5,2025
1362,86,826,"Kinnaird College for WomenPakistan, Asia",3667.5,420,725,650,500,460,2025
1363,1,64,"Nelson Mandela African Institution of Science & TechnologyTanzania, Africa",3667.5,1160,650,75,410,635,2025
1364,76,827,"Marikina Polytechnic CollegePhilippines, Asia",3667.5,455,645,700,220,435,2025
1365,77,828,"Occidental Mindoro State CollegePhilippines, Asia",3665,580,450,550,107.5,925,2025
1366,87,829,"MY University, IslamabadPakistan, Asia",3635,875,950,475,347.5,535,2025
1367,34,830,"Islamic Azad University Isfahan (Khorasgan) branchIran, Asia",3632.5,725,695,425,337.5,772.5,2025
1368,118,298,"Malatya Turgut Ozal UniversityTurkiye, Europe",3632.5,910,575,500,237.5,660,2025
1369,119,831,"TOBB University of Economy and TechnologyTurkiye, Asia",3632.5,760,535,475,385,850,2025
1370,40,158,"Universidade Do Extremo Sul CatarinenseBrazil, Latin_america",3627.5,620,445,500,375,775,2025
1371,1,832,"International University for Science and TechnologySyria, Asia",3622.5,800,1000,425,235,662.5,2025
1372,56,833,"KOLEJ KOMUNITI SEGAMATMalaysia, Asia",3620,665,810,750,400,110,2025
1373,35,65,"University of Sadat CityEgypt, Africa",3615,705,525,300,297.5,922.5,2025
1374,42,299,"Kazan State Medical UniversityRussia, Europe",3607.5,930,535,275,20,635,2025
1375,21,300,"Lviv State University of Life SafetyUkraine, Europe",3602.5,855,575,300,210,735,2025
1376,136,834,"Universitas WirarajaIndonesia, Asia",3595,640,870,575,297.5,547.5,2025
1377,11,159,"Universidad Biblica De Las AmericasUSA, Latin_america",3592.5,610,745,500,337.5,1012.5,2025
1378,4,66,"Mohammed V University In RabatMorocco, Africa",3580,555,840,425,247.5,697.5,2025
1379,57,835,"KOLEJ KOMUNITI KEPALA BATASMalaysia, Asia",3580,645,560,625,612.5,862.5,2025
1380,58,836,"KOLEJ KOMUNITI SUNGAI SIPUTMalaysia, Asia",3577.5,750,425,1125,170,735,2025
1381,120,301,"Hakkari UniversityTurkiye, Europe",3575,900,660,300,350,775,2025
1382,19,837,"University of JeddahSaudi Arabia, Asia",3575,695,375,800,157.5,935,2025
1383,12,302,"Valahia University of TargovisteRomania, Europe",3567.5,610,950,500,170,662.5,2025
1384,59,838,"INSTITUT KEMAHIRAN MARA TAN SRI YAHAYA AHMAD PEKAN, PAHANGMalaysia, Asia",3562.5,875,750,475,575,425,2025
1385,66,839,"Bilad Al Rafidain UniversityIraq, Asia",3560,790,1025,300,257.5,847.5,2025
1386,33,303,"Universitat De Les Illes BalearsSpain, Europe",3552.5,810,385,925,20,810,2025
1387,34,304,"Universidad Catolica San Antonio De MurciaSpain, Europe",3547.5,565,660,1050,160,510,2025
1388,65,840,"Chirchik State Pedagogical UniversityUzbekistan, Asia",3537.5,410,695,450,160,685,2025
1389,13,305,"WSB Merito University in PoznanPoland, Europe",3537.5,615,650,575,587.5,572.5,2025
1390,11,841,"TURKMEN STATE ARCHITECTURE AND CONSTRUCTION INSTITUTETurkmenistan, Asia",3535,750,710,450,337.5,762.5,2025
1391,41,160,"Associação Caruaruense de Ensino Superior e Técnico - Asces-unitaBrazil, Latin_america",3535,540,625,875,220,697.5,2025
1392,10,842,"Birzeit UniversityPalestine, Asia",3525,640,1025,400,235,635,2025
1393,13,161,"Universidad Tecnica de AmbatoEcuador, Latin_america",3522.5,515,735,700,297.5,635,2025
1394,36,67,"Menoufia UniversityEgypt, Africa",3522.5,555,710,600,260,722.5,2025
1395,2,843,"Modern College of Business and ScienceOman, Asia",3515,420,935,500,210,585,2025
1396,88,844,"Government College University FaisalabadPakistan, Asia",3510,1025,410,75,250,625,2025
1397,5,162,"Universidad De La FronteraChile, Latin_america",3507.5,740,410,375,20,1112.5,2025
1398,137,845,"Universitas Katolik SoegijapranataIndonesia, Asia",3502.5,665,715,475,285,575,2025
1399,37,68,"Galala UniversityEgypt, Africa",3500,590,860,625,350,397.5,2025
1400,6,163,"Universidad De Santiago De ChileChile, Latin_america",3495,565,910,425,122.5,597.5,2025
1401,21,846,"Almaty Technological UniversityKazakhstan, Asia",3482.5,765,710,725,20,697.5,2025
1402,13,306,"Dunarea de Jos University of GalatiRomania, Europe",3482.5,550,420,325,147.5,1237.5,2025
1403,66,847,"Tashkent Institute of Economics and PedagogyUzbekistan, Asia",3480,295,925,250,247.5,975,2025
1404,60,848,"POLITEKNIK BAGAN DATUKMalaysia, Asia",3472.5,555,275,500,435,1287.5,2025
1405,61,849,"Politeknik Ungku OmarMalaysia, Asia",3470,580,935,500,247.5,347.5,2025
1406,138,850,"Institut Bisnis dan Informatika KesatuanIndonesia, Asia",3462.5,585,1010,575,475,497.5,2025
1407,12,18,"Alamo Community CollegesUSA, North_america",3462.5,600,935,775,257.5,422.5,2025
1408,22,851,"Karaganda Medical UniversityKazakhstan, Asia",3460,475,790,375,260,710,2025
1409,67,852,"Tashkent Textile and Light Industry InstituteUzbekistan, Asia",3457.5,570,865,150,210,987.5,2025
1410,31,307,"Università di FoggiaItaly, Europe",3457.5,385,815,1025,135,260,2025
1411,78,853,"Mindanao State University - Tawi-Tawi College of Technology and OceanographyPhilippines, Asia",3457.5,525,625,500,347.5,685,2025
1412,139,854,"Universitas DinamikaIndonesia, Asia",3455,785,685,475,322.5,800,2025
1413,13,19,"Millersville University of PennsylvaniaUSA, North_america",3452.5,790,455,650,397.5,737.5,2025
1414,89,855,"Lahore Garrison UniveristyPakistan, Asia",3445,595,975,350,222.5,525,2025
1415,79,856,"Apayao State CollegePhilippines, Asia",3432.5,700,975,450,160,497.5,2025
1416,42,164,"Universidade Cidade de Sao Paulo UNICIDBrazil, Latin_america",3430,475,675,1200,85,522.5,2025
1417,43,308,"Voronezh State University of Forestry and Technologies named after G.F. MorozovRussia, Europe",3430,590,565,550,237.5,650,2025
1418,90,857,"University of RawalpindiPakistan, Asia",3427.5,680,925,425,247.5,685,2025
1419,2,858,"Damascus UniversitySyria, Asia",3420,1200,800,325,195,447.5,2025
1420,140,859,"Universitas Islam Negeri Sumatera Utara MedanIndonesia, Asia",3412.5,435,920,375,487.5,585,2025
1421,141,860,"Universitas Muhammadiyah JakartaIndonesia, Asia",3405,385,935,775,310,385,2025
1422,35,861,"University of Sistan and BaluchestanIran, Asia",3400,610,875,275,375,737.5,2025
1423,7,165,"Universidad Catolica Del NorteChile, Latin_america",3397.5,690,600,500,160,722.5,2025
1424,121,309,"Kirklareli UniversityTurkiye, Europe",3395,765,800,300,160,847.5,2025
1425,142,862,"Universitas Pendidikan NasionalIndonesia, Asia",3390,425,565,500,350,572.5,2025
1426,20,863,"Taif UniversitySaudi Arabia, Asia",3387.5,525,835,375,20,897.5,2025
1427,22,310,"Khmelnytskyi National UniversityUkraine, Europe",3387.5,485,710,525,260,485,2025
1428,2,69,"University of Education WinnebaGhana, Africa",3385,1015,510,375,247.5,497.5,2025
1429,143,864,"Universitas Dhyana PuraIndonesia, Asia",3380,350,685,500,310,685,2025
1430,14,311,"West University of TimisoaraRomania, Europe",3362.5,505,635,350,160,875,2025
1431,43,166,"Universidade Federal Do ParanaBrazil, Latin_america",3362.5,415,615,800,157.5,587.5,2025
1432,62,865,"KOLEJ KOMUNITI ROMPINMalaysia, Asia",3362.5,685,220,300,207.5,987.5,2025
1433,91,866,"University of SahiwalPakistan, Asia",3357.5,390,1250,300,120,710,2025
1434,6,167,"Universidad de FloresArgentina, Latin_america",3357.5,320,925,475,500,360,2025
1435,80,867,"COLEGIO DE MUNTINLUPAPhilippines, Asia",3350,390,990,400,472.5,1010,2025
1436,122,312,"Izmir University of EconomicsTurkiye, Europe",3350,615,660,475,487.5,747.5,2025
1437,67,868,"Al-Hadi University CollageIraq, Asia",3347.5,565,470,450,460,787.5,2025
1438,92,869,"Greenwich UniversityPakistan, Asia",3342.5,630,1525,475,20,10,2025
1439,93,870,"University of ChenabPakistan, Asia",3342.5,710,625,500,20,660,2025
1440,63,871,"POLITEKNIK MUADZAM SHAHMalaysia, Asia",3342.5,785,185,400,120,950,2025
1441,123,872,"Yaşar UniversityTurkiye, Asia",3337.5,355,485,325,512.5,635,2025
1442,1,70,"Maryam Abacha American University of NigerNiger, Africa",3332.5,750,1100,250,82.5,800,2025
1443,64,873,"INSTITUT KEMAHIRAN MARA SUNGAI PETANIMalaysia, Asia",3330,660,890,250,510,335,2025
1444,68,874,"Alsafwa University CollegeIraq, Asia",3330,560,825,500,170,712.5,2025
1445,57,875,"Maulana Abul Kalam Azad University of Technology, West BengalIndia, Asia",3330,520,750,425,500,887.5,2025
1446,144,876,"Institut Teknologi KalimantanIndonesia, Asia",3322.5,705,625,500,387.5,360,2025
1447,56,168,"Universidad Manuela BeltranColombia, Latin_america",3320,700,560,800,210,497.5,2025
1448,145,877,"UIN Kiai Ageng Muhammad Besari PonorogoIndonesia, Asia",3317.5,485,485,600,275,750,2025
1449,44,169,"Universidade Federal do AcreBrazil, Latin_america",3315,675,740,450,325,625,2025
1450,2,71,"University Centre of NaamaAlgeria, Africa",3312.5,480,835,575,210,797.5,2025
1451,81,878,"Davao del Norte State CollegePhilippines, Asia",3310,925,715,500,72.5,410,2025
1452,4,313,"Technical University of KošiceSlovakia, Europe",3307.5,465,875,725,170,572.5,2025
1453,69,879,"Uruk UniversityIraq, Asia",3300,355,1090,475,360,710,2025
1454,146,880,"Politeknik Manufaktur Negeri BandungIndonesia, Asia",3295,465,910,575,387.5,697.5,2025
1455,82,881,"Western Mindanao State UniversityPhilippines, Asia",3295,675,900,350,310,535,2025
1456,65,882,"KOLEJ KEMAHIRAN TINGGI MARA SRI GADINGMalaysia, Asia",3295,535,675,475,225,637.5,2025
1457,10,314,"Budapest University of Economics and BusinessHungary, Europe",3285,500,1050,275,185,510,2025
1458,147,883,"Sekolah Tinggi Ilmu Kesehatan Gunung Maria TomohonIndonesia, Asia",3285,595,745,575,387.5,647.5,2025
1459,70,884,"University of MashreqIraq, Asia",3267.5,875,610,500,157.5,910,2025
1460,124,315,"Tarsus UniversityTurkiye, Europe",3267.5,485,435,500,147.5,1100,2025
1461,45,170,"Instituto Federal de Educação, Ciência e Tecnologia de Minas GeraisBrazil, Latin_america",3260,470,1185,525,210,672.5,2025
1462,2,72,"Metropolitan International UniversityUganda, Africa",3260,560,760,600,270,385,2025
1463,8,171,"Universidad Andres BelloChile, Latin_america",3257.5,330,790,625,60,787.5,2025
1464,57,172,"Universidad de CartagenaColombia, Latin_america",3255,375,475,675,20,872.5,2025
1465,3,885,"Liwa UniversityUnited Arab Emirates, Asia",3252.5,395,700,425,400,610,2025
1466,83,886,"Universidad de DagupanPhilippines, Asia",3250,415,650,275,210,1150,2025
1467,9,173,"Universidad Bernardo O'HigginsChile, Latin_america",3245,735,1125,200,107.5,462.5,2025
1468,148,887,"Politeknik Negeri SemarangIndonesia, Asia",3242.5,295,1000,500,120,712.5,2025
1469,149,888,"UIN Sayyid Ali Rahmatullah TulungagungIndonesia, Asia",3242.5,505,435,775,425,662.5,2025
1470,36,889,"Ardakan UniversityIran, Asia",3232.5,635,735,500,325,397.5,2025
1471,150,890,"Universitas Safin PatiIndonesia, Asia",3230,975,735,425,160,447.5,2025
1472,125,891,"Gümüşhane UniversityTurkiye, Asia",3215,545,510,425,310,672.5,2025
1473,4,892,"Ishenaly Arabaev Kyrgyz State UniversityKyrgyzstan, Asia",3212.5,455,625,325,97.5,735,2025
1474,94,893,"University of Baltistan, SkarduPakistan, Asia",3212.5,745,425,200,182.5,747.5,2025
1475,84,894,"Ilocos Sur Polytechnic State CollegePhilippines, Asia",3202.5,475,545,500,387.5,825,2025
1476,151,895,"Universitas Dumoga KotamobaguIndonesia, Asia",3197.5,465,1075,700,107.5,372.5,2025
1477,68,896,"Shakhrisabz state pedagogical instituteUzbekistan, Asia",3192.5,570,1000,450,160,337.5,2025
1478,71,897,"University of FallujahIraq, Asia",3182.5,390,935,250,45,737.5,2025
1479,126,898,"Halic UniversityTurkiye, Asia",3180,645,650,250,387.5,947.5,2025
1480,66,899,"Kolej Komuniti Bukit Beruang, Melaka, MalaysiaMalaysia, Asia",3177.5,450,370,700,637.5,472.5,2025
1481,72,900,"Al-Mustafa University CollegeIraq, Asia",3165,660,535,600,220,697.5,2025
1482,67,901,"KOLEJ KOMUNITI GOPENGMalaysia, Asia",3160,320,825,675,20,860,2025
1483,69,902,"Institute of Agriculture and Agrotechnologies of KarakalpakstanUzbekistan, Asia",3155,800,675,600,70,335,2025
1484,152,903,"Universitas KuninganIndonesia, Asia",3155,860,525,550,107.5,512.5,2025
1485,44,316,"Kuban State Agrarian UniversityRussia, Europe",3147.5,775,435,450,250,612.5,2025
1486,3,73,"Ecole polytechnique d'architecture et d'urbanismeAlgeria, Africa",3147.5,405,425,650,272.5,935,2025
1487,2,317,"Estonian Academy of ArtsEstonia, Europe",3140,250,850,425,525,487.5,2025
1488,68,904,"College Community Tasek GelugorMalaysia, Asia",3120,795,440,400,60,950,2025
1489,153,905,"Universitas Maritim Raja Ali HajiIndonesia, Asia",3112.5,690,950,0,20,700,2025
1490,154,906,"Universitas Internasional Semen IndonesiaIndonesia, Asia",3102.5,750,580,525,210,472.5,2025
1491,5,318,"Catholic University In RužomberkuSlovakia, Europe",3092.5,245,625,1300,100,297.5,2025
1492,23,319,"National University of Water And Environmental EngineeringUkraine, Europe",3090,470,735,575,147.5,747.5,2025
1493,73,907,"Al-Zahrawi University CollegeIraq, Asia",3077.5,615,645,450,547.5,710,2025
1494,3,74,"Accra Technical UniversityGhana, Africa",3075,305,775,650,422.5,310,2025
1495,6,908,"Khulna UniversityBangladesh, Asia",3075,550,455,300,107.5,962.5,2025
1496,155,909,"LSPR Institute of Communication and BusinessIndonesia, Asia",3072.5,245,600,500,350,662.5,2025
1497,85,910,"Kings College of the PhilippinesPhilippines, Asia",3070,530,645,175,210,647.5,2025
1498,24,320,"Yaroslav Mudryi National Law UniversityUkraine, Europe",3062.5,525,575,475,210,837.5,2025
1499,156,911,"Universitas Putra BangsaIndonesia, Asia",3055,425,885,375,132.5,637.5,2025
1500,95,912,"Emerson university, MultanPakistan, Asia",3050,505,900,200,97.5,710,2025
1501,70,913,"UNIVERSITY OF INNOVATION TECHNOLOGIESUzbekistan, Asia",3032.5,355,840,375,312.5,825,2025
1502,25,321,"Poltava V.G. Korolenko National Pedagogical University (PNPU)Ukraine, Europe",3030,460,660,75,120,612.5,2025
1503,74,914,"Al-Farahidi UniversityIraq, Asia",3025,465,585,450,310,737.5,2025
1504,71,915,"Andijan State Medical InstituteUzbekistan, Asia",3020,740,685,375,170,622.5,2025
1505,11,916,"Yarmouk UniversityJordan, Asia",3015,355,875,425,185,472.5,2025
1506,4,75,"Kiambu National PolytechnicKenya, Africa",3007.5,775,700,150,307.5,547.5,2025
1507,5,76,"The Eldoret National PolytechnicKenya, Africa",3005,510,700,500,170,647.5,2025
1508,72,917,"Tashkent International University of Financial Management and TechnologiesUzbekistan, Asia",2997.5,425,800,300,387.5,685,2025
1509,8,77,"Maryam Abacha American University of Nigeria, KanoNigeria, Africa",2995,950,660,150,297.5,485,2025
1510,29,174,"Universidad Autonoma De NayaritMexico, Latin_america",2995,790,625,575,245,360,2025
1511,96,918,"University Of Health Sciences LahorePakistan, Asia",2982.5,615,1075,350,95,685,2025
1512,69,919,"POLITEKNIK BALIK PULAUMalaysia, Asia",2982.5,715,375,425,57.5,1000,2025
1513,58,920,"National Institute of Fashion Technology, BhubaneswarIndia, Asia",2970,575,775,350,222.5,700,2025
1514,26,322,"Borys Grinchenko Kyiv Metropolitan UniversityUkraine, Europe",2967.5,465,1010,200,157.5,447.5,2025
1515,127,323,"Girne American UniversityTurkiye, Europe",2947.5,470,610,125,120,997.5,2025
1516,4,78,"University of Souk AhrasAlgeria, Africa",2927.5,545,675,225,185,1075,2025
1517,32,324,"Università Telematica E-campusItaly, Europe",2927.5,695,600,200,20,660,2025
1518,46,175,"University Centre of the Federal District - BrazilBrazil, Latin_america",2925,395,600,575,307.5,335,2025
1519,128,325,"Cankaya UniversityTurkiye, Europe",2922.5,610,425,450,235,787.5,2025
1520,157,921,"Sekolah Tinggi Manajemen IpmiIndonesia, Asia",2907.5,655,550,350,187.5,512.5,2025
1521,158,922,"Institut Agama Islam Negeri LangsaIndonesia, Asia",2892.5,685,650,325,282.5,647.5,2025
1522,97,923,"Dawood University of Engineering and TechnologyPakistan, Asia",2885,715,660,75,122.5,335,2025
1523,7,176,"Universidad Catolica Santo Toribio de MogrovejoPeru, Latin_america",2877.5,520,775,300,110,347.5,2025
1524,129,326,"Harran UniversityTurkiye, Europe",2872.5,635,585,200,170,960,2025
1525,47,177,"Universidade Federal de RondonÃ³polisBrazil, Latin_america",2862.5,665,695,600,220,372.5,2025
1526,130,924,"Dogus UniversityTurkiye, Asia",2860,390,550,250,525,485,2025
1527,48,178,"Instituto Federal de Educacao, Ciencia e Tecnologia de Sao Paulo - IFSPBrazil, Latin_america",2857.5,535,625,575,247.5,435,2025
1528,159,925,"Institut Informatika dan Bisnis DarmajayaIndonesia, Asia",2855,525,610,400,82.5,522.5,2025
1529,37,926,"National University of SkillIran, Asia",2847.5,340,785,475,285,347.5,2025
1530,30,179,"Universidad Tecnológica de México - Campus AtizapánMexico, Latin_america",2842.5,560,475,925,235,487.5,2025
1531,23,927,"Kazakh National Women's Teacher Training UniversityKazakhstan, Asia",2835,760,155,225,157.5,597.5,2025
1532,160,928,"Institut Teknologi dan Bisnis Bina Sarana GlobalIndonesia, Asia",2827.5,535,900,400,157.5,562.5,2025
1533,73,929,"State Conservatory of UzbekistanUzbekistan, Asia",2815,330,625,300,310,662.5,2025
1534,75,930,"Tikrit UniversityIraq, Asia",2802.5,630,565,450,250,622.5,2025
1535,38,931,"Petroleum University of TechnologyIran, Asia",2795,730,520,275,185,735,2025
1536,58,180,"Universidad del MagdalenaColombia, Latin_america",2787.5,570,645,350,20,662.5,2025
1537,131,327,"Isik UniversityTurkiye, Europe",2787.5,715,435,275,237.5,672.5,2025
1538,98,932,"Muhammad Nawaz Sharif University Of Engineering & TechnologyPakistan, Asia",2780,665,660,0,20,710,2025
1539,161,933,"Politeknik Negeri BalikpapanIndonesia, Asia",2777.5,910,625,300,120,560,2025
1540,11,328,"Budapest Metropolitan UniversityHungary, Europe",2777.5,435,435,700,60,687.5,2025
1541,70,934,"KOLEJ KOMUNITI TEMERLOHMalaysia, Asia",2770,675,200,950,235,285,2025
1542,76,935,"Wasit UniversityIraq, Asia",2765,370,330,375,170,747.5,2025
1543,45,329,"Omsk State Technical UniversityRussia, Europe",2745,760,475,525,260,497.5,2025
1544,1,181,"Universidad Católica del UruguayUruguay, Latin_america",2740,245,785,250,200,950,2025
1545,162,936,"Politeknik Negeri PadangIndonesia, Asia",2737.5,610,795,300,120,547.5,2025
1546,163,937,"Politeknik Negeri ManadoIndonesia, Asia",2737.5,610,595,375,20,597.5,2025
1547,164,938,"Institut Agama Islam Negeri CurupIndonesia, Asia",2727.5,625,460,425,170,712.5,2025
1548,165,939,"Universitas Ngurah RaiIndonesia, Asia",2725,435,685,550,235,522.5,2025
1549,27,330,"Shupyk National Healthcare University of UkraineUkraine, Europe",2725,355,525,675,107.5,672.5,2025
1550,99,940,"Abbottabad University of Science and TechnologyPakistan, Asia",2715,595,510,25,122.5,562.5,2025
1551,1,79,"University of ParakouBenin, Africa",2710,630,610,375,132.5,647.5,2025
1552,12,331,"University of MiskolcHungary, Europe",2702.5,785,800,500,20,575,2025
1553,74,941,"Zarmed UniversityUzbekistan, Asia",2700,590,585,300,210,637.5,2025
1554,5,942,"International Higher School of MedicineKyrgyzstan, Asia",2700,600,205,550,82.5,547.5,2025
1555,100,943,"National Textile University FaisalabadPakistan, Asia",2697.5,640,750,225,20,297.5,2025
1556,75,944,"Samarkand Agroinnovations and Research UniversityUzbekistan, Asia",2697.5,425,650,450,297.5,450,2025
1557,6,945,"University of RuhunaSri Lanka, Asia",2692.5,760,650,475,60,472.5,2025
1558,77,946,"Al-Salam University CollegeIraq, Asia",2690,635,810,125,60,535,2025
1559,78,947,"University of Al-hamdaniyaIraq, Asia",2677.5,550,145,150,157.5,525,2025
1560,79,948,"Al Amara University CollegeIraq, Asia",2667.5,380,625,500,387.5,347.5,2025
1561,28,332,"Bila Tserkva National Agrarian UniversityUkraine, Europe",2662.5,530,625,375,170,250,2025
1562,166,949,"Politeknik Negeri IndramayuIndonesia, Asia",2657.5,490,775,225,157.5,597.5,2025
1563,167,950,"Universitas Teknologi Muhammadiyah JakartaIndonesia, Asia",2655,435,610,350,235,260,2025
1564,71,951,"INSTITUT KEMAHIRAN MARA BESUTMalaysia, Asia",2652.5,680,675,675,160,350,2025
1565,6,333,"University Of ZilinaSlovakia, Europe",2647.5,790,500,225,20,497.5,2025
1566,80,952,"University of KufaIraq, Asia",2640,200,445,475,297.5,647.5,2025
1567,1,182,"Pontificia Universidad Catolica Madre y MaestraDominican Republic, Latin_america",2630,725,575,375,107.5,300,2025
1568,168,953,"Politeknik Negeri LampungIndonesia, Asia",2630,495,550,575,337.5,397.5,2025
1569,2,80,"Lupane State UniversityZimbabwe, Africa",2600,515,660,500,337.5,297.5,2025
1570,169,954,"Politeknik Pertanian Negeri SamarindaIndonesia, Asia",2600,975,495,150,70,322.5,2025
1571,46,334,"Belgorod State Agricultural University named after V. Y. Gorin (Belgorod SAU)Russia, Europe",2597.5,780,710,600,220,62.5,2025
1572,14,183,"Universidad Nacional de ChimborazoEcuador, Latin_america",2597.5,425,550,200,210,710,2025
1573,72,955,"POLITEKNIK SULTAN AZLAN SHAH, BEHRANG, PERAK, MALAYSIAMalaysia, Asia",2597.5,385,510,575,270,497.5,2025
1574,73,956,"KOLEJ KOMUNITI SEBERANG JAYA (SEBERANG JAYA COMMUNITY COLLEGE)Malaysia, Asia",2592.5,490,875,300,32.5,347.5,2025
1575,74,957,"KOLEJ KOMUNITI BAYAN BARUMalaysia, Asia",2592.5,470,400,250,375,672.5,2025
1576,21,958,"AlMaarefa UniversitySaudi Arabia, Asia",2582.5,350,860,75,185,460,2025
1577,4,184,"Universidad Internacional de las AméricasCosta Rica, Latin_america",2572.5,365,525,250,160,760,2025
1578,3,335,"Paris Panthéon-Assas UniversityFrance, Europe",2560,310,865,175,335,310,2025
1579,49,185,"Instituto Federal de Educação, Ciência e Tecnologia Sul-rio-grandenseBrazil, Latin_america",2552.5,315,650,375,237.5,422.5,2025
1580,132,959,"Ted UniversityTurkiye, Asia",2545,400,510,250,425,447.5,2025
1581,170,960,"Politeknik AstraIndonesia, Asia",2542.5,430,475,500,337.5,487.5,2025
1582,133,336,"Galatasaray UniversityTurkiye, Europe",2540,370,760,300,160,737.5,2025
1583,59,961,"Udon Thani Rajabhat UniversityThailand, Asia",2540,660,360,500,145,372.5,2025
1584,1,337,"University of MostarBosnia and Herzegovina, Europe",2535,330,600,425,285,447.5,2025
1585,7,186,"Universidad Nacional De RosarioArgentina, Latin_america",2527.5,975,760,300,20,410,2025
1586,38,81,"Luxor UniversityEgypt, Africa",2512.5,785,385,225,20,575,2025
1587,13,338,"University of NyiregyhazaHungary, Europe",2507.5,335,600,475,147.5,475,2025
1588,24,339,"Kazakhstan Medical University KSPHKazakhstan, Europe",2507.5,555,335,75,120,647.5,2025
1589,12,962,"Turkmen State Pedagogical Institute named after Seyitnazar SeydiTurkmenistan, Asia",2502.5,555,375,375,250,472.5,2025
1590,50,187,"Centro Universitário MóduloBrazil, Latin_america",2495,505,295,125,107.5,860,2025
1591,86,963,"CITY COLLEGE OF SAN FERNANDO PAMPANGAPhilippines, Asia",2475,370,695,225,57.5,675,2025
1592,3,82,"Raya UniversityEthiopia, Africa",2460,550,715,0,107.5,685,2025
1593,171,964,"Universitas Prima IndonesiaIndonesia, Asia",2460,220,710,500,160,572.5,2025
1594,10,340,"Francisk Skorina Gomel State UniversityBelarus, Europe",2460,565,575,150,110,522.5,2025
1595,81,965,"Al Hikma University CollegeIraq, Asia",2455,335,550,400,210,497.5,2025
1596,82,966,"Osol AL Deen University CollegeIraq, Asia",2442.5,550,625,275,222.5,485,2025
1597,39,967,"Amol University of Special Modern TechnologiesIran, Asia",2435,355,725,300,170,460,2025
1598,1,188,"Queensland University (UQ)Haiti, Latin_america",2435,450,675,425,285,222.5,2025
1599,134,968,"Siirt UniversityTurkiye, Asia",2435,920,235,0,20,887.5,2025
1600,75,969,"UNIVERSITY COLLEGE SABAH FOUNDATIONMalaysia, Asia",2422.5,410,675,300,160,400,2025
1601,11,970,"Gaza UniversityPalestine, Asia",2417.5,570,625,150,312.5,235,2025
1602,8,189,"Universidad Nacional de HuancavelicaPeru, Latin_america",2410,470,270,325,110,610,2025
1603,40,971,"Islamic Azad University, TehranIran, Asia",2402.5,560,550,275,120,497.5,2025
1604,47,341,"Reshetnev Siberian State University of Science and TechnologyRussia, Europe",2400,535,700,325,57.5,460,2025
1605,135,342,"Cankiri Karatekin UniversityTurkiye, Europe",2395,620,435,300,147.5,622.5,2025
1606,136,972,"Alanya UniversityTurkiye, Asia",2395,565,425,400,210,447.5,2025
1607,59,973,"Yenepoya UniversityIndia, Asia",2390,435,625,375,210,360,2025
1608,29,343,"National University of PharmacyUkraine, Europe",2377.5,570,550,200,107.5,547.5,2025
1609,1,974,"Woosong University - SolBridge International School of BusinessSouth Korea, Asia",2367.5,365,410,625,85,410,2025
1610,76,975,"KOLEJ KOMUNITI HULU SELANGORMalaysia, Asia",2367.5,315,80,725,397.5,497.5,2025
1611,172,976,"Institut Teknologi IndonesiaIndonesia, Asia",2357.5,590,310,300,107.5,522.5,2025
1612,17,977,"Azerbaijan Sports AcademyAzerbaijan, Asia",2345,435,255,125,210,472.5,2025
1613,76,978,"Denau Institute of Entrepreneurship and PedagogyUzbekistan, Asia",2342.5,780,795,75,20,575,2025
1614,4,83,"Akenten Appiah-Menka University of Skills Training and Entrepreneurial DevelopmentGhana, Africa",2305,590,370,225,60,622.5,2025
1615,101,979,"Begum Nusrat Bhutto (BNB) Women University SukkurPakistan, Asia",2285,555,650,0,110,472.5,2025
1616,18,980,"Lankaran State UniversityAzerbaijan, Asia",2285,475,475,450,210,237.5,2025
1617,3,84,"Avance International UniversityUganda, Africa",2280,195,395,450,257.5,510,2025
1618,1,344,"Alte UniversityGeorgia, Europe",2265,345,625,325,20,522.5,2025
1619,3,981,"Middle East CollegeOman, Asia",2262.5,380,535,175,60,597.5,2025
1620,1,345,"Medical University - SofiaBulgaria, Europe",2260,230,645,375,257.5,550,2025
1621,3,85,"Harare Institute of TechnologyZimbabwe, Africa",2257.5,580,195,150,145,825,2025
1622,41,982,"Daneshpajoohan Pishro Higher Education InstituteIran, Asia",2255,255,310,425,197.5,685,2025
1623,42,983,"Iran University of Medical SciencesIran, Asia",2240,355,410,500,170,635,2025
1624,137,346,"Cyprus Aydin UniversityTurkiye, Europe",2222.5,470,470,325,20,412.5,2025
1625,51,190,"FACULDADES INTEGRADAS DA AMÉRICA DO SULBrazil, Latin_america",2200,655,715,150,145,322.5,2025
1626,2,86,"Central University Of Technology, Free StateSouth Africa, Africa",2200,220,535,200,247.5,610,2025
1627,173,984,"Politeknik Negeri MadiunIndonesia, Asia",2192.5,605,400,50,225,635,2025
1628,5,87,"Larbi Tebessi UniversityAlgeria, Africa",2190,495,350,100,210,597.5,2025
1629,77,985,"National Institute of Fine Art and Design named after Kamoliddin BehzodUzbekistan, Asia",2175,405,685,300,237.5,310,2025
1630,52,191,"Universidade Federal do Vale do São Francisco UNIVASFBrazil, Latin_america",2172.5,570,385,400,70,335,2025
1631,53,192,"Uniderp - Campo GrandeBrazil, Latin_america",2170,335,475,250,122.5,485,2025
1632,138,347,"Konya Technical UniversityTurkiye, Europe",2155,590,95,325,20,422.5,2025
1633,77,986,"KOLEJ KOMUNITI BALINGMalaysia, Asia",2150,105,435,400,60,700,2025
1634,102,987,"Islamia College Peshawar, PakistanPakistan, Asia",2135,650,685,375,120,272.5,2025
1635,174,988,"UIN Syekh Ali Hasan Ahmad Addary PadangsidimpuanIndonesia, Asia",2120,575,395,100,210,450,2025
1636,139,348,"İstanbul Nişantaşi UniversityTurkiye, Europe",2117.5,130,605,325,337.5,435,2025
1637,83,989,"Al-Mansour University CollegeIraq, Asia",2107.5,310,750,400,185,122.5,2025
1638,175,990,"Institut Teknologi dan Kesehatan BaliIndonesia, Asia",2105,415,295,325,20,172.5,2025
1639,87,991,"University of LuzonPhilippines, Asia",2102.5,295,435,125,497.5,210,2025
1640,84,992,"University of Information Technology and CommunicationsIraq, Asia",2097.5,195,660,100,107.5,460,2025
1641,176,993,"Universitas NurtanioIndonesia, Asia",2072.5,555,385,50,70,575,2025
1642,177,994,"POLITEKNIK NEGERI MEDANIndonesia, Asia",2067.5,420,650,75,20,600,2025
1643,54,193,"AFYA FACULDADE DE CIÊNCIAS MÉDICAS DE ITABUNABrazil, Latin_america",2065,215,770,475,282.5,210,2025
1644,6,194,"Universidad Nacional Experimental del Tachira (UNET)Venezuela, Latin_america",2052.5,575,210,125,20,622.5,2025
1645,178,995,"Politeknik Negeri CilacapIndonesia, Asia",2047.5,600,375,375,247.5,222.5,2025
1646,179,996,"Universitas WidyatamaIndonesia, Asia",2045,535,435,200,32.5,247.5,2025
1647,6,88,"University Djillali LiabesAlgeria, Africa",2032.5,495,310,50,57.5,622.5,2025
1648,103,997,"Mir Chakar Khan Rind University of TechnologyPakistan, Asia",2027.5,535,540,150,120,435,2025
1649,15,349,"Ion Mincu University of Architecture and UrbanismRomania, Europe",2025,320,270,275,210,210,2025
1650,55,195,"FSG Centro UniversitarioBrazil, Latin_america",2022.5,420,445,300,237.5,335,2025
1651,180,998,"Universitas Negeri MedanIndonesia, Asia",2015,540,710,200,20,472.5,2025
1652,181,999,"University of Palangka RayaIndonesia, Asia",2012.5,585,295,200,20,372.5,2025
1653,2,350,"International University of SarajevoBosnia and Herzegovina, Europe",1995,575,130,75,20,422.5,2025
1654,25,1000,"Asfendiyarov Kazakh National Medical UniversityKazakhstan, Asia",1985,320,335,375,170,435,2025
1655,78,1001,"Tashkent Institute Of FinanceUzbekistan, Asia",1977.5,310,775,125,147.5,472.5,2025
1656,85,1002,"Al-Qalam University CollegeIraq, Asia",1975,560,435,0,107.5,322.5,2025
1657,4,1003,"Royal University for WomenBahrain, Asia",1972.5,780,500,75,110,210,2025
1658,140,1004,"Mus Alparslan UniversityTurkiye, Asia",1967.5,620,145,325,20,560,2025
1659,182,1005,"Universitas YARSIIndonesia, Asia",1965,385,235,475,20,10,2025
1660,9,89,"Joseph Sarwuan Tarka UniversityNigeria, Africa",1960,495,435,225,20,410,2025
1661,183,1006,"Politeknik Negeri KetapangIndonesia, Asia",1945,540,410,175,250,422.5,2025
1662,60,1007,"Institute of Rural Management AnandIndia, Asia",1937.5,610,485,125,32.5,447.5,2025
1663,19,351,"Azerbaijan Technological UniversityAzerbaijan, Europe",1920,120,435,0,20,535,2025
1664,1,90,"Universidade Katyavala BwilaAngola, Africa",1917.5,695,320,0,410,347.5,2025
1665,184,1008,"Politeknik Pertanian Negeri Pangkajene KepulauanIndonesia, Asia",1912.5,680,140,25,32.5,397.5,2025
1666,11,352,"Vitebsk State Medical UniversityBelarus, Europe",1910,270,325,150,170,685,2025
1667,104,1009,"Shaheed Mohtarma Benazir Bhutto Medical UniversityPakistan, Asia",1905,275,560,0,362.5,485,2025
1668,30,353,"Ternopil National Medical UniversityUkraine, Europe",1900,545,375,0,20,397.5,2025
1669,3,354,"University of GjakovaKosovo, Europe",1897.5,305,485,25,32.5,647.5,2025
1670,5,196,"Universidad San MarcosCosta Rica, Latin_america",1885,445,385,375,20,210,2025
1671,78,1010,"Kolej Komuniti Batu PahatMalaysia, Asia",1882.5,255,875,375,20,210,2025
1672,56,197,"University Braz CubasBrazil, Latin_america",1880,450,335,100,107.5,210,2025
1673,79,1011,"KOLEJ KEMAHIRAN TINGGI MARA PETALING JAYAMalaysia, Asia",1860,210,535,525,20,235,2025
1674,48,1012,"Yugra State UniversityRussia, Asia",1852.5,380,355,75,20,485,2025
1675,185,1013,"Institut Teknologi dan Bisnis STIKOM BaliIndonesia, Asia",1850,505,135,375,120,287.5,2025
1676,26,1014,"Kokshetau University named after Abai MyrzakhmetovKazakhstan, Asia",1845,490,425,100,120,347.5,2025
1677,27,1015,"Margulan UniversityKazakhstan, Asia",1842.5,705,95,300,60,285,2025
1678,79,1016,"Asia International UniversityUzbekistan, Asia",1817.5,435,715,0,20,310,2025
1679,88,1017,"GUIMARAS STATE UNIVERSITYPhilippines, Asia",1805,130,205,775,285,297.5,2025
1680,31,355,"Kherson State Maritime AcademyUkraine, Europe",1802.5,460,475,250,20,422.5,2025
1681,186,1018,"Politeknik Kesehatan Genesis MedicareIndonesia, Asia",1797.5,320,220,275,197.5,422.5,2025
1682,57,198,"Universidade de Cuiabá Unic - Beira RioBrazil, Latin_america",1765,365,535,300,20,172.5,2025
1683,80,1019,"INSTITUT KEMAHIRAN MARA KUALA LUMPURMalaysia, Asia",1730,265,510,275,185,110,2025
1684,32,356,"King Danylo UniversityUkraine, Europe",1725,335,420,50,170,347.5,2025
1685,12,1020,"Aqaba University of TechnologyJordan, Asia",1725,740,265,75,120,272.5,2025
1686,1,91,"African Methodist Episcopal UniversityLiberia, Africa",1720,555,500,300,107.5,210,2025
1687,58,199,"Universidade do Estado do AmazonasBrazil, Latin_america",1715,460,435,125,107.5,185,2025
1688,187,1021,"Universitas Muhammadiyah PurwokertoIndonesia, Asia",1705,590,350,100,157.5,360,2025
1689,86,1022,"Al-Idrisi University CollegeIraq, Asia",1687.5,145,435,150,110,610,2025
1690,81,1023,"INSTITUT KEMAHIRAN MARA BESERI PERLISMalaysia, Asia",1677.5,675,230,250,260,160,2025
1691,3,1024,"Maaref University of Applied SciencesSyria, Asia",1667.5,405,270,150,107.5,447.5,2025
1692,59,200,"Universidade Cruzeiro do SulBrazil, Latin_america",1662.5,495,170,225,122.5,250,2025
1693,28,1025,"Zh. Tashenev UniversityKazakhstan, Asia",1640,460,535,50,72.5,210,2025
1694,188,1026,"Universitas Muhammadiyah TangerangIndonesia, Asia",1637.5,315,245,325,57.5,310,2025
1695,105,1027,"Khushal Khan Khattak University, KarakPakistan, Asia",1635,585,295,150,20,322.5,2025
1696,43,1028,"Hazrat-e Masoumeh University (HMU)Iran, Asia",1632.5,385,105,100,95,660,2025
1697,141,357,"Istanbul Yeni Yuzyil UniversityTurkiye, Europe",1630,345,245,200,57.5,660,2025
1698,6,92,"Kisii UniversityKenya, Africa",1617.5,465,260,175,122.5,185,2025
1699,33,358,"Link Campus UniversityItaly, Europe",1615,350,485,150,57.5,235,2025
1700,80,1029,"Termez Branch of Tashkent State Medical UniversityUzbekistan, Asia",1597.5,295,310,350,145,100,2025
1701,189,1030,"Universitas Nusa MandiriIndonesia, Asia",1555,450,450,150,20,110,2025
1702,2,93,"Universite de DiffaNiger, Africa",1525,360,435,125,20,335,2025
1703,10,201,"Universidad De ValparaisoChile, Latin_america",1507.5,270,205,450,20,222.5,2025
1704,82,1031,"Kolej Kemahiran Tinggi MARA RembauMalaysia, Asia",1490,690,55,100,20,350,2025
1705,83,1032,"KOLEJ KOMUNITI PADANG TERAPMalaysia, Asia",1460,395,170,0,425,447.5,2025
1706,60,1033,"Ramkhamhaeng UniversityThailand, Asia",1452.5,640,425,75,20,222.5,2025
1707,106,1034,"Aror University Art, Architecture, Design and HeritagePakistan, Asia",1450,365,425,25,120,50,2025
1708,190,1035,"Universitas BumigoraIndonesia, Asia",1432.5,155,700,200,20,285,2025
1709,61,1036,"Vongchavalitkul UniversityThailand, Asia",1420,55,460,75,110,372.5,2025
1710,29,1037,"Kazakhstan-American Free UniversityKazakhstan, Asia",1410,355,440,75,70,222.5,2025
1711,44,1038,"Arak UniversityIran, Asia",1382.5,195,535,250,220,10,2025
1712,191,1039,"Politeknik Teknologi Kimia Industri - MedanIndonesia, Asia",1365,455,485,125,20,260,2025
1713,1,94,"University of DschangCameroon, Africa",1352.5,235,460,0,20,335,2025
1714,192,1040,"Universitas Al Azhar IndonesiaIndonesia, Asia",1350,120,485,0,20,222.5,2025
1715,87,1041,"Ahl Al Bayt UniversityIraq, Asia",1307.5,340,585,0,20,260,2025
1716,15,202,"Universidad Politecnica SalesianaEcuador, Latin_america",1300,350,410,175,20,110,2025
1717,193,1042,"STIE Indonesia Banking SchoolIndonesia, Asia",1265,430,170,150,32.5,247.5,2025
1718,31,203,"Universidad del Valle de PueblaMexico, Latin_america",1262.5,285,195,75,60,372.5,2025
1719,84,1043,"KOLEJ KEMAHIRAN TINGGI MARA KUANTANMalaysia, Asia",1260,525,55,100,70,260,2025
1720,85,1044,"Institut Kemahiran MARA Kuching SarawakMalaysia, Asia",1235,235,285,175,95,272.5,2025
1721,142,1045,"Munzur ÜniversitesiTurkiye, Asia",1235,105,120,325,150,147.5,2025
1722,32,20,"Centro de Estudios para la Calidad Educativa y la Investigación Científica (CECEIC)Mexico, North_america",1222.5,325,155,200,107.5,122.5,2025
1723,30,1046,"Civil Aviation AcademyKazakhstan, Asia",1220,290,185,150,145,172.5,2025
1724,88,1047,"Ibn Sina University of Medical and Pharmaceutical SciencesIraq, Asia",1197.5,145,235,125,160,222.5,2025
1725,6,1048,"Diplomatic Academy of the Ministry of Foreign Affairs of the Kyrgyz Republic named after Kazy DikambaevKyrgyzstan, Asia",1192.5,215,410,200,20,210,2025
1726,86,1049,"INSTITUT KEMAHIRAN MARA JOHOR BAHRUMalaysia, Asia",1167.5,435,55,100,120,222.5,2025
1727,33,359,"Ivano-Frankivsk National Medical UniversityUkraine, Europe",1145,345,435,0,20,160,2025
1728,7,95,"Mount Kenya UniversityKenya, Africa",1112.5,115,205,175,145,60,2025
1729,107,1050,"Rashid Latif Khan UniversityPakistan, Asia",1102.5,120,205,50,20,560,2025
1730,87,1051,"KOLEJ KEMAHIRAN TINGGI MARA PASIR MASMalaysia, Asia",1092.5,80,560,100,57.5,272.5,2025
1731,88,1052,"Kolej Komuniti Hulu LangatMalaysia, Asia",1057.5,335,95,350,20,10,2025
1732,89,1053,"KOLEJ KOMUNITI AMPANGMalaysia, Asia",1022.5,95,385,0,20,410,2025
1733,4,1054,"Al-Zaytoonah International UniversitySyria, Asia",1022.5,195,180,0,100,372.5,2025
1734,90,1055,"INSTITUT KEMAHIRAN MARA ALOR SETARMalaysia, Asia",990,245,55,450,20,10,2025
1735,194,1056,"University of Parna RayaIndonesia, Asia",987.5,95,425,125,20,260,2025
1736,7,96,"Oran Graduate School of EconomicsAlgeria, Africa",807.5,235,145,0,20,160,2025
1737,60,204,"Centro Universitário CesucaBrazil, Latin_america",802.5,55,245,75,70,260,2025
1738,91,1057,"Institut Kemahiran MARA JasinMalaysia, Asia",787.5,450,210,0,20,10,2025
1739,195,1058,"Universitas Bhayangkara Jakarta RayaIndonesia, Asia",785,190,55,0,20,260,2025
1740,7,1059,"Bishkek State University Named After K KarasaevKyrgyzstan, Asia",712.5,185,275,0,20,210,2025
1741,1,97,"Université de Kikwit UNIKIKDemocratic Republic of Congo, Africa",712.5,455,205,0,20,10,2025
1742,89,1060,"Quezon City UniversityPhilippines, Asia",702.5,130,95,0,20,60,2025
1743,3,205,"Universidad del IstmoPanama, Latin_america",642.5,245,55,50,20,10,2025
1744,196,1061,"Sekolah Tinggi Pertanahan Nasional (STPN) YogyakartaIndonesia, Asia",372.5,265,55,0,20,10,2025
1745,49,360,"Mari State UniversityRussia, Europe",362.5,55,55,0,20,210,2025
